shader,slot,preset,type,propname,propvalue
NPR/XToon_2DRamp_Jade,Head,Depth,color,_BaseColor,1|1|1|1
NPR/XToon_2DRamp_Jade,Head,Depth,float,_RampSmoothing,0.0017
NPR/XToon_2DRamp_Jade,Head,Depth,float,_LightSensitivity,0.5
NPR/XToon_2DRamp_Jade,Head,Depth,float,_DetailMode,0
NPR/XToon_2DRamp_Jade,Head,Depth,float,_DetailBias,0
NPR/XToon_2DRamp_Jade,Head,Depth,float,_DepthNear,5
NPR/XToon_2DRamp_Jade,Head,Depth,float,_DepthFar,50
NPR/XToon_2DRamp_Jade,Head,Depth,float,_ManualDetail,0
NPR/XToon_2DRamp_Jade,Head,Depth,float,_NormalSmoothing,1
NPR/XToon_2DRamp_Jade,Head,Depth,float,_UseAbstractNormals,0.9
NPR/XToon_2DRamp_Jade,Head,Depth,color,_ShadowColor,0.25|0.25|0.35|1
NPR/XToon_2DRamp_Jade,Head,Depth,float,_ShadowStrength,0.4
NPR/XToon_2DRamp_Jade,Head,Depth,float,_LightingStrength,0.4
NPR/XToon_2DRamp_Jade,Head,Depth,color,_SpecularColor,1|1|1|1
NPR/XToon_2DRamp_Jade,Head,Depth,float,_SpecularSize,0.005
NPR/XToon_2DRamp_Jade,Head,Depth,float,_SpecularSmoothness,0.05
NPR/XToon_2DRamp_Jade,Head,Depth,float,_SpecularStrength,0.5
NPR/XToon_2DRamp_Jade,Head,Depth,float,_EnableRimLight,0
NPR/XToon_2DRamp_Jade,Head,Depth,color,_RimColor,0.408|0.408|0.408|1
NPR/XToon_2DRamp_Jade,Head,Depth,float,_RimPower,10
NPR/XToon_2DRamp_Jade,Head,Depth,float,_RimThreshold,0
NPR/XToon_2DRamp_Jade,Head,Depth,float,_RimStrength,1
NPR/XToon_2DRamp_Jade,Head,Depth,float,_EnableSobel,0
NPR/XToon_2DRamp_Jade,Head,Depth,color,_SobelEdgeColor,0|0|0|1
NPR/XToon_2DRamp_Jade,Head,Depth,float,_SobelThreshold,0.15
NPR/XToon_2DRamp_Jade,Head,Depth,float,_SobelSampleDist,1
NPR/XToon_2DRamp_Jade,Head,Depth,float,_SobelStrength,1
NPR/XToon_2DRamp_Jade,Head,Depth,color,_OutlineColor,0|0|0|1
NPR/XToon_2DRamp_Jade,Head,Depth,float,_OutlineWidth,0.005
NPR/XToon_2DRamp_Jade,Head,Depth,float,_AlphaBlend,0
NPR/XToon_2DRamp_Jade,Head,Depth,float,_AlphaCutoff,0.1
NPR/XToon_2DRamp_Jade,Head,Depth,float,_DebugMode,0
NPR/XToon_2DRamp,Head,Depth,color,_BaseColor,1|1|1|1
NPR/XToon_2DRamp,Head,Depth,float,_RampSmoothing,0.01
NPR/XToon_2DRamp,Head,Depth,float,_LightSensitivity,1
NPR/XToon_2DRamp,Head,Depth,float,_DetailMode,0
NPR/XToon_2DRamp,Head,Depth,float,_DetailBias,0.5
NPR/XToon_2DRamp,Head,Depth,float,_DepthNear,5
NPR/XToon_2DRamp,Head,Depth,float,_DepthFar,50
NPR/XToon_2DRamp,Head,Depth,float,_ManualDetail,0
NPR/XToon_2DRamp,Head,Depth,float,_NormalSmoothing,0
NPR/XToon_2DRamp,Head,Depth,float,_UseAbstractNormals,0
NPR/XToon_2DRamp,Head,Depth,color,_ShadowColor,0.25|0.25|0.35|1
NPR/XToon_2DRamp,Head,Depth,float,_ShadowStrength,0.6
NPR/XToon_2DRamp,Head,Depth,float,_LightingStrength,1
NPR/XToon_2DRamp,Head,Depth,color,_SpecularColor,1|1|1|1
NPR/XToon_2DRamp,Head,Depth,float,_SpecularSize,0.03
NPR/XToon_2DRamp,Head,Depth,float,_SpecularSmoothness,0.02
NPR/XToon_2DRamp,Head,Depth,float,_SpecularStrength,0.5
NPR/XToon_2DRamp,Head,Depth,float,_EnableRimLight,0
NPR/XToon_2DRamp,Head,Depth,color,_RimColor,1|1|1|1
NPR/XToon_2DRamp,Head,Depth,float,_RimPower,3
NPR/XToon_2DRamp,Head,Depth,float,_RimThreshold,0.1
NPR/XToon_2DRamp,Head,Depth,float,_RimStrength,0.3
NPR/XToon_2DRamp,Head,Depth,float,_EnableSobel,1
NPR/XToon_2DRamp,Head,Depth,color,_SobelEdgeColor,0|0|0|1
NPR/XToon_2DRamp,Head,Depth,float,_SobelThreshold,0.15
NPR/XToon_2DRamp,Head,Depth,float,_SobelSampleDist,1
NPR/XToon_2DRamp,Head,Depth,float,_SobelStrength,1
NPR/XToon_2DRamp,Head,Depth,color,_OutlineColor,0|0|0|1
NPR/XToon_2DRamp,Head,Depth,float,_OutlineWidth,0
NPR/XToon_2DRamp,Head,Depth,float,_AlphaBlend,0
NPR/XToon_2DRamp,Head,Depth,float,_AlphaCutoff,0.5
NPR/XToon_2DRamp,Head,Depth,float,_DebugMode,0
NPR/XToon_2DRamp,Body,Depth,color,_BaseColor,1|1|1|1
NPR/XToon_2DRamp,Body,Depth,float,_RampSmoothing,0.01
NPR/XToon_2DRamp,Body,Depth,float,_LightSensitivity,0.5
NPR/XToon_2DRamp,Body,Depth,float,_DetailMode,0
NPR/XToon_2DRamp,Body,Depth,float,_DetailBias,0
NPR/XToon_2DRamp,Body,Depth,float,_DepthNear,5
NPR/XToon_2DRamp,Body,Depth,float,_DepthFar,50
NPR/XToon_2DRamp,Body,Depth,float,_ManualDetail,0
NPR/XToon_2DRamp,Body,Depth,float,_NormalSmoothing,1
NPR/XToon_2DRamp,Body,Depth,float,_UseAbstractNormals,0.9
NPR/XToon_2DRamp,Body,Depth,color,_ShadowColor,0.25|0.25|0.35|1
NPR/XToon_2DRamp,Body,Depth,float,_ShadowStrength,0.4
NPR/XToon_2DRamp,Body,Depth,float,_LightingStrength,0.4
NPR/XToon_2DRamp,Body,Depth,color,_SpecularColor,1|1|1|1
NPR/XToon_2DRamp,Body,Depth,float,_SpecularSize,0.005
NPR/XToon_2DRamp,Body,Depth,float,_SpecularSmoothness,0.05
NPR/XToon_2DRamp,Body,Depth,float,_SpecularStrength,0.5
NPR/XToon_2DRamp,Body,Depth,float,_EnableRimLight,0
NPR/XToon_2DRamp,Body,Depth,color,_RimColor,1|1|1|1
NPR/XToon_2DRamp,Body,Depth,float,_RimPower,3
NPR/XToon_2DRamp,Body,Depth,float,_RimThreshold,0.1
NPR/XToon_2DRamp,Body,Depth,float,_RimStrength,0.3
NPR/XToon_2DRamp,Body,Depth,float,_EnableSobel,0
NPR/XToon_2DRamp,Body,Depth,color,_SobelEdgeColor,0|0|0|1
NPR/XToon_2DRamp,Body,Depth,float,_SobelThreshold,0.15
NPR/XToon_2DRamp,Body,Depth,float,_SobelSampleDist,1
NPR/XToon_2DRamp,Body,Depth,float,_SobelStrength,1
NPR/XToon_2DRamp,Body,Depth,color,_OutlineColor,0|0|0|1
NPR/XToon_2DRamp,Body,Depth,float,_OutlineWidth,0.005
NPR/XToon_2DRamp,Body,Depth,float,_AlphaBlend,0
NPR/XToon_2DRamp,Body,Depth,float,_AlphaCutoff,0.1
NPR/XToon_2DRamp,Body,Depth,float,_DebugMode,0
NPR/XToon_2DRamp,Eyelash,Depth,color,_BaseColor,1|1|1|1
NPR/XToon_2DRamp,Eyelash,Depth,float,_RampSmoothing,0.01
NPR/XToon_2DRamp,Eyelash,Depth,float,_LightSensitivity,0.5
NPR/XToon_2DRamp,Eyelash,Depth,float,_DetailMode,0
NPR/XToon_2DRamp,Eyelash,Depth,float,_DetailBias,0
NPR/XToon_2DRamp,Eyelash,Depth,float,_DepthNear,5
NPR/XToon_2DRamp,Eyelash,Depth,float,_DepthFar,50
NPR/XToon_2DRamp,Eyelash,Depth,float,_ManualDetail,0
NPR/XToon_2DRamp,Eyelash,Depth,float,_NormalSmoothing,1
NPR/XToon_2DRamp,Eyelash,Depth,float,_UseAbstractNormals,0.9
NPR/XToon_2DRamp,Eyelash,Depth,color,_ShadowColor,0.25|0.25|0.35|1
NPR/XToon_2DRamp,Eyelash,Depth,float,_ShadowStrength,0.4
NPR/XToon_2DRamp,Eyelash,Depth,float,_LightingStrength,0.4
NPR/XToon_2DRamp,Eyelash,Depth,color,_SpecularColor,1|1|1|1
NPR/XToon_2DRamp,Eyelash,Depth,float,_SpecularSize,0.005
NPR/XToon_2DRamp,Eyelash,Depth,float,_SpecularSmoothness,0.05
NPR/XToon_2DRamp,Eyelash,Depth,float,_SpecularStrength,0.5
NPR/XToon_2DRamp,Eyelash,Depth,float,_EnableRimLight,0
NPR/XToon_2DRamp,Eyelash,Depth,color,_RimColor,1|1|1|1
NPR/XToon_2DRamp,Eyelash,Depth,float,_RimPower,3
NPR/XToon_2DRamp,Eyelash,Depth,float,_RimThreshold,0.1
NPR/XToon_2DRamp,Eyelash,Depth,float,_RimStrength,0.3
NPR/XToon_2DRamp,Eyelash,Depth,float,_EnableSobel,0
NPR/XToon_2DRamp,Eyelash,Depth,color,_SobelEdgeColor,0|0|0|1
NPR/XToon_2DRamp,Eyelash,Depth,float,_SobelThreshold,0.15
NPR/XToon_2DRamp,Eyelash,Depth,float,_SobelSampleDist,1
NPR/XToon_2DRamp,Eyelash,Depth,float,_SobelStrength,1
NPR/XToon_2DRamp,Eyelash,Depth,color,_OutlineColor,0|0|0|1
NPR/XToon_2DRamp,Eyelash,Depth,float,_OutlineWidth,0.005
NPR/XToon_2DRamp,Eyelash,Depth,float,_AlphaBlend,1
NPR/XToon_2DRamp,Eyelash,Depth,float,_AlphaCutoff,0.1
NPR/XToon_2DRamp,Eyelash,Depth,float,_DebugMode,0
NPR/XToon_2DRamp,Hair,Depth,color,_BaseColor,1|1|1|1
NPR/XToon_2DRamp,Hair,Depth,float,_RampSmoothing,0.01
NPR/XToon_2DRamp,Hair,Depth,float,_LightSensitivity,0.5
NPR/XToon_2DRamp,Hair,Depth,float,_DetailMode,0
NPR/XToon_2DRamp,Hair,Depth,float,_DetailBias,0
NPR/XToon_2DRamp,Hair,Depth,float,_DepthNear,5
NPR/XToon_2DRamp,Hair,Depth,float,_DepthFar,50
NPR/XToon_2DRamp,Hair,Depth,float,_ManualDetail,0
NPR/XToon_2DRamp,Hair,Depth,float,_NormalSmoothing,1
NPR/XToon_2DRamp,Hair,Depth,float,_UseAbstractNormals,0.9
NPR/XToon_2DRamp,Hair,Depth,color,_ShadowColor,0.25|0.25|0.35|1
NPR/XToon_2DRamp,Hair,Depth,float,_ShadowStrength,0.4
NPR/XToon_2DRamp,Hair,Depth,float,_LightingStrength,0.4
NPR/XToon_2DRamp,Hair,Depth,color,_SpecularColor,1|1|1|1
NPR/XToon_2DRamp,Hair,Depth,float,_SpecularSize,0.005
NPR/XToon_2DRamp,Hair,Depth,float,_SpecularSmoothness,0.05
NPR/XToon_2DRamp,Hair,Depth,float,_SpecularStrength,0.5
NPR/XToon_2DRamp,Hair,Depth,float,_EnableRimLight,0
NPR/XToon_2DRamp,Hair,Depth,color,_RimColor,1|1|1|1
NPR/XToon_2DRamp,Hair,Depth,float,_RimPower,3
NPR/XToon_2DRamp,Hair,Depth,float,_RimThreshold,0.1
NPR/XToon_2DRamp,Hair,Depth,float,_RimStrength,0.3
NPR/XToon_2DRamp,Hair,Depth,float,_EnableSobel,0
NPR/XToon_2DRamp,Hair,Depth,color,_SobelEdgeColor,0|0|0|1
NPR/XToon_2DRamp,Hair,Depth,float,_SobelThreshold,0.15
NPR/XToon_2DRamp,Hair,Depth,float,_SobelSampleDist,1
NPR/XToon_2DRamp,Hair,Depth,float,_SobelStrength,1
NPR/XToon_2DRamp,Hair,Depth,color,_OutlineColor,0|0|0|1
NPR/XToon_2DRamp,Hair,Depth,float,_OutlineWidth,0.005
NPR/XToon_2DRamp,Hair,Depth,float,_AlphaBlend,1
NPR/XToon_2DRamp,Hair,Depth,float,_AlphaCutoff,0.1
NPR/XToon_2DRamp,Hair,Depth,float,_DebugMode,0
NPR/XToon_2DRamp,Shoe,Depth,color,_BaseColor,1|1|1|1
NPR/XToon_2DRamp,Shoe,Depth,float,_RampSmoothing,0.01
NPR/XToon_2DRamp,Shoe,Depth,float,_LightSensitivity,0.5
NPR/XToon_2DRamp,Shoe,Depth,float,_DetailMode,0
NPR/XToon_2DRamp,Shoe,Depth,float,_DetailBias,0
NPR/XToon_2DRamp,Shoe,Depth,float,_DepthNear,5
NPR/XToon_2DRamp,Shoe,Depth,float,_DepthFar,50
NPR/XToon_2DRamp,Shoe,Depth,float,_ManualDetail,0
NPR/XToon_2DRamp,Shoe,Depth,float,_NormalSmoothing,1
NPR/XToon_2DRamp,Shoe,Depth,float,_UseAbstractNormals,0.9
NPR/XToon_2DRamp,Shoe,Depth,color,_ShadowColor,0.25|0.25|0.35|1
NPR/XToon_2DRamp,Shoe,Depth,float,_ShadowStrength,0.4
NPR/XToon_2DRamp,Shoe,Depth,float,_LightingStrength,0.4
NPR/XToon_2DRamp,Shoe,Depth,color,_SpecularColor,1|1|1|1
NPR/XToon_2DRamp,Shoe,Depth,float,_SpecularSize,0.005
NPR/XToon_2DRamp,Shoe,Depth,float,_SpecularSmoothness,0.05
NPR/XToon_2DRamp,Shoe,Depth,float,_SpecularStrength,0.5
NPR/XToon_2DRamp,Shoe,Depth,float,_EnableRimLight,0
NPR/XToon_2DRamp,Shoe,Depth,color,_RimColor,1|1|1|1
NPR/XToon_2DRamp,Shoe,Depth,float,_RimPower,3
NPR/XToon_2DRamp,Shoe,Depth,float,_RimThreshold,0.1
NPR/XToon_2DRamp,Shoe,Depth,float,_RimStrength,0.3
NPR/XToon_2DRamp,Shoe,Depth,float,_EnableSobel,0
NPR/XToon_2DRamp,Shoe,Depth,color,_SobelEdgeColor,0|0|0|1
NPR/XToon_2DRamp,Shoe,Depth,float,_SobelThreshold,0.15
NPR/XToon_2DRamp,Shoe,Depth,float,_SobelSampleDist,1
NPR/XToon_2DRamp,Shoe,Depth,float,_SobelStrength,1
NPR/XToon_2DRamp,Shoe,Depth,color,_OutlineColor,0|0|0|1
NPR/XToon_2DRamp,Shoe,Depth,float,_OutlineWidth,0.005
NPR/XToon_2DRamp,Shoe,Depth,float,_AlphaBlend,0
NPR/XToon_2DRamp,Shoe,Depth,float,_AlphaCutoff,0.1
NPR/XToon_2DRamp,Shoe,Depth,float,_DebugMode,0
NPR/XToon_2DRamp_Avaturn,Look,Curvature,color,_BaseColor,1|1|1|1
NPR/XToon_2DRamp_Avaturn,Look,Curvature,float,_RampSmoothing,0.01
NPR/XToon_2DRamp_Avaturn,Look,Curvature,float,_LightSensitivity,0.5
NPR/XToon_2DRamp_Avaturn,Look,Curvature,float,_DetailMode,1
NPR/XToon_2DRamp_Avaturn,Look,Curvature,float,_DetailBias,0
NPR/XToon_2DRamp_Avaturn,Look,Curvature,float,_DepthNear,5
NPR/XToon_2DRamp_Avaturn,Look,Curvature,float,_DepthFar,50
NPR/XToon_2DRamp_Avaturn,Look,Curvature,float,_ManualDetail,0
NPR/XToon_2DRamp_Avaturn,Look,Curvature,float,_NormalSmoothing,1
NPR/XToon_2DRamp_Avaturn,Look,Curvature,float,_UseAbstractNormals,0.9
NPR/XToon_2DRamp_Avaturn,Look,Curvature,color,_ShadowColor,0.25|0.25|0.35|1
NPR/XToon_2DRamp_Avaturn,Look,Curvature,float,_ShadowStrength,0.4
NPR/XToon_2DRamp_Avaturn,Look,Curvature,float,_LightingStrength,0.4
NPR/XToon_2DRamp_Avaturn,Look,Curvature,color,_SpecularColor,1|1|1|1
NPR/XToon_2DRamp_Avaturn,Look,Curvature,float,_SpecularSize,0.005
NPR/XToon_2DRamp_Avaturn,Look,Curvature,float,_SpecularSmoothness,0.05
NPR/XToon_2DRamp_Avaturn,Look,Curvature,float,_SpecularStrength,0.5
NPR/XToon_2DRamp_Avaturn,Look,Curvature,float,_EnableRimLight,0
NPR/XToon_2DRamp_Avaturn,Look,Curvature,color,_RimColor,1|1|1|1
NPR/XToon_2DRamp_Avaturn,Look,Curvature,float,_RimPower,3
NPR/XToon_2DRamp_Avaturn,Look,Curvature,float,_RimThreshold,0.1
NPR/XToon_2DRamp_Avaturn,Look,Curvature,float,_RimStrength,0.3
NPR/XToon_2DRamp_Avaturn,Look,Curvature,float,_EnableSobel,0
NPR/XToon_2DRamp_Avaturn,Look,Curvature,color,_SobelEdgeColor,0|0|0|1
NPR/XToon_2DRamp_Avaturn,Look,Curvature,float,_SobelThreshold,0.15
NPR/XToon_2DRamp_Avaturn,Look,Curvature,float,_SobelSampleDist,1
NPR/XToon_2DRamp_Avaturn,Look,Curvature,float,_SobelStrength,1
NPR/XToon_2DRamp_Avaturn,Look,Curvature,color,_OutlineColor,0|0|0|1
NPR/XToon_2DRamp_Avaturn,Look,Curvature,float,_OutlineWidth,0.005
NPR/XToon_2DRamp_Avaturn,Look,Curvature,float,_AlphaBlend,0
NPR/XToon_2DRamp_Avaturn,Look,Curvature,float,_AlphaCutoff,0.1
NPR/XToon_2DRamp_Avaturn,Look,Curvature,float,_DebugMode,0
NPR/XToon_2DRamp_Avaturn,Shoe,Curvature,color,_BaseColor,1|1|1|1
NPR/XToon_2DRamp_Avaturn,Shoe,Curvature,float,_RampSmoothing,0.01
NPR/XToon_2DRamp_Avaturn,Shoe,Curvature,float,_LightSensitivity,0.5
NPR/XToon_2DRamp_Avaturn,Shoe,Curvature,float,_DetailMode,1
NPR/XToon_2DRamp_Avaturn,Shoe,Curvature,float,_DetailBias,0
NPR/XToon_2DRamp_Avaturn,Shoe,Curvature,float,_DepthNear,5
NPR/XToon_2DRamp_Avaturn,Shoe,Curvature,float,_DepthFar,50
NPR/XToon_2DRamp_Avaturn,Shoe,Curvature,float,_ManualDetail,0
NPR/XToon_2DRamp_Avaturn,Shoe,Curvature,float,_NormalSmoothing,1
NPR/XToon_2DRamp_Avaturn,Shoe,Curvature,float,_UseAbstractNormals,0.9
NPR/XToon_2DRamp_Avaturn,Shoe,Curvature,color,_ShadowColor,0.25|0.25|0.35|1
NPR/XToon_2DRamp_Avaturn,Shoe,Curvature,float,_ShadowStrength,0.4
NPR/XToon_2DRamp_Avaturn,Shoe,Curvature,float,_LightingStrength,0.4
NPR/XToon_2DRamp_Avaturn,Shoe,Curvature,color,_SpecularColor,1|1|1|1
NPR/XToon_2DRamp_Avaturn,Shoe,Curvature,float,_SpecularSize,0.005
NPR/XToon_2DRamp_Avaturn,Shoe,Curvature,float,_SpecularSmoothness,0.05
NPR/XToon_2DRamp_Avaturn,Shoe,Curvature,float,_SpecularStrength,0.5
NPR/XToon_2DRamp_Avaturn,Shoe,Curvature,float,_EnableRimLight,0
NPR/XToon_2DRamp_Avaturn,Shoe,Curvature,color,_RimColor,1|1|1|1
NPR/XToon_2DRamp_Avaturn,Shoe,Curvature,float,_RimPower,3
NPR/XToon_2DRamp_Avaturn,Shoe,Curvature,float,_RimThreshold,0.1
NPR/XToon_2DRamp_Avaturn,Shoe,Curvature,float,_RimStrength,0.3
NPR/XToon_2DRamp_Avaturn,Shoe,Curvature,float,_EnableSobel,0
NPR/XToon_2DRamp_Avaturn,Shoe,Curvature,color,_SobelEdgeColor,0|0|0|1
NPR/XToon_2DRamp_Avaturn,Shoe,Curvature,float,_SobelThreshold,0.15
NPR/XToon_2DRamp_Avaturn,Shoe,Curvature,float,_SobelSampleDist,1
NPR/XToon_2DRamp_Avaturn,Shoe,Curvature,float,_SobelStrength,1
NPR/XToon_2DRamp_Avaturn,Shoe,Curvature,color,_OutlineColor,0|0|0|1
NPR/XToon_2DRamp_Avaturn,Shoe,Curvature,float,_OutlineWidth,0.005
NPR/XToon_2DRamp_Avaturn,Shoe,Curvature,float,_AlphaBlend,0
NPR/XToon_2DRamp_Avaturn,Shoe,Curvature,float,_AlphaCutoff,0.1
NPR/XToon_2DRamp_Avaturn,Shoe,Curvature,float,_DebugMode,0
NPR/XToon_2DRamp_Avaturn,Hair,Curvature,color,_BaseColor,1|1|1|1
NPR/XToon_2DRamp_Avaturn,Hair,Curvature,float,_RampSmoothing,0.01
NPR/XToon_2DRamp_Avaturn,Hair,Curvature,float,_LightSensitivity,0.5
NPR/XToon_2DRamp_Avaturn,Hair,Curvature,float,_DetailMode,1
NPR/XToon_2DRamp_Avaturn,Hair,Curvature,float,_DetailBias,0
NPR/XToon_2DRamp_Avaturn,Hair,Curvature,float,_DepthNear,5
NPR/XToon_2DRamp_Avaturn,Hair,Curvature,float,_DepthFar,50
NPR/XToon_2DRamp_Avaturn,Hair,Curvature,float,_ManualDetail,0
NPR/XToon_2DRamp_Avaturn,Hair,Curvature,float,_NormalSmoothing,1
NPR/XToon_2DRamp_Avaturn,Hair,Curvature,float,_UseAbstractNormals,0.9
NPR/XToon_2DRamp_Avaturn,Hair,Curvature,color,_ShadowColor,0.25|0.25|0.35|1
NPR/XToon_2DRamp_Avaturn,Hair,Curvature,float,_ShadowStrength,0.4
NPR/XToon_2DRamp_Avaturn,Hair,Curvature,float,_LightingStrength,0.4
NPR/XToon_2DRamp_Avaturn,Hair,Curvature,color,_SpecularColor,1|1|1|1
NPR/XToon_2DRamp_Avaturn,Hair,Curvature,float,_SpecularSize,0.005
NPR/XToon_2DRamp_Avaturn,Hair,Curvature,float,_SpecularSmoothness,0.05
NPR/XToon_2DRamp_Avaturn,Hair,Curvature,float,_SpecularStrength,0.5
NPR/XToon_2DRamp_Avaturn,Hair,Curvature,float,_EnableRimLight,0
NPR/XToon_2DRamp_Avaturn,Hair,Curvature,color,_RimColor,1|1|1|1
NPR/XToon_2DRamp_Avaturn,Hair,Curvature,float,_RimPower,3
NPR/XToon_2DRamp_Avaturn,Hair,Curvature,float,_RimThreshold,0.1
NPR/XToon_2DRamp_Avaturn,Hair,Curvature,float,_RimStrength,0.3
NPR/XToon_2DRamp_Avaturn,Hair,Curvature,float,_EnableSobel,0
NPR/XToon_2DRamp_Avaturn,Hair,Curvature,color,_SobelEdgeColor,0|0|0|1
NPR/XToon_2DRamp_Avaturn,Hair,Curvature,float,_SobelThreshold,0.15
NPR/XToon_2DRamp_Avaturn,Hair,Curvature,float,_SobelSampleDist,1
NPR/XToon_2DRamp_Avaturn,Hair,Curvature,float,_SobelStrength,1
NPR/XToon_2DRamp_Avaturn,Hair,Curvature,color,_OutlineColor,0|0|0|1
NPR/XToon_2DRamp_Avaturn,Hair,Curvature,float,_OutlineWidth,0.005
NPR/XToon_2DRamp_Avaturn,Hair,Curvature,float,_AlphaBlend,1
NPR/XToon_2DRamp_Avaturn,Hair,Curvature,float,_AlphaCutoff,0.1
NPR/XToon_2DRamp_Avaturn,Hair,Curvature,float,_DebugMode,0
NPR/XToon_2DRamp_Avaturn,Eyelash,Curvature,color,_BaseColor,1|1|1|1
NPR/XToon_2DRamp_Avaturn,Eyelash,Curvature,float,_RampSmoothing,0.01
NPR/XToon_2DRamp_Avaturn,Eyelash,Curvature,float,_LightSensitivity,0.5
NPR/XToon_2DRamp_Avaturn,Eyelash,Curvature,float,_DetailMode,1
NPR/XToon_2DRamp_Avaturn,Eyelash,Curvature,float,_DetailBias,0
NPR/XToon_2DRamp_Avaturn,Eyelash,Curvature,float,_DepthNear,5
NPR/XToon_2DRamp_Avaturn,Eyelash,Curvature,float,_DepthFar,50
NPR/XToon_2DRamp_Avaturn,Eyelash,Curvature,float,_ManualDetail,0
NPR/XToon_2DRamp_Avaturn,Eyelash,Curvature,float,_NormalSmoothing,1
NPR/XToon_2DRamp_Avaturn,Eyelash,Curvature,float,_UseAbstractNormals,0.9
NPR/XToon_2DRamp_Avaturn,Eyelash,Curvature,color,_ShadowColor,0.25|0.25|0.35|1
NPR/XToon_2DRamp_Avaturn,Eyelash,Curvature,float,_ShadowStrength,0.4
NPR/XToon_2DRamp_Avaturn,Eyelash,Curvature,float,_LightingStrength,0.4
NPR/XToon_2DRamp_Avaturn,Eyelash,Curvature,color,_SpecularColor,1|1|1|1
NPR/XToon_2DRamp_Avaturn,Eyelash,Curvature,float,_SpecularSize,0.005
NPR/XToon_2DRamp_Avaturn,Eyelash,Curvature,float,_SpecularSmoothness,0.05
NPR/XToon_2DRamp_Avaturn,Eyelash,Curvature,float,_SpecularStrength,0.5
NPR/XToon_2DRamp_Avaturn,Eyelash,Curvature,float,_EnableRimLight,0
NPR/XToon_2DRamp_Avaturn,Eyelash,Curvature,color,_RimColor,1|1|1|1
NPR/XToon_2DRamp_Avaturn,Eyelash,Curvature,float,_RimPower,3
NPR/XToon_2DRamp_Avaturn,Eyelash,Curvature,float,_RimThreshold,0.1
NPR/XToon_2DRamp_Avaturn,Eyelash,Curvature,float,_RimStrength,0.3
NPR/XToon_2DRamp_Avaturn,Eyelash,Curvature,float,_EnableSobel,0
NPR/XToon_2DRamp_Avaturn,Eyelash,Curvature,color,_SobelEdgeColor,0|0|0|1
NPR/XToon_2DRamp_Avaturn,Eyelash,Curvature,float,_SobelThreshold,0.15
NPR/XToon_2DRamp_Avaturn,Eyelash,Curvature,float,_SobelSampleDist,1
NPR/XToon_2DRamp_Avaturn,Eyelash,Curvature,float,_SobelStrength,1
NPR/XToon_2DRamp_Avaturn,Eyelash,Curvature,color,_OutlineColor,0|0|0|1
NPR/XToon_2DRamp_Avaturn,Eyelash,Curvature,float,_OutlineWidth,0.005
NPR/XToon_2DRamp_Avaturn,Eyelash,Curvature,float,_AlphaBlend,1
NPR/XToon_2DRamp_Avaturn,Eyelash,Curvature,float,_AlphaCutoff,0.1
NPR/XToon_2DRamp_Avaturn,Eyelash,Curvature,float,_DebugMode,0
NPR/XToon_2DRamp_Avaturn,Body,Curvature,color,_BaseColor,1|1|1|1
NPR/XToon_2DRamp_Avaturn,Body,Curvature,float,_RampSmoothing,0.01
NPR/XToon_2DRamp_Avaturn,Body,Curvature,float,_LightSensitivity,0.5
NPR/XToon_2DRamp_Avaturn,Body,Curvature,float,_DetailMode,1
NPR/XToon_2DRamp_Avaturn,Body,Curvature,float,_DetailBias,0
NPR/XToon_2DRamp_Avaturn,Body,Curvature,float,_DepthNear,5
NPR/XToon_2DRamp_Avaturn,Body,Curvature,float,_DepthFar,50
NPR/XToon_2DRamp_Avaturn,Body,Curvature,float,_ManualDetail,0
NPR/XToon_2DRamp_Avaturn,Body,Curvature,float,_NormalSmoothing,1
NPR/XToon_2DRamp_Avaturn,Body,Curvature,float,_UseAbstractNormals,0.9
NPR/XToon_2DRamp_Avaturn,Body,Curvature,color,_ShadowColor,0.25|0.25|0.35|1
NPR/XToon_2DRamp_Avaturn,Body,Curvature,float,_ShadowStrength,0.4
NPR/XToon_2DRamp_Avaturn,Body,Curvature,float,_LightingStrength,0.4
NPR/XToon_2DRamp_Avaturn,Body,Curvature,color,_SpecularColor,1|1|1|1
NPR/XToon_2DRamp_Avaturn,Body,Curvature,float,_SpecularSize,0.005
NPR/XToon_2DRamp_Avaturn,Body,Curvature,float,_SpecularSmoothness,0.05
NPR/XToon_2DRamp_Avaturn,Body,Curvature,float,_SpecularStrength,0.5
NPR/XToon_2DRamp_Avaturn,Body,Curvature,float,_EnableRimLight,0
NPR/XToon_2DRamp_Avaturn,Body,Curvature,color,_RimColor,1|1|1|1
NPR/XToon_2DRamp_Avaturn,Body,Curvature,float,_RimPower,3
NPR/XToon_2DRamp_Avaturn,Body,Curvature,float,_RimThreshold,0.1
NPR/XToon_2DRamp_Avaturn,Body,Curvature,float,_RimStrength,0.3
NPR/XToon_2DRamp_Avaturn,Body,Curvature,float,_EnableSobel,0
NPR/XToon_2DRamp_Avaturn,Body,Curvature,color,_SobelEdgeColor,0|0|0|1
NPR/XToon_2DRamp_Avaturn,Body,Curvature,float,_SobelThreshold,0.15
NPR/XToon_2DRamp_Avaturn,Body,Curvature,float,_SobelSampleDist,1
NPR/XToon_2DRamp_Avaturn,Body,Curvature,float,_SobelStrength,1
NPR/XToon_2DRamp_Avaturn,Body,Curvature,color,_OutlineColor,0|0|0|1
NPR/XToon_2DRamp_Avaturn,Body,Curvature,float,_OutlineWidth,0.005
NPR/XToon_2DRamp_Avaturn,Body,Curvature,float,_AlphaBlend,0
NPR/XToon_2DRamp_Avaturn,Body,Curvature,float,_AlphaCutoff,0.1
NPR/XToon_2DRamp_Avaturn,Body,Curvature,float,_DebugMode,0
NPR/XToon_2DRamp_Avaturn,Look,Manual,color,_BaseColor,1|1|1|1
NPR/XToon_2DRamp_Avaturn,Look,Manual,float,_RampSmoothing,0.01
NPR/XToon_2DRamp_Avaturn,Look,Manual,float,_LightSensitivity,0.5
NPR/XToon_2DRamp_Avaturn,Look,Manual,float,_DetailMode,2
NPR/XToon_2DRamp_Avaturn,Look,Manual,float,_DetailBias,0
NPR/XToon_2DRamp_Avaturn,Look,Manual,float,_DepthNear,5
NPR/XToon_2DRamp_Avaturn,Look,Manual,float,_DepthFar,50
NPR/XToon_2DRamp_Avaturn,Look,Manual,float,_ManualDetail,0
NPR/XToon_2DRamp_Avaturn,Look,Manual,float,_NormalSmoothing,1
NPR/XToon_2DRamp_Avaturn,Look,Manual,float,_UseAbstractNormals,0.9
NPR/XToon_2DRamp_Avaturn,Look,Manual,color,_ShadowColor,0.25|0.25|0.35|1
NPR/XToon_2DRamp_Avaturn,Look,Manual,float,_ShadowStrength,0.4
NPR/XToon_2DRamp_Avaturn,Look,Manual,float,_LightingStrength,0.4
NPR/XToon_2DRamp_Avaturn,Look,Manual,color,_SpecularColor,1|1|1|1
NPR/XToon_2DRamp_Avaturn,Look,Manual,float,_SpecularSize,0.005
NPR/XToon_2DRamp_Avaturn,Look,Manual,float,_SpecularSmoothness,0.05
NPR/XToon_2DRamp_Avaturn,Look,Manual,float,_SpecularStrength,0.5
NPR/XToon_2DRamp_Avaturn,Look,Manual,float,_EnableRimLight,0
NPR/XToon_2DRamp_Avaturn,Look,Manual,color,_RimColor,1|1|1|1
NPR/XToon_2DRamp_Avaturn,Look,Manual,float,_RimPower,3
NPR/XToon_2DRamp_Avaturn,Look,Manual,float,_RimThreshold,0.1
NPR/XToon_2DRamp_Avaturn,Look,Manual,float,_RimStrength,0.3
NPR/XToon_2DRamp_Avaturn,Look,Manual,float,_EnableSobel,0
NPR/XToon_2DRamp_Avaturn,Look,Manual,color,_SobelEdgeColor,0|0|0|1
NPR/XToon_2DRamp_Avaturn,Look,Manual,float,_SobelThreshold,0.15
NPR/XToon_2DRamp_Avaturn,Look,Manual,float,_SobelSampleDist,1
NPR/XToon_2DRamp_Avaturn,Look,Manual,float,_SobelStrength,1
NPR/XToon_2DRamp_Avaturn,Look,Manual,color,_OutlineColor,0|0|0|1
NPR/XToon_2DRamp_Avaturn,Look,Manual,float,_OutlineWidth,0.005
NPR/XToon_2DRamp_Avaturn,Look,Manual,float,_AlphaBlend,0
NPR/XToon_2DRamp_Avaturn,Look,Manual,float,_AlphaCutoff,0.1
NPR/XToon_2DRamp_Avaturn,Look,Manual,float,_DebugMode,0
NPR/XToon_2DRamp_Avaturn,Shoe,Manual,color,_BaseColor,1|1|1|1
NPR/XToon_2DRamp_Avaturn,Shoe,Manual,float,_RampSmoothing,0.01
NPR/XToon_2DRamp_Avaturn,Shoe,Manual,float,_LightSensitivity,0.5
NPR/XToon_2DRamp_Avaturn,Shoe,Manual,float,_DetailMode,2
NPR/XToon_2DRamp_Avaturn,Shoe,Manual,float,_DetailBias,0
NPR/XToon_2DRamp_Avaturn,Shoe,Manual,float,_DepthNear,5
NPR/XToon_2DRamp_Avaturn,Shoe,Manual,float,_DepthFar,50
NPR/XToon_2DRamp_Avaturn,Shoe,Manual,float,_ManualDetail,0
NPR/XToon_2DRamp_Avaturn,Shoe,Manual,float,_NormalSmoothing,1
NPR/XToon_2DRamp_Avaturn,Shoe,Manual,float,_UseAbstractNormals,0.9
NPR/XToon_2DRamp_Avaturn,Shoe,Manual,color,_ShadowColor,0.25|0.25|0.35|1
NPR/XToon_2DRamp_Avaturn,Shoe,Manual,float,_ShadowStrength,0.4
NPR/XToon_2DRamp_Avaturn,Shoe,Manual,float,_LightingStrength,0.4
NPR/XToon_2DRamp_Avaturn,Shoe,Manual,color,_SpecularColor,1|1|1|1
NPR/XToon_2DRamp_Avaturn,Shoe,Manual,float,_SpecularSize,0.005
NPR/XToon_2DRamp_Avaturn,Shoe,Manual,float,_SpecularSmoothness,0.05
NPR/XToon_2DRamp_Avaturn,Shoe,Manual,float,_SpecularStrength,0.5
NPR/XToon_2DRamp_Avaturn,Shoe,Manual,float,_EnableRimLight,0
NPR/XToon_2DRamp_Avaturn,Shoe,Manual,color,_RimColor,1|1|1|1
NPR/XToon_2DRamp_Avaturn,Shoe,Manual,float,_RimPower,3
NPR/XToon_2DRamp_Avaturn,Shoe,Manual,float,_RimThreshold,0.1
NPR/XToon_2DRamp_Avaturn,Shoe,Manual,float,_RimStrength,0.3
NPR/XToon_2DRamp_Avaturn,Shoe,Manual,float,_EnableSobel,0
NPR/XToon_2DRamp_Avaturn,Shoe,Manual,color,_SobelEdgeColor,0|0|0|1
NPR/XToon_2DRamp_Avaturn,Shoe,Manual,float,_SobelThreshold,0.15
NPR/XToon_2DRamp_Avaturn,Shoe,Manual,float,_SobelSampleDist,1
NPR/XToon_2DRamp_Avaturn,Shoe,Manual,float,_SobelStrength,1
NPR/XToon_2DRamp_Avaturn,Shoe,Manual,color,_OutlineColor,0|0|0|1
NPR/XToon_2DRamp_Avaturn,Shoe,Manual,float,_OutlineWidth,0.005
NPR/XToon_2DRamp_Avaturn,Shoe,Manual,float,_AlphaBlend,0
NPR/XToon_2DRamp_Avaturn,Shoe,Manual,float,_AlphaCutoff,0.1
NPR/XToon_2DRamp_Avaturn,Shoe,Manual,float,_DebugMode,0
NPR/XToon_2DRamp_Avaturn,Hair,Manual,color,_BaseColor,1|1|1|1
NPR/XToon_2DRamp_Avaturn,Hair,Manual,float,_RampSmoothing,0.01
NPR/XToon_2DRamp_Avaturn,Hair,Manual,float,_LightSensitivity,0.5
NPR/XToon_2DRamp_Avaturn,Hair,Manual,float,_DetailMode,2
NPR/XToon_2DRamp_Avaturn,Hair,Manual,float,_DetailBias,0
NPR/XToon_2DRamp_Avaturn,Hair,Manual,float,_DepthNear,5
NPR/XToon_2DRamp_Avaturn,Hair,Manual,float,_DepthFar,50
NPR/XToon_2DRamp_Avaturn,Hair,Manual,float,_ManualDetail,0
NPR/XToon_2DRamp_Avaturn,Hair,Manual,float,_NormalSmoothing,1
NPR/XToon_2DRamp_Avaturn,Hair,Manual,float,_UseAbstractNormals,0.9
NPR/XToon_2DRamp_Avaturn,Hair,Manual,color,_ShadowColor,0.25|0.25|0.35|1
NPR/XToon_2DRamp_Avaturn,Hair,Manual,float,_ShadowStrength,0.4
NPR/XToon_2DRamp_Avaturn,Hair,Manual,float,_LightingStrength,0.4
NPR/XToon_2DRamp_Avaturn,Hair,Manual,color,_SpecularColor,1|1|1|1
NPR/XToon_2DRamp_Avaturn,Hair,Manual,float,_SpecularSize,0.005
NPR/XToon_2DRamp_Avaturn,Hair,Manual,float,_SpecularSmoothness,0.05
NPR/XToon_2DRamp_Avaturn,Hair,Manual,float,_SpecularStrength,0.5
NPR/XToon_2DRamp_Avaturn,Hair,Manual,float,_EnableRimLight,0
NPR/XToon_2DRamp_Avaturn,Hair,Manual,color,_RimColor,1|1|1|1
NPR/XToon_2DRamp_Avaturn,Hair,Manual,float,_RimPower,3
NPR/XToon_2DRamp_Avaturn,Hair,Manual,float,_RimThreshold,0.1
NPR/XToon_2DRamp_Avaturn,Hair,Manual,float,_RimStrength,0.3
NPR/XToon_2DRamp_Avaturn,Hair,Manual,float,_EnableSobel,0
NPR/XToon_2DRamp_Avaturn,Hair,Manual,color,_SobelEdgeColor,0|0|0|1
NPR/XToon_2DRamp_Avaturn,Hair,Manual,float,_SobelThreshold,0.15
NPR/XToon_2DRamp_Avaturn,Hair,Manual,float,_SobelSampleDist,1
NPR/XToon_2DRamp_Avaturn,Hair,Manual,float,_SobelStrength,1
NPR/XToon_2DRamp_Avaturn,Hair,Manual,color,_OutlineColor,0|0|0|1
NPR/XToon_2DRamp_Avaturn,Hair,Manual,float,_OutlineWidth,0.005
NPR/XToon_2DRamp_Avaturn,Hair,Manual,float,_AlphaBlend,1
NPR/XToon_2DRamp_Avaturn,Hair,Manual,float,_AlphaCutoff,0.1
NPR/XToon_2DRamp_Avaturn,Hair,Manual,float,_DebugMode,0
NPR/XToon_2DRamp_Avaturn,Head,Manual,color,_BaseColor,1|1|1|1
NPR/XToon_2DRamp_Avaturn,Head,Manual,float,_RampSmoothing,0.01
NPR/XToon_2DRamp_Avaturn,Head,Manual,float,_LightSensitivity,0.5
NPR/XToon_2DRamp_Avaturn,Head,Manual,float,_DetailMode,2
NPR/XToon_2DRamp_Avaturn,Head,Manual,float,_DetailBias,0
NPR/XToon_2DRamp_Avaturn,Head,Manual,float,_DepthNear,5
NPR/XToon_2DRamp_Avaturn,Head,Manual,float,_DepthFar,50
NPR/XToon_2DRamp_Avaturn,Head,Manual,float,_ManualDetail,0
NPR/XToon_2DRamp_Avaturn,Head,Manual,float,_NormalSmoothing,1
NPR/XToon_2DRamp_Avaturn,Head,Manual,float,_UseAbstractNormals,0.9
NPR/XToon_2DRamp_Avaturn,Head,Manual,color,_ShadowColor,0.25|0.25|0.35|1
NPR/XToon_2DRamp_Avaturn,Head,Manual,float,_ShadowStrength,0.4
NPR/XToon_2DRamp_Avaturn,Head,Manual,float,_LightingStrength,0.4
NPR/XToon_2DRamp_Avaturn,Head,Manual,color,_SpecularColor,1|1|1|1
NPR/XToon_2DRamp_Avaturn,Head,Manual,float,_SpecularSize,0.005
NPR/XToon_2DRamp_Avaturn,Head,Manual,float,_SpecularSmoothness,0.05
NPR/XToon_2DRamp_Avaturn,Head,Manual,float,_SpecularStrength,0.5
NPR/XToon_2DRamp_Avaturn,Head,Manual,float,_EnableRimLight,0
NPR/XToon_2DRamp_Avaturn,Head,Manual,color,_RimColor,1|1|1|1
NPR/XToon_2DRamp_Avaturn,Head,Manual,float,_RimPower,3
NPR/XToon_2DRamp_Avaturn,Head,Manual,float,_RimThreshold,0.1
NPR/XToon_2DRamp_Avaturn,Head,Manual,float,_RimStrength,0.3
NPR/XToon_2DRamp_Avaturn,Head,Manual,float,_EnableSobel,0
NPR/XToon_2DRamp_Avaturn,Head,Manual,color,_SobelEdgeColor,0|0|0|1
NPR/XToon_2DRamp_Avaturn,Head,Manual,float,_SobelThreshold,0.15
NPR/XToon_2DRamp_Avaturn,Head,Manual,float,_SobelSampleDist,1
NPR/XToon_2DRamp_Avaturn,Head,Manual,float,_SobelStrength,1
NPR/XToon_2DRamp_Avaturn,Head,Manual,color,_OutlineColor,0|0|0|1
NPR/XToon_2DRamp_Avaturn,Head,Manual,float,_OutlineWidth,0.005
NPR/XToon_2DRamp_Avaturn,Head,Manual,float,_AlphaBlend,0
NPR/XToon_2DRamp_Avaturn,Head,Manual,float,_AlphaCutoff,0.1
NPR/XToon_2DRamp_Avaturn,Head,Manual,float,_DebugMode,0
NPR/XToon_2DRamp_Avaturn,Eyelash,Manual,color,_BaseColor,1|1|1|1
NPR/XToon_2DRamp_Avaturn,Eyelash,Manual,float,_RampSmoothing,0.01
NPR/XToon_2DRamp_Avaturn,Eyelash,Manual,float,_LightSensitivity,0.5
NPR/XToon_2DRamp_Avaturn,Eyelash,Manual,float,_DetailMode,2
NPR/XToon_2DRamp_Avaturn,Eyelash,Manual,float,_DetailBias,0
NPR/XToon_2DRamp_Avaturn,Eyelash,Manual,float,_DepthNear,5
NPR/XToon_2DRamp_Avaturn,Eyelash,Manual,float,_DepthFar,50
NPR/XToon_2DRamp_Avaturn,Eyelash,Manual,float,_ManualDetail,0
NPR/XToon_2DRamp_Avaturn,Eyelash,Manual,float,_NormalSmoothing,1
NPR/XToon_2DRamp_Avaturn,Eyelash,Manual,float,_UseAbstractNormals,0.9
NPR/XToon_2DRamp_Avaturn,Eyelash,Manual,color,_ShadowColor,0.25|0.25|0.35|1
NPR/XToon_2DRamp_Avaturn,Eyelash,Manual,float,_ShadowStrength,0.4
NPR/XToon_2DRamp_Avaturn,Eyelash,Manual,float,_LightingStrength,0.4
NPR/XToon_2DRamp_Avaturn,Eyelash,Manual,color,_SpecularColor,1|1|1|1
NPR/XToon_2DRamp_Avaturn,Eyelash,Manual,float,_SpecularSize,0.005
NPR/XToon_2DRamp_Avaturn,Eyelash,Manual,float,_SpecularSmoothness,0.05
NPR/XToon_2DRamp_Avaturn,Eyelash,Manual,float,_SpecularStrength,0.5
NPR/XToon_2DRamp_Avaturn,Eyelash,Manual,float,_EnableRimLight,0
NPR/XToon_2DRamp_Avaturn,Eyelash,Manual,color,_RimColor,1|1|1|1
NPR/XToon_2DRamp_Avaturn,Eyelash,Manual,float,_RimPower,3
NPR/XToon_2DRamp_Avaturn,Eyelash,Manual,float,_RimThreshold,0.1
NPR/XToon_2DRamp_Avaturn,Eyelash,Manual,float,_RimStrength,0.3
NPR/XToon_2DRamp_Avaturn,Eyelash,Manual,float,_EnableSobel,0
NPR/XToon_2DRamp_Avaturn,Eyelash,Manual,color,_SobelEdgeColor,0|0|0|1
NPR/XToon_2DRamp_Avaturn,Eyelash,Manual,float,_SobelThreshold,0.15
NPR/XToon_2DRamp_Avaturn,Eyelash,Manual,float,_SobelSampleDist,1
NPR/XToon_2DRamp_Avaturn,Eyelash,Manual,float,_SobelStrength,1
NPR/XToon_2DRamp_Avaturn,Eyelash,Manual,color,_OutlineColor,0|0|0|1
NPR/XToon_2DRamp_Avaturn,Eyelash,Manual,float,_OutlineWidth,0.005
NPR/XToon_2DRamp_Avaturn,Eyelash,Manual,float,_AlphaBlend,1
NPR/XToon_2DRamp_Avaturn,Eyelash,Manual,float,_AlphaCutoff,0.1
NPR/XToon_2DRamp_Avaturn,Eyelash,Manual,float,_DebugMode,0
NPR/XToon_2DRamp_Avaturn,Body,Manual,color,_BaseColor,1|1|1|1
NPR/XToon_2DRamp_Avaturn,Body,Manual,float,_RampSmoothing,0.01
NPR/XToon_2DRamp_Avaturn,Body,Manual,float,_LightSensitivity,0.5
NPR/XToon_2DRamp_Avaturn,Body,Manual,float,_DetailMode,2
NPR/XToon_2DRamp_Avaturn,Body,Manual,float,_DetailBias,0
NPR/XToon_2DRamp_Avaturn,Body,Manual,float,_DepthNear,5
NPR/XToon_2DRamp_Avaturn,Body,Manual,float,_DepthFar,50
NPR/XToon_2DRamp_Avaturn,Body,Manual,float,_ManualDetail,0
NPR/XToon_2DRamp_Avaturn,Body,Manual,float,_NormalSmoothing,1
NPR/XToon_2DRamp_Avaturn,Body,Manual,float,_UseAbstractNormals,0.9
NPR/XToon_2DRamp_Avaturn,Body,Manual,color,_ShadowColor,0.25|0.25|0.35|1
NPR/XToon_2DRamp_Avaturn,Body,Manual,float,_ShadowStrength,0.4
NPR/XToon_2DRamp_Avaturn,Body,Manual,float,_LightingStrength,0.4
NPR/XToon_2DRamp_Avaturn,Body,Manual,color,_SpecularColor,1|1|1|1
NPR/XToon_2DRamp_Avaturn,Body,Manual,float,_SpecularSize,0.005
NPR/XToon_2DRamp_Avaturn,Body,Manual,float,_SpecularSmoothness,0.05
NPR/XToon_2DRamp_Avaturn,Body,Manual,float,_SpecularStrength,0.5
NPR/XToon_2DRamp_Avaturn,Body,Manual,float,_EnableRimLight,0
NPR/XToon_2DRamp_Avaturn,Body,Manual,color,_RimColor,1|1|1|1
NPR/XToon_2DRamp_Avaturn,Body,Manual,float,_RimPower,3
NPR/XToon_2DRamp_Avaturn,Body,Manual,float,_RimThreshold,0.1
NPR/XToon_2DRamp_Avaturn,Body,Manual,float,_RimStrength,0.3
NPR/XToon_2DRamp_Avaturn,Body,Manual,float,_EnableSobel,0
NPR/XToon_2DRamp_Avaturn,Body,Manual,color,_SobelEdgeColor,0|0|0|1
NPR/XToon_2DRamp_Avaturn,Body,Manual,float,_SobelThreshold,0.15
NPR/XToon_2DRamp_Avaturn,Body,Manual,float,_SobelSampleDist,1
NPR/XToon_2DRamp_Avaturn,Body,Manual,float,_SobelStrength,1
NPR/XToon_2DRamp_Avaturn,Body,Manual,color,_OutlineColor,0|0|0|1
NPR/XToon_2DRamp_Avaturn,Body,Manual,float,_OutlineWidth,0.005
NPR/XToon_2DRamp_Avaturn,Body,Manual,float,_AlphaBlend,0
NPR/XToon_2DRamp_Avaturn,Body,Manual,float,_AlphaCutoff,0.1
NPR/XToon_2DRamp_Avaturn,Body,Manual,float,_DebugMode,0
NPR/XToon_2DRamp_Jade,Look,Depth,color,_BaseColor,1|1|1|1
NPR/XToon_2DRamp_Jade,Look,Depth,float,_RampSmoothing,0.0017
NPR/XToon_2DRamp_Jade,Look,Depth,float,_LightSensitivity,0.5
NPR/XToon_2DRamp_Jade,Look,Depth,float,_DetailMode,0
NPR/XToon_2DRamp_Jade,Look,Depth,float,_DetailBias,0
NPR/XToon_2DRamp_Jade,Look,Depth,float,_DepthNear,5
NPR/XToon_2DRamp_Jade,Look,Depth,float,_DepthFar,50
NPR/XToon_2DRamp_Jade,Look,Depth,float,_ManualDetail,0
NPR/XToon_2DRamp_Jade,Look,Depth,float,_NormalSmoothing,1
NPR/XToon_2DRamp_Jade,Look,Depth,float,_UseAbstractNormals,0.9
NPR/XToon_2DRamp_Jade,Look,Depth,color,_ShadowColor,0.25|0.25|0.35|1
NPR/XToon_2DRamp_Jade,Look,Depth,float,_ShadowStrength,0.4
NPR/XToon_2DRamp_Jade,Look,Depth,float,_LightingStrength,0.4
NPR/XToon_2DRamp_Jade,Look,Depth,color,_SpecularColor,1|1|1|1
NPR/XToon_2DRamp_Jade,Look,Depth,float,_SpecularSize,0.005
NPR/XToon_2DRamp_Jade,Look,Depth,float,_SpecularSmoothness,0.05
NPR/XToon_2DRamp_Jade,Look,Depth,float,_SpecularStrength,0.5
NPR/XToon_2DRamp_Jade,Look,Depth,float,_EnableRimLight,0
NPR/XToon_2DRamp_Jade,Look,Depth,color,_RimColor,0.408|0.408|0.408|1
NPR/XToon_2DRamp_Jade,Look,Depth,float,_RimPower,10
NPR/XToon_2DRamp_Jade,Look,Depth,float,_RimThreshold,0
NPR/XToon_2DRamp_Jade,Look,Depth,float,_RimStrength,1
NPR/XToon_2DRamp_Jade,Look,Depth,float,_EnableSobel,0
NPR/XToon_2DRamp_Jade,Look,Depth,color,_SobelEdgeColor,0|0|0|1
NPR/XToon_2DRamp_Jade,Look,Depth,float,_SobelThreshold,0.15
NPR/XToon_2DRamp_Jade,Look,Depth,float,_SobelSampleDist,1
NPR/XToon_2DRamp_Jade,Look,Depth,float,_SobelStrength,1
NPR/XToon_2DRamp_Jade,Look,Depth,color,_OutlineColor,0|0|0|1
NPR/XToon_2DRamp_Jade,Look,Depth,float,_OutlineWidth,0.005
NPR/XToon_2DRamp_Jade,Look,Depth,float,_AlphaBlend,0
NPR/XToon_2DRamp_Jade,Look,Depth,float,_AlphaCutoff,0.1
NPR/XToon_2DRamp_Jade,Look,Depth,float,_DebugMode,0
NPR/XToon_2DRamp_Jade,Body,Depth,color,_BaseColor,1|1|1|1
NPR/XToon_2DRamp_Jade,Body,Depth,float,_RampSmoothing,0.0017
NPR/XToon_2DRamp_Jade,Body,Depth,float,_LightSensitivity,0.5
NPR/XToon_2DRamp_Jade,Body,Depth,float,_DetailMode,0
NPR/XToon_2DRamp_Jade,Body,Depth,float,_DetailBias,0
NPR/XToon_2DRamp_Jade,Body,Depth,float,_DepthNear,5
NPR/XToon_2DRamp_Jade,Body,Depth,float,_DepthFar,50
NPR/XToon_2DRamp_Jade,Body,Depth,float,_ManualDetail,0
NPR/XToon_2DRamp_Jade,Body,Depth,float,_NormalSmoothing,1
NPR/XToon_2DRamp_Jade,Body,Depth,float,_UseAbstractNormals,0.9
NPR/XToon_2DRamp_Jade,Body,Depth,color,_ShadowColor,0.25|0.25|0.35|1
NPR/XToon_2DRamp_Jade,Body,Depth,float,_ShadowStrength,0.4
NPR/XToon_2DRamp_Jade,Body,Depth,float,_LightingStrength,0.4
NPR/XToon_2DRamp_Jade,Body,Depth,color,_SpecularColor,1|1|1|1
NPR/XToon_2DRamp_Jade,Body,Depth,float,_SpecularSize,0.005
NPR/XToon_2DRamp_Jade,Body,Depth,float,_SpecularSmoothness,0.05
NPR/XToon_2DRamp_Jade,Body,Depth,float,_SpecularStrength,0.5
NPR/XToon_2DRamp_Jade,Body,Depth,float,_EnableRimLight,0
NPR/XToon_2DRamp_Jade,Body,Depth,color,_RimColor,0.408|0.408|0.408|1
NPR/XToon_2DRamp_Jade,Body,Depth,float,_RimPower,10
NPR/XToon_2DRamp_Jade,Body,Depth,float,_RimThreshold,0
NPR/XToon_2DRamp_Jade,Body,Depth,float,_RimStrength,1
NPR/XToon_2DRamp_Jade,Body,Depth,float,_EnableSobel,0
NPR/XToon_2DRamp_Jade,Body,Depth,color,_SobelEdgeColor,0|0|0|1
NPR/XToon_2DRamp_Jade,Body,Depth,float,_SobelThreshold,0.15
NPR/XToon_2DRamp_Jade,Body,Depth,float,_SobelSampleDist,1
NPR/XToon_2DRamp_Jade,Body,Depth,float,_SobelStrength,1
NPR/XToon_2DRamp_Jade,Body,Depth,color,_OutlineColor,0|0|0|1
NPR/XToon_2DRamp_Jade,Body,Depth,float,_OutlineWidth,0.005
NPR/XToon_2DRamp_Jade,Body,Depth,float,_AlphaBlend,0
NPR/XToon_2DRamp_Jade,Body,Depth,float,_AlphaCutoff,0.1
NPR/XToon_2DRamp_Jade,Body,Depth,float,_DebugMode,0
NPR/XToon_2DRamp_Jade,Eyelash,Depth,color,_BaseColor,1|1|1|1
NPR/XToon_2DRamp_Jade,Eyelash,Depth,float,_RampSmoothing,0.0017
NPR/XToon_2DRamp_Jade,Eyelash,Depth,float,_LightSensitivity,0.5
NPR/XToon_2DRamp_Jade,Eyelash,Depth,float,_DetailMode,0
NPR/XToon_2DRamp_Jade,Eyelash,Depth,float,_DetailBias,0
NPR/XToon_2DRamp_Jade,Eyelash,Depth,float,_DepthNear,5
NPR/XToon_2DRamp_Jade,Eyelash,Depth,float,_DepthFar,50
NPR/XToon_2DRamp_Jade,Eyelash,Depth,float,_ManualDetail,0
NPR/XToon_2DRamp_Jade,Eyelash,Depth,float,_NormalSmoothing,1
NPR/XToon_2DRamp_Jade,Eyelash,Depth,float,_UseAbstractNormals,0.9
NPR/XToon_2DRamp_Jade,Eyelash,Depth,color,_ShadowColor,0.25|0.25|0.35|1
NPR/XToon_2DRamp_Jade,Eyelash,Depth,float,_ShadowStrength,0.4
NPR/XToon_2DRamp_Jade,Eyelash,Depth,float,_LightingStrength,0.4
NPR/XToon_2DRamp_Jade,Eyelash,Depth,color,_SpecularColor,1|1|1|1
NPR/XToon_2DRamp_Jade,Eyelash,Depth,float,_SpecularSize,0.005
NPR/XToon_2DRamp_Jade,Eyelash,Depth,float,_SpecularSmoothness,0.05
NPR/XToon_2DRamp_Jade,Eyelash,Depth,float,_SpecularStrength,0.5
NPR/XToon_2DRamp_Jade,Eyelash,Depth,float,_EnableRimLight,0
NPR/XToon_2DRamp_Jade,Eyelash,Depth,color,_RimColor,0.408|0.408|0.408|1
NPR/XToon_2DRamp_Jade,Eyelash,Depth,float,_RimPower,10
NPR/XToon_2DRamp_Jade,Eyelash,Depth,float,_RimThreshold,0
NPR/XToon_2DRamp_Jade,Eyelash,Depth,float,_RimStrength,1
NPR/XToon_2DRamp_Jade,Eyelash,Depth,float,_EnableSobel,0
NPR/XToon_2DRamp_Jade,Eyelash,Depth,color,_SobelEdgeColor,0|0|0|1
NPR/XToon_2DRamp_Jade,Eyelash,Depth,float,_SobelThreshold,0.15
NPR/XToon_2DRamp_Jade,Eyelash,Depth,float,_SobelSampleDist,1
NPR/XToon_2DRamp_Jade,Eyelash,Depth,float,_SobelStrength,1
NPR/XToon_2DRamp_Jade,Eyelash,Depth,color,_OutlineColor,0|0|0|1
NPR/XToon_2DRamp_Jade,Eyelash,Depth,float,_OutlineWidth,0.005
NPR/XToon_2DRamp_Jade,Eyelash,Depth,float,_AlphaBlend,1
NPR/XToon_2DRamp_Jade,Eyelash,Depth,float,_AlphaCutoff,0.1
NPR/XToon_2DRamp_Jade,Eyelash,Depth,float,_DebugMode,0
NPR/XToon_2DRamp_Jade,Hair,Depth,color,_BaseColor,1|1|1|1
NPR/XToon_2DRamp_Jade,Hair,Depth,float,_RampSmoothing,0.0017
NPR/XToon_2DRamp_Jade,Hair,Depth,float,_LightSensitivity,0.5
NPR/XToon_2DRamp_Jade,Hair,Depth,float,_DetailMode,0
NPR/XToon_2DRamp_Jade,Hair,Depth,float,_DetailBias,0
NPR/XToon_2DRamp_Jade,Hair,Depth,float,_DepthNear,5
NPR/XToon_2DRamp_Jade,Hair,Depth,float,_DepthFar,50
NPR/XToon_2DRamp_Jade,Hair,Depth,float,_ManualDetail,0
NPR/XToon_2DRamp_Jade,Hair,Depth,float,_NormalSmoothing,1
NPR/XToon_2DRamp_Jade,Hair,Depth,float,_UseAbstractNormals,0.9
NPR/XToon_2DRamp_Jade,Hair,Depth,color,_ShadowColor,0.25|0.25|0.35|1
NPR/XToon_2DRamp_Jade,Hair,Depth,float,_ShadowStrength,0.4
NPR/XToon_2DRamp_Jade,Hair,Depth,float,_LightingStrength,0.4
NPR/XToon_2DRamp_Jade,Hair,Depth,color,_SpecularColor,1|1|1|1
NPR/XToon_2DRamp_Jade,Hair,Depth,float,_SpecularSize,0.005
NPR/XToon_2DRamp_Jade,Hair,Depth,float,_SpecularSmoothness,0.05
NPR/XToon_2DRamp_Jade,Hair,Depth,float,_SpecularStrength,0.5
NPR/XToon_2DRamp_Jade,Hair,Depth,float,_EnableRimLight,0
NPR/XToon_2DRamp_Jade,Hair,Depth,color,_RimColor,0.408|0.408|0.408|1
NPR/XToon_2DRamp_Jade,Hair,Depth,float,_RimPower,10
NPR/XToon_2DRamp_Jade,Hair,Depth,float,_RimThreshold,0
NPR/XToon_2DRamp_Jade,Hair,Depth,float,_RimStrength,1
NPR/XToon_2DRamp_Jade,Hair,Depth,float,_EnableSobel,0
NPR/XToon_2DRamp_Jade,Hair,Depth,color,_SobelEdgeColor,0|0|0|1
NPR/XToon_2DRamp_Jade,Hair,Depth,float,_SobelThreshold,0.15
NPR/XToon_2DRamp_Jade,Hair,Depth,float,_SobelSampleDist,1
NPR/XToon_2DRamp_Jade,Hair,Depth,float,_SobelStrength,1
NPR/XToon_2DRamp_Jade,Hair,Depth,color,_OutlineColor,0|0|0|1
NPR/XToon_2DRamp_Jade,Hair,Depth,float,_OutlineWidth,0.005
NPR/XToon_2DRamp_Jade,Hair,Depth,float,_AlphaBlend,1
NPR/XToon_2DRamp_Jade,Hair,Depth,float,_AlphaCutoff,0.1
NPR/XToon_2DRamp_Jade,Hair,Depth,float,_DebugMode,0
NPR/XToon_2DRamp_Jade,Body,Curvature,color,_BaseColor,1|1|1|1
NPR/XToon_2DRamp_Jade,Body,Curvature,float,_RampSmoothing,0.0017
NPR/XToon_2DRamp_Jade,Body,Curvature,float,_LightSensitivity,0.5
NPR/XToon_2DRamp_Jade,Body,Curvature,float,_DetailMode,1
NPR/XToon_2DRamp_Jade,Body,Curvature,float,_DetailBias,0
NPR/XToon_2DRamp_Jade,Body,Curvature,float,_DepthNear,5
NPR/XToon_2DRamp_Jade,Body,Curvature,float,_DepthFar,50
NPR/XToon_2DRamp_Jade,Body,Curvature,float,_ManualDetail,0
NPR/XToon_2DRamp_Jade,Body,Curvature,float,_NormalSmoothing,1
NPR/XToon_2DRamp_Jade,Body,Curvature,float,_UseAbstractNormals,0.9
NPR/XToon_2DRamp_Jade,Body,Curvature,color,_ShadowColor,0.25|0.25|0.35|1
NPR/XToon_2DRamp_Jade,Body,Curvature,float,_ShadowStrength,0.4
NPR/XToon_2DRamp_Jade,Body,Curvature,float,_LightingStrength,0.4
NPR/XToon_2DRamp_Jade,Body,Curvature,color,_SpecularColor,1|1|1|1
NPR/XToon_2DRamp_Jade,Body,Curvature,float,_SpecularSize,0.005
NPR/XToon_2DRamp_Jade,Body,Curvature,float,_SpecularSmoothness,0.05
NPR/XToon_2DRamp_Jade,Body,Curvature,float,_SpecularStrength,0.5
NPR/XToon_2DRamp_Jade,Body,Curvature,float,_EnableRimLight,0
NPR/XToon_2DRamp_Jade,Body,Curvature,color,_RimColor,0.408|0.408|0.408|1
NPR/XToon_2DRamp_Jade,Body,Curvature,float,_RimPower,10
NPR/XToon_2DRamp_Jade,Body,Curvature,float,_RimThreshold,0
NPR/XToon_2DRamp_Jade,Body,Curvature,float,_RimStrength,1
NPR/XToon_2DRamp_Jade,Body,Curvature,float,_EnableSobel,0
NPR/XToon_2DRamp_Jade,Body,Curvature,color,_SobelEdgeColor,0|0|0|1
NPR/XToon_2DRamp_Jade,Body,Curvature,float,_SobelThreshold,0.15
NPR/XToon_2DRamp_Jade,Body,Curvature,float,_SobelSampleDist,1
NPR/XToon_2DRamp_Jade,Body,Curvature,float,_SobelStrength,1
NPR/XToon_2DRamp_Jade,Body,Curvature,color,_OutlineColor,0|0|0|1
NPR/XToon_2DRamp_Jade,Body,Curvature,float,_OutlineWidth,0.005
NPR/XToon_2DRamp_Jade,Body,Curvature,float,_AlphaBlend,0
NPR/XToon_2DRamp_Jade,Body,Curvature,float,_AlphaCutoff,0.1
NPR/XToon_2DRamp_Jade,Body,Curvature,float,_DebugMode,0
NPR/XToon_2DRamp_Jade,Eyelash,Curvature,color,_BaseColor,1|1|1|1
NPR/XToon_2DRamp_Jade,Eyelash,Curvature,float,_RampSmoothing,0.0017
NPR/XToon_2DRamp_Jade,Eyelash,Curvature,float,_LightSensitivity,0.5
NPR/XToon_2DRamp_Jade,Eyelash,Curvature,float,_DetailMode,1
NPR/XToon_2DRamp_Jade,Eyelash,Curvature,float,_DetailBias,0
NPR/XToon_2DRamp_Jade,Eyelash,Curvature,float,_DepthNear,5
NPR/XToon_2DRamp_Jade,Eyelash,Curvature,float,_DepthFar,50
NPR/XToon_2DRamp_Jade,Eyelash,Curvature,float,_ManualDetail,0
NPR/XToon_2DRamp_Jade,Eyelash,Curvature,float,_NormalSmoothing,1
NPR/XToon_2DRamp_Jade,Eyelash,Curvature,float,_UseAbstractNormals,0.9
NPR/XToon_2DRamp_Jade,Eyelash,Curvature,color,_ShadowColor,0.25|0.25|0.35|1
NPR/XToon_2DRamp_Jade,Eyelash,Curvature,float,_ShadowStrength,0.4
NPR/XToon_2DRamp_Jade,Eyelash,Curvature,float,_LightingStrength,0.4
NPR/XToon_2DRamp_Jade,Eyelash,Curvature,color,_SpecularColor,1|1|1|1
NPR/XToon_2DRamp_Jade,Eyelash,Curvature,float,_SpecularSize,0.005
NPR/XToon_2DRamp_Jade,Eyelash,Curvature,float,_SpecularSmoothness,0.05
NPR/XToon_2DRamp_Jade,Eyelash,Curvature,float,_SpecularStrength,0.5
NPR/XToon_2DRamp_Jade,Eyelash,Curvature,float,_EnableRimLight,0
NPR/XToon_2DRamp_Jade,Eyelash,Curvature,color,_RimColor,0.408|0.408|0.408|1
NPR/XToon_2DRamp_Jade,Eyelash,Curvature,float,_RimPower,10
NPR/XToon_2DRamp_Jade,Eyelash,Curvature,float,_RimThreshold,0
NPR/XToon_2DRamp_Jade,Eyelash,Curvature,float,_RimStrength,1
NPR/XToon_2DRamp_Jade,Eyelash,Curvature,float,_EnableSobel,0
NPR/XToon_2DRamp_Jade,Eyelash,Curvature,color,_SobelEdgeColor,0|0|0|1
NPR/XToon_2DRamp_Jade,Eyelash,Curvature,float,_SobelThreshold,0.15
NPR/XToon_2DRamp_Jade,Eyelash,Curvature,float,_SobelSampleDist,1
NPR/XToon_2DRamp_Jade,Eyelash,Curvature,float,_SobelStrength,1
NPR/XToon_2DRamp_Jade,Eyelash,Curvature,color,_OutlineColor,0|0|0|1
NPR/XToon_2DRamp_Jade,Eyelash,Curvature,float,_OutlineWidth,0.005
NPR/XToon_2DRamp_Jade,Eyelash,Curvature,float,_AlphaBlend,1
NPR/XToon_2DRamp_Jade,Eyelash,Curvature,float,_AlphaCutoff,0.1
NPR/XToon_2DRamp_Jade,Eyelash,Curvature,float,_DebugMode,0
NPR/XToon_2DRamp_Jade,Hair,Curvature,color,_BaseColor,1|1|1|1
NPR/XToon_2DRamp_Jade,Hair,Curvature,float,_RampSmoothing,0.0017
NPR/XToon_2DRamp_Jade,Hair,Curvature,float,_LightSensitivity,0.5
NPR/XToon_2DRamp_Jade,Hair,Curvature,float,_DetailMode,1
NPR/XToon_2DRamp_Jade,Hair,Curvature,float,_DetailBias,0
NPR/XToon_2DRamp_Jade,Hair,Curvature,float,_DepthNear,5
NPR/XToon_2DRamp_Jade,Hair,Curvature,float,_DepthFar,50
NPR/XToon_2DRamp_Jade,Hair,Curvature,float,_ManualDetail,0
NPR/XToon_2DRamp_Jade,Hair,Curvature,float,_NormalSmoothing,1
NPR/XToon_2DRamp_Jade,Hair,Curvature,float,_UseAbstractNormals,0.9
NPR/XToon_2DRamp_Jade,Hair,Curvature,color,_ShadowColor,0.25|0.25|0.35|1
NPR/XToon_2DRamp_Jade,Hair,Curvature,float,_ShadowStrength,0.4
NPR/XToon_2DRamp_Jade,Hair,Curvature,float,_LightingStrength,0.4
NPR/XToon_2DRamp_Jade,Hair,Curvature,color,_SpecularColor,1|1|1|1
NPR/XToon_2DRamp_Jade,Hair,Curvature,float,_SpecularSize,0.005
NPR/XToon_2DRamp_Jade,Hair,Curvature,float,_SpecularSmoothness,0.05
NPR/XToon_2DRamp_Jade,Hair,Curvature,float,_SpecularStrength,0.5
NPR/XToon_2DRamp_Jade,Hair,Curvature,float,_EnableRimLight,0
NPR/XToon_2DRamp_Jade,Hair,Curvature,color,_RimColor,0.408|0.408|0.408|1
NPR/XToon_2DRamp_Jade,Hair,Curvature,float,_RimPower,10
NPR/XToon_2DRamp_Jade,Hair,Curvature,float,_RimThreshold,0
NPR/XToon_2DRamp_Jade,Hair,Curvature,float,_RimStrength,1
NPR/XToon_2DRamp_Jade,Hair,Curvature,float,_EnableSobel,0
NPR/XToon_2DRamp_Jade,Hair,Curvature,color,_SobelEdgeColor,0|0|0|1
NPR/XToon_2DRamp_Jade,Hair,Curvature,float,_SobelThreshold,0.15
NPR/XToon_2DRamp_Jade,Hair,Curvature,float,_SobelSampleDist,1
NPR/XToon_2DRamp_Jade,Hair,Curvature,float,_SobelStrength,1
NPR/XToon_2DRamp_Jade,Hair,Curvature,color,_OutlineColor,0|0|0|1
NPR/XToon_2DRamp_Jade,Hair,Curvature,float,_OutlineWidth,0.005
NPR/XToon_2DRamp_Jade,Hair,Curvature,float,_AlphaBlend,1
NPR/XToon_2DRamp_Jade,Hair,Curvature,float,_AlphaCutoff,0.1
NPR/XToon_2DRamp_Jade,Hair,Curvature,float,_DebugMode,0
NPR/XToon_2DRamp_Jade,Look,Curvature,color,_BaseColor,1|1|1|1
NPR/XToon_2DRamp_Jade,Look,Curvature,float,_RampSmoothing,0.0017
NPR/XToon_2DRamp_Jade,Look,Curvature,float,_LightSensitivity,0.5
NPR/XToon_2DRamp_Jade,Look,Curvature,float,_DetailMode,1
NPR/XToon_2DRamp_Jade,Look,Curvature,float,_DetailBias,0
NPR/XToon_2DRamp_Jade,Look,Curvature,float,_DepthNear,5
NPR/XToon_2DRamp_Jade,Look,Curvature,float,_DepthFar,50
NPR/XToon_2DRamp_Jade,Look,Curvature,float,_ManualDetail,0
NPR/XToon_2DRamp_Jade,Look,Curvature,float,_NormalSmoothing,1
NPR/XToon_2DRamp_Jade,Look,Curvature,float,_UseAbstractNormals,0.9
NPR/XToon_2DRamp_Jade,Look,Curvature,color,_ShadowColor,0.25|0.25|0.35|1
NPR/XToon_2DRamp_Jade,Look,Curvature,float,_ShadowStrength,0.4
NPR/XToon_2DRamp_Jade,Look,Curvature,float,_LightingStrength,0.4
NPR/XToon_2DRamp_Jade,Look,Curvature,color,_SpecularColor,1|1|1|1
NPR/XToon_2DRamp_Jade,Look,Curvature,float,_SpecularSize,0.005
NPR/XToon_2DRamp_Jade,Look,Curvature,float,_SpecularSmoothness,0.05
NPR/XToon_2DRamp_Jade,Look,Curvature,float,_SpecularStrength,0.5
NPR/XToon_2DRamp_Jade,Look,Curvature,float,_EnableRimLight,0
NPR/XToon_2DRamp_Jade,Look,Curvature,color,_RimColor,0.408|0.408|0.408|1
NPR/XToon_2DRamp_Jade,Look,Curvature,float,_RimPower,10
NPR/XToon_2DRamp_Jade,Look,Curvature,float,_RimThreshold,0
NPR/XToon_2DRamp_Jade,Look,Curvature,float,_RimStrength,1
NPR/XToon_2DRamp_Jade,Look,Curvature,float,_EnableSobel,0
NPR/XToon_2DRamp_Jade,Look,Curvature,color,_SobelEdgeColor,0|0|0|1
NPR/XToon_2DRamp_Jade,Look,Curvature,float,_SobelThreshold,0.15
NPR/XToon_2DRamp_Jade,Look,Curvature,float,_SobelSampleDist,1
NPR/XToon_2DRamp_Jade,Look,Curvature,float,_SobelStrength,1
NPR/XToon_2DRamp_Jade,Look,Curvature,color,_OutlineColor,0|0|0|1
NPR/XToon_2DRamp_Jade,Look,Curvature,float,_OutlineWidth,0.005
NPR/XToon_2DRamp_Jade,Look,Curvature,float,_AlphaBlend,0
NPR/XToon_2DRamp_Jade,Look,Curvature,float,_AlphaCutoff,0.1
NPR/XToon_2DRamp_Jade,Look,Curvature,float,_DebugMode,0
NPR/XToon_2DRamp_Jade,Body,Manual,color,_BaseColor,1|1|1|1
NPR/XToon_2DRamp_Jade,Body,Manual,float,_RampSmoothing,0.0017
NPR/XToon_2DRamp_Jade,Body,Manual,float,_LightSensitivity,0.5
NPR/XToon_2DRamp_Jade,Body,Manual,float,_DetailMode,2
NPR/XToon_2DRamp_Jade,Body,Manual,float,_DetailBias,0
NPR/XToon_2DRamp_Jade,Body,Manual,float,_DepthNear,5
NPR/XToon_2DRamp_Jade,Body,Manual,float,_DepthFar,50
NPR/XToon_2DRamp_Jade,Body,Manual,float,_ManualDetail,0
NPR/XToon_2DRamp_Jade,Body,Manual,float,_NormalSmoothing,1
NPR/XToon_2DRamp_Jade,Body,Manual,float,_UseAbstractNormals,0.9
NPR/XToon_2DRamp_Jade,Body,Manual,color,_ShadowColor,0.25|0.25|0.35|1
NPR/XToon_2DRamp_Jade,Body,Manual,float,_ShadowStrength,0.4
NPR/XToon_2DRamp_Jade,Body,Manual,float,_LightingStrength,0.4
NPR/XToon_2DRamp_Jade,Body,Manual,color,_SpecularColor,1|1|1|1
NPR/XToon_2DRamp_Jade,Body,Manual,float,_SpecularSize,0.005
NPR/XToon_2DRamp_Jade,Body,Manual,float,_SpecularSmoothness,0.05
NPR/XToon_2DRamp_Jade,Body,Manual,float,_SpecularStrength,0.5
NPR/XToon_2DRamp_Jade,Body,Manual,float,_EnableRimLight,0
NPR/XToon_2DRamp_Jade,Body,Manual,color,_RimColor,0.408|0.408|0.408|1
NPR/XToon_2DRamp_Jade,Body,Manual,float,_RimPower,10
NPR/XToon_2DRamp_Jade,Body,Manual,float,_RimThreshold,0
NPR/XToon_2DRamp_Jade,Body,Manual,float,_RimStrength,1
NPR/XToon_2DRamp_Jade,Body,Manual,float,_EnableSobel,0
NPR/XToon_2DRamp_Jade,Body,Manual,color,_SobelEdgeColor,0|0|0|1
NPR/XToon_2DRamp_Jade,Body,Manual,float,_SobelThreshold,0.15
NPR/XToon_2DRamp_Jade,Body,Manual,float,_SobelSampleDist,1
NPR/XToon_2DRamp_Jade,Body,Manual,float,_SobelStrength,1
NPR/XToon_2DRamp_Jade,Body,Manual,color,_OutlineColor,0|0|0|1
NPR/XToon_2DRamp_Jade,Body,Manual,float,_OutlineWidth,0.005
NPR/XToon_2DRamp_Jade,Body,Manual,float,_AlphaBlend,0
NPR/XToon_2DRamp_Jade,Body,Manual,float,_AlphaCutoff,0.1
NPR/XToon_2DRamp_Jade,Body,Manual,float,_DebugMode,0
NPR/XToon_2DRamp_Jade,Eyelash,Manual,color,_BaseColor,1|1|1|1
NPR/XToon_2DRamp_Jade,Eyelash,Manual,float,_RampSmoothing,0.0017
NPR/XToon_2DRamp_Jade,Eyelash,Manual,float,_LightSensitivity,0.5
NPR/XToon_2DRamp_Jade,Eyelash,Manual,float,_DetailMode,2
NPR/XToon_2DRamp_Jade,Eyelash,Manual,float,_DetailBias,0
NPR/XToon_2DRamp_Jade,Eyelash,Manual,float,_DepthNear,5
NPR/XToon_2DRamp_Jade,Eyelash,Manual,float,_DepthFar,50
NPR/XToon_2DRamp_Jade,Eyelash,Manual,float,_ManualDetail,0
NPR/XToon_2DRamp_Jade,Eyelash,Manual,float,_NormalSmoothing,1
NPR/XToon_2DRamp_Jade,Eyelash,Manual,float,_UseAbstractNormals,0.9
NPR/XToon_2DRamp_Jade,Eyelash,Manual,color,_ShadowColor,0.25|0.25|0.35|1
NPR/XToon_2DRamp_Jade,Eyelash,Manual,float,_ShadowStrength,0.4
NPR/XToon_2DRamp_Jade,Eyelash,Manual,float,_LightingStrength,0.4
NPR/XToon_2DRamp_Jade,Eyelash,Manual,color,_SpecularColor,1|1|1|1
NPR/XToon_2DRamp_Jade,Eyelash,Manual,float,_SpecularSize,0.005
NPR/XToon_2DRamp_Jade,Eyelash,Manual,float,_SpecularSmoothness,0.05
NPR/XToon_2DRamp_Jade,Eyelash,Manual,float,_SpecularStrength,0.5
NPR/XToon_2DRamp_Jade,Eyelash,Manual,float,_EnableRimLight,0
NPR/XToon_2DRamp_Jade,Eyelash,Manual,color,_RimColor,0.408|0.408|0.408|1
NPR/XToon_2DRamp_Jade,Eyelash,Manual,float,_RimPower,10
NPR/XToon_2DRamp_Jade,Eyelash,Manual,float,_RimThreshold,0
NPR/XToon_2DRamp_Jade,Eyelash,Manual,float,_RimStrength,1
NPR/XToon_2DRamp_Jade,Eyelash,Manual,float,_EnableSobel,0
NPR/XToon_2DRamp_Jade,Eyelash,Manual,color,_SobelEdgeColor,0|0|0|1
NPR/XToon_2DRamp_Jade,Eyelash,Manual,float,_SobelThreshold,0.15
NPR/XToon_2DRamp_Jade,Eyelash,Manual,float,_SobelSampleDist,1
NPR/XToon_2DRamp_Jade,Eyelash,Manual,float,_SobelStrength,1
NPR/XToon_2DRamp_Jade,Eyelash,Manual,color,_OutlineColor,0|0|0|1
NPR/XToon_2DRamp_Jade,Eyelash,Manual,float,_OutlineWidth,0.005
NPR/XToon_2DRamp_Jade,Eyelash,Manual,float,_AlphaBlend,1
NPR/XToon_2DRamp_Jade,Eyelash,Manual,float,_AlphaCutoff,0.1
NPR/XToon_2DRamp_Jade,Eyelash,Manual,float,_DebugMode,0
NPR/XToon_2DRamp_Jade,Hair,Manual,color,_BaseColor,1|1|1|1
NPR/XToon_2DRamp_Jade,Hair,Manual,float,_RampSmoothing,0.0017
NPR/XToon_2DRamp_Jade,Hair,Manual,float,_LightSensitivity,0.5
NPR/XToon_2DRamp_Jade,Hair,Manual,float,_DetailMode,2
NPR/XToon_2DRamp_Jade,Hair,Manual,float,_DetailBias,0
NPR/XToon_2DRamp_Jade,Hair,Manual,float,_DepthNear,5
NPR/XToon_2DRamp_Jade,Hair,Manual,float,_DepthFar,50
NPR/XToon_2DRamp_Jade,Hair,Manual,float,_ManualDetail,0
NPR/XToon_2DRamp_Jade,Hair,Manual,float,_NormalSmoothing,1
NPR/XToon_2DRamp_Jade,Hair,Manual,float,_UseAbstractNormals,0.9
NPR/XToon_2DRamp_Jade,Hair,Manual,color,_ShadowColor,0.25|0.25|0.35|1
NPR/XToon_2DRamp_Jade,Hair,Manual,float,_ShadowStrength,0.4
NPR/XToon_2DRamp_Jade,Hair,Manual,float,_LightingStrength,0.4
NPR/XToon_2DRamp_Jade,Hair,Manual,color,_SpecularColor,1|1|1|1
NPR/XToon_2DRamp_Jade,Hair,Manual,float,_SpecularSize,0.005
NPR/XToon_2DRamp_Jade,Hair,Manual,float,_SpecularSmoothness,0.05
NPR/XToon_2DRamp_Jade,Hair,Manual,float,_SpecularStrength,0.5
NPR/XToon_2DRamp_Jade,Hair,Manual,float,_EnableRimLight,0
NPR/XToon_2DRamp_Jade,Hair,Manual,color,_RimColor,0.408|0.408|0.408|1
NPR/XToon_2DRamp_Jade,Hair,Manual,float,_RimPower,10
NPR/XToon_2DRamp_Jade,Hair,Manual,float,_RimThreshold,0
NPR/XToon_2DRamp_Jade,Hair,Manual,float,_RimStrength,1
NPR/XToon_2DRamp_Jade,Hair,Manual,float,_EnableSobel,0
NPR/XToon_2DRamp_Jade,Hair,Manual,color,_SobelEdgeColor,0|0|0|1
NPR/XToon_2DRamp_Jade,Hair,Manual,float,_SobelThreshold,0.15
NPR/XToon_2DRamp_Jade,Hair,Manual,float,_SobelSampleDist,1
NPR/XToon_2DRamp_Jade,Hair,Manual,float,_SobelStrength,1
NPR/XToon_2DRamp_Jade,Hair,Manual,color,_OutlineColor,0|0|0|1
NPR/XToon_2DRamp_Jade,Hair,Manual,float,_OutlineWidth,0.005
NPR/XToon_2DRamp_Jade,Hair,Manual,float,_AlphaBlend,1
NPR/XToon_2DRamp_Jade,Hair,Manual,float,_AlphaCutoff,0.1
NPR/XToon_2DRamp_Jade,Hair,Manual,float,_DebugMode,0
NPR/XToon_2DRamp_Jade,Look,Manual,color,_BaseColor,1|1|1|1
NPR/XToon_2DRamp_Jade,Look,Manual,float,_RampSmoothing,0.0017
NPR/XToon_2DRamp_Jade,Look,Manual,float,_LightSensitivity,0.5
NPR/XToon_2DRamp_Jade,Look,Manual,float,_DetailMode,2
NPR/XToon_2DRamp_Jade,Look,Manual,float,_DetailBias,0
NPR/XToon_2DRamp_Jade,Look,Manual,float,_DepthNear,5
NPR/XToon_2DRamp_Jade,Look,Manual,float,_DepthFar,50
NPR/XToon_2DRamp_Jade,Look,Manual,float,_ManualDetail,0
NPR/XToon_2DRamp_Jade,Look,Manual,float,_NormalSmoothing,1
NPR/XToon_2DRamp_Jade,Look,Manual,float,_UseAbstractNormals,0.9
NPR/XToon_2DRamp_Jade,Look,Manual,color,_ShadowColor,0.25|0.25|0.35|1
NPR/XToon_2DRamp_Jade,Look,Manual,float,_ShadowStrength,0.4
NPR/XToon_2DRamp_Jade,Look,Manual,float,_LightingStrength,0.4
NPR/XToon_2DRamp_Jade,Look,Manual,color,_SpecularColor,1|1|1|1
NPR/XToon_2DRamp_Jade,Look,Manual,float,_SpecularSize,0.005
NPR/XToon_2DRamp_Jade,Look,Manual,float,_SpecularSmoothness,0.05
NPR/XToon_2DRamp_Jade,Look,Manual,float,_SpecularStrength,0.5
NPR/XToon_2DRamp_Jade,Look,Manual,float,_EnableRimLight,0
NPR/XToon_2DRamp_Jade,Look,Manual,color,_RimColor,0.408|0.408|0.408|1
NPR/XToon_2DRamp_Jade,Look,Manual,float,_RimPower,10
NPR/XToon_2DRamp_Jade,Look,Manual,float,_RimThreshold,0
NPR/XToon_2DRamp_Jade,Look,Manual,float,_RimStrength,1
NPR/XToon_2DRamp_Jade,Look,Manual,float,_EnableSobel,0
NPR/XToon_2DRamp_Jade,Look,Manual,color,_SobelEdgeColor,0|0|0|1
NPR/XToon_2DRamp_Jade,Look,Manual,float,_SobelThreshold,0.15
NPR/XToon_2DRamp_Jade,Look,Manual,float,_SobelSampleDist,1
NPR/XToon_2DRamp_Jade,Look,Manual,float,_SobelStrength,1
NPR/XToon_2DRamp_Jade,Look,Manual,color,_OutlineColor,0|0|0|1
NPR/XToon_2DRamp_Jade,Look,Manual,float,_OutlineWidth,0.005
NPR/XToon_2DRamp_Jade,Look,Manual,float,_AlphaBlend,0
NPR/XToon_2DRamp_Jade,Look,Manual,float,_AlphaCutoff,0.1
NPR/XToon_2DRamp_Jade,Look,Manual,float,_DebugMode,0
Custom/V2_NormalEdgeDetection,Head,Depth,float,_UseDebugDefaults,0
Custom/V2_NormalEdgeDetection,Head,Depth,color,_Color,1|1|1|1
Custom/V2_NormalEdgeDetection,Head,Depth,float,_TextureIntensity,1
Custom/V2_NormalEdgeDetection,Head,Depth,float,_BumpScale,1
Custom/V2_NormalEdgeDetection,Head,Depth,float,_UseNormalMap,1
Custom/V2_NormalEdgeDetection,Head,Depth,float,_LightSensitivity,0.8
Custom/V2_NormalEdgeDetection,Head,Depth,float,_RampSmoothing,0.05
Custom/V2_NormalEdgeDetection,Head,Depth,color,_ShadowColor,0.3|0.3|0.45|1
Custom/V2_NormalEdgeDetection,Head,Depth,float,_ShadowStrength,0.5
Custom/V2_NormalEdgeDetection,Head,Depth,float,_DetailMode,0
Custom/V2_NormalEdgeDetection,Head,Depth,float,_DetailBias,0
Custom/V2_NormalEdgeDetection,Head,Depth,float,_DepthNear,5
Custom/V2_NormalEdgeDetection,Head,Depth,float,_DepthFar,50
Custom/V2_NormalEdgeDetection,Head,Depth,float,_ManualDetail,0
Custom/V2_NormalEdgeDetection,Head,Depth,float,_EnableOuterOutline,1
Custom/V2_NormalEdgeDetection,Head,Depth,float,_OuterOutlineWidth,0.005
Custom/V2_NormalEdgeDetection,Head,Depth,color,_OuterOutlineColor,0|0|0|1
Custom/V2_NormalEdgeDetection,Head,Depth,float,_UseOutlineDepthOffset,0
Custom/V2_NormalEdgeDetection,Head,Depth,float,_OutlineDepthBias,1
Custom/V2_NormalEdgeDetection,Head,Depth,float,_EnableTextureSobel,0
Custom/V2_NormalEdgeDetection,Head,Depth,float,_SobelFilterMode,2
Custom/V2_NormalEdgeDetection,Head,Depth,color,_SobelLineColor,0|0|0|1
Custom/V2_NormalEdgeDetection,Head,Depth,float,_SobelThreshold,0.2
Custom/V2_NormalEdgeDetection,Head,Depth,float,_SobelSampleDistance,0.5
Custom/V2_NormalEdgeDetection,Head,Depth,float,_SobelStrength,1
Custom/V2_NormalEdgeDetection,Head,Depth,float,_EnableNormalEdges,1
Custom/V2_NormalEdgeDetection,Head,Depth,float,_NormalEdgeThreshold,0.1
Custom/V2_NormalEdgeDetection,Head,Depth,float,_NormalEdgeStrength,1
Custom/V2_NormalEdgeDetection,Head,Depth,float,_NormalEdgeSmoothness,0.1
Custom/V2_NormalEdgeDetection,Head,Depth,float,_EnableFresnelEdge,0
Custom/V2_NormalEdgeDetection,Head,Depth,float,_FresnelEdgeThreshold,0.3
Custom/V2_NormalEdgeDetection,Head,Depth,float,_FresnelEdgeStrength,0.3
Custom/V2_NormalEdgeDetection,Head,Depth,color,_EdgeColor,0|0|0|1
Custom/V2_NormalEdgeDetection,Head,Depth,color,_RimColor,0.408|0.408|0.408|1
Custom/V2_NormalEdgeDetection,Head,Depth,float,_RimPower,3
Custom/V2_NormalEdgeDetection,Head,Depth,color,_AmbientColor,0.35|0.35|0.35|1
Custom/V2_NormalEdgeDetection,Head,Depth,float,_EnableAlphaTest,0
Custom/V2_NormalEdgeDetection,Head,Depth,float,_AlphaCutoff,0.1
Custom/V2_NormalEdgeDetection,Body,Depth,float,_UseDebugDefaults,0
Custom/V2_NormalEdgeDetection,Body,Depth,color,_Color,1|1|1|1
Custom/V2_NormalEdgeDetection,Body,Depth,float,_TextureIntensity,1
Custom/V2_NormalEdgeDetection,Body,Depth,float,_BumpScale,1
Custom/V2_NormalEdgeDetection,Body,Depth,float,_UseNormalMap,1
Custom/V2_NormalEdgeDetection,Body,Depth,float,_LightSensitivity,0.8
Custom/V2_NormalEdgeDetection,Body,Depth,float,_RampSmoothing,0.05
Custom/V2_NormalEdgeDetection,Body,Depth,color,_ShadowColor,0.3|0.3|0.45|1
Custom/V2_NormalEdgeDetection,Body,Depth,float,_ShadowStrength,0.5
Custom/V2_NormalEdgeDetection,Body,Depth,float,_DetailMode,0
Custom/V2_NormalEdgeDetection,Body,Depth,float,_DetailBias,0
Custom/V2_NormalEdgeDetection,Body,Depth,float,_DepthNear,5
Custom/V2_NormalEdgeDetection,Body,Depth,float,_DepthFar,50
Custom/V2_NormalEdgeDetection,Body,Depth,float,_ManualDetail,0
Custom/V2_NormalEdgeDetection,Body,Depth,float,_EnableOuterOutline,1
Custom/V2_NormalEdgeDetection,Body,Depth,float,_OuterOutlineWidth,0.005
Custom/V2_NormalEdgeDetection,Body,Depth,color,_OuterOutlineColor,0|0|0|1
Custom/V2_NormalEdgeDetection,Body,Depth,float,_UseOutlineDepthOffset,1
Custom/V2_NormalEdgeDetection,Body,Depth,float,_OutlineDepthBias,1
Custom/V2_NormalEdgeDetection,Body,Depth,float,_EnableTextureSobel,0
Custom/V2_NormalEdgeDetection,Body,Depth,float,_SobelFilterMode,0
Custom/V2_NormalEdgeDetection,Body,Depth,color,_SobelLineColor,0|0|0|1
Custom/V2_NormalEdgeDetection,Body,Depth,float,_SobelThreshold,0.16
Custom/V2_NormalEdgeDetection,Body,Depth,float,_SobelSampleDistance,0.5
Custom/V2_NormalEdgeDetection,Body,Depth,float,_SobelStrength,1
Custom/V2_NormalEdgeDetection,Body,Depth,float,_EnableNormalEdges,1
Custom/V2_NormalEdgeDetection,Body,Depth,float,_NormalEdgeThreshold,0.1
Custom/V2_NormalEdgeDetection,Body,Depth,float,_NormalEdgeStrength,1
Custom/V2_NormalEdgeDetection,Body,Depth,float,_NormalEdgeSmoothness,0.1
Custom/V2_NormalEdgeDetection,Body,Depth,float,_EnableFresnelEdge,0
Custom/V2_NormalEdgeDetection,Body,Depth,float,_FresnelEdgeThreshold,0.089
Custom/V2_NormalEdgeDetection,Body,Depth,float,_FresnelEdgeStrength,0.545
Custom/V2_NormalEdgeDetection,Body,Depth,color,_EdgeColor,0|0|0|1
Custom/V2_NormalEdgeDetection,Body,Depth,color,_RimColor,0.408|0.408|0.408|1
Custom/V2_NormalEdgeDetection,Body,Depth,float,_RimPower,3
Custom/V2_NormalEdgeDetection,Body,Depth,color,_AmbientColor,0.3|0.3|0.3|1
Custom/V2_NormalEdgeDetection,Body,Depth,float,_EnableAlphaTest,0
Custom/V2_NormalEdgeDetection,Body,Depth,float,_AlphaCutoff,0.1
Custom/V2_NormalEdgeDetection,Eyelash,Depth,float,_UseDebugDefaults,0
Custom/V2_NormalEdgeDetection,Eyelash,Depth,color,_Color,1|1|1|1
Custom/V2_NormalEdgeDetection,Eyelash,Depth,float,_TextureIntensity,1
Custom/V2_NormalEdgeDetection,Eyelash,Depth,float,_BumpScale,1
Custom/V2_NormalEdgeDetection,Eyelash,Depth,float,_UseNormalMap,1
Custom/V2_NormalEdgeDetection,Eyelash,Depth,float,_LightSensitivity,0.8
Custom/V2_NormalEdgeDetection,Eyelash,Depth,float,_RampSmoothing,0.05
Custom/V2_NormalEdgeDetection,Eyelash,Depth,color,_ShadowColor,0.3|0.3|0.45|1
Custom/V2_NormalEdgeDetection,Eyelash,Depth,float,_ShadowStrength,0.5
Custom/V2_NormalEdgeDetection,Eyelash,Depth,float,_DetailMode,0
Custom/V2_NormalEdgeDetection,Eyelash,Depth,float,_DetailBias,0
Custom/V2_NormalEdgeDetection,Eyelash,Depth,float,_DepthNear,5
Custom/V2_NormalEdgeDetection,Eyelash,Depth,float,_DepthFar,50
Custom/V2_NormalEdgeDetection,Eyelash,Depth,float,_ManualDetail,0
Custom/V2_NormalEdgeDetection,Eyelash,Depth,float,_EnableOuterOutline,1
Custom/V2_NormalEdgeDetection,Eyelash,Depth,float,_OuterOutlineWidth,0.005
Custom/V2_NormalEdgeDetection,Eyelash,Depth,color,_OuterOutlineColor,0|0|0|1
Custom/V2_NormalEdgeDetection,Eyelash,Depth,float,_UseOutlineDepthOffset,1
Custom/V2_NormalEdgeDetection,Eyelash,Depth,float,_OutlineDepthBias,1
Custom/V2_NormalEdgeDetection,Eyelash,Depth,float,_EnableTextureSobel,0
Custom/V2_NormalEdgeDetection,Eyelash,Depth,float,_SobelFilterMode,0
Custom/V2_NormalEdgeDetection,Eyelash,Depth,color,_SobelLineColor,0|0|0|1
Custom/V2_NormalEdgeDetection,Eyelash,Depth,float,_SobelThreshold,0.16
Custom/V2_NormalEdgeDetection,Eyelash,Depth,float,_SobelSampleDistance,0.5
Custom/V2_NormalEdgeDetection,Eyelash,Depth,float,_SobelStrength,1
Custom/V2_NormalEdgeDetection,Eyelash,Depth,float,_EnableNormalEdges,1
Custom/V2_NormalEdgeDetection,Eyelash,Depth,float,_NormalEdgeThreshold,0.1
Custom/V2_NormalEdgeDetection,Eyelash,Depth,float,_NormalEdgeStrength,1
Custom/V2_NormalEdgeDetection,Eyelash,Depth,float,_NormalEdgeSmoothness,0.1
Custom/V2_NormalEdgeDetection,Eyelash,Depth,float,_EnableFresnelEdge,0
Custom/V2_NormalEdgeDetection,Eyelash,Depth,float,_FresnelEdgeThreshold,0.089
Custom/V2_NormalEdgeDetection,Eyelash,Depth,float,_FresnelEdgeStrength,0.545
Custom/V2_NormalEdgeDetection,Eyelash,Depth,color,_EdgeColor,0|0|0|1
Custom/V2_NormalEdgeDetection,Eyelash,Depth,color,_RimColor,0.408|0.408|0.408|1
Custom/V2_NormalEdgeDetection,Eyelash,Depth,float,_RimPower,3
Custom/V2_NormalEdgeDetection,Eyelash,Depth,color,_AmbientColor,0.3|0.3|0.3|1
Custom/V2_NormalEdgeDetection,Eyelash,Depth,float,_EnableAlphaTest,1
Custom/V2_NormalEdgeDetection,Eyelash,Depth,float,_AlphaCutoff,0.1
Custom/V2_NormalEdgeDetection,Hair,Depth,float,_UseDebugDefaults,0
Custom/V2_NormalEdgeDetection,Hair,Depth,color,_Color,1|1|1|1
Custom/V2_NormalEdgeDetection,Hair,Depth,float,_TextureIntensity,1
Custom/V2_NormalEdgeDetection,Hair,Depth,float,_BumpScale,1
Custom/V2_NormalEdgeDetection,Hair,Depth,float,_UseNormalMap,1
Custom/V2_NormalEdgeDetection,Hair,Depth,float,_LightSensitivity,0.8
Custom/V2_NormalEdgeDetection,Hair,Depth,float,_RampSmoothing,0.05
Custom/V2_NormalEdgeDetection,Hair,Depth,color,_ShadowColor,0.3|0.3|0.45|1
Custom/V2_NormalEdgeDetection,Hair,Depth,float,_ShadowStrength,0.5
Custom/V2_NormalEdgeDetection,Hair,Depth,float,_DetailMode,0
Custom/V2_NormalEdgeDetection,Hair,Depth,float,_DetailBias,0
Custom/V2_NormalEdgeDetection,Hair,Depth,float,_DepthNear,5
Custom/V2_NormalEdgeDetection,Hair,Depth,float,_DepthFar,50
Custom/V2_NormalEdgeDetection,Hair,Depth,float,_ManualDetail,0
Custom/V2_NormalEdgeDetection,Hair,Depth,float,_EnableOuterOutline,1
Custom/V2_NormalEdgeDetection,Hair,Depth,float,_OuterOutlineWidth,0.005
Custom/V2_NormalEdgeDetection,Hair,Depth,color,_OuterOutlineColor,0|0|0|1
Custom/V2_NormalEdgeDetection,Hair,Depth,float,_UseOutlineDepthOffset,1
Custom/V2_NormalEdgeDetection,Hair,Depth,float,_OutlineDepthBias,1
Custom/V2_NormalEdgeDetection,Hair,Depth,float,_EnableTextureSobel,0
Custom/V2_NormalEdgeDetection,Hair,Depth,float,_SobelFilterMode,0
Custom/V2_NormalEdgeDetection,Hair,Depth,color,_SobelLineColor,0|0|0|1
Custom/V2_NormalEdgeDetection,Hair,Depth,float,_SobelThreshold,0.16
Custom/V2_NormalEdgeDetection,Hair,Depth,float,_SobelSampleDistance,0.5
Custom/V2_NormalEdgeDetection,Hair,Depth,float,_SobelStrength,1
Custom/V2_NormalEdgeDetection,Hair,Depth,float,_EnableNormalEdges,1
Custom/V2_NormalEdgeDetection,Hair,Depth,float,_NormalEdgeThreshold,0.1
Custom/V2_NormalEdgeDetection,Hair,Depth,float,_NormalEdgeStrength,1
Custom/V2_NormalEdgeDetection,Hair,Depth,float,_NormalEdgeSmoothness,0.1
Custom/V2_NormalEdgeDetection,Hair,Depth,float,_EnableFresnelEdge,0
Custom/V2_NormalEdgeDetection,Hair,Depth,float,_FresnelEdgeThreshold,0.089
Custom/V2_NormalEdgeDetection,Hair,Depth,float,_FresnelEdgeStrength,0.545
Custom/V2_NormalEdgeDetection,Hair,Depth,color,_EdgeColor,0|0|0|1
Custom/V2_NormalEdgeDetection,Hair,Depth,color,_RimColor,0.408|0.408|0.408|1
Custom/V2_NormalEdgeDetection,Hair,Depth,float,_RimPower,3
Custom/V2_NormalEdgeDetection,Hair,Depth,color,_AmbientColor,0.3|0.3|0.3|1
Custom/V2_NormalEdgeDetection,Hair,Depth,float,_EnableAlphaTest,1
Custom/V2_NormalEdgeDetection,Hair,Depth,float,_AlphaCutoff,0.1
Custom/V2_NormalEdgeDetection,Look,Depth,float,_UseDebugDefaults,0
Custom/V2_NormalEdgeDetection,Look,Depth,color,_Color,1|1|1|1
Custom/V2_NormalEdgeDetection,Look,Depth,float,_TextureIntensity,1
Custom/V2_NormalEdgeDetection,Look,Depth,float,_BumpScale,1
Custom/V2_NormalEdgeDetection,Look,Depth,float,_UseNormalMap,1
Custom/V2_NormalEdgeDetection,Look,Depth,float,_LightSensitivity,0.8
Custom/V2_NormalEdgeDetection,Look,Depth,float,_RampSmoothing,0.05
Custom/V2_NormalEdgeDetection,Look,Depth,color,_ShadowColor,0.3|0.3|0.45|1
Custom/V2_NormalEdgeDetection,Look,Depth,float,_ShadowStrength,0.5
Custom/V2_NormalEdgeDetection,Look,Depth,float,_DetailMode,0
Custom/V2_NormalEdgeDetection,Look,Depth,float,_DetailBias,0
Custom/V2_NormalEdgeDetection,Look,Depth,float,_DepthNear,5
Custom/V2_NormalEdgeDetection,Look,Depth,float,_DepthFar,50
Custom/V2_NormalEdgeDetection,Look,Depth,float,_ManualDetail,0
Custom/V2_NormalEdgeDetection,Look,Depth,float,_EnableOuterOutline,1
Custom/V2_NormalEdgeDetection,Look,Depth,float,_OuterOutlineWidth,0.005
Custom/V2_NormalEdgeDetection,Look,Depth,color,_OuterOutlineColor,0|0|0|1
Custom/V2_NormalEdgeDetection,Look,Depth,float,_UseOutlineDepthOffset,1
Custom/V2_NormalEdgeDetection,Look,Depth,float,_OutlineDepthBias,1
Custom/V2_NormalEdgeDetection,Look,Depth,float,_EnableTextureSobel,0
Custom/V2_NormalEdgeDetection,Look,Depth,float,_SobelFilterMode,0
Custom/V2_NormalEdgeDetection,Look,Depth,color,_SobelLineColor,0|0|0|1
Custom/V2_NormalEdgeDetection,Look,Depth,float,_SobelThreshold,0.16
Custom/V2_NormalEdgeDetection,Look,Depth,float,_SobelSampleDistance,0.5
Custom/V2_NormalEdgeDetection,Look,Depth,float,_SobelStrength,1
Custom/V2_NormalEdgeDetection,Look,Depth,float,_EnableNormalEdges,1
Custom/V2_NormalEdgeDetection,Look,Depth,float,_NormalEdgeThreshold,0.1
Custom/V2_NormalEdgeDetection,Look,Depth,float,_NormalEdgeStrength,1
Custom/V2_NormalEdgeDetection,Look,Depth,float,_NormalEdgeSmoothness,0.1
Custom/V2_NormalEdgeDetection,Look,Depth,float,_EnableFresnelEdge,0
Custom/V2_NormalEdgeDetection,Look,Depth,float,_FresnelEdgeThreshold,0.089
Custom/V2_NormalEdgeDetection,Look,Depth,float,_FresnelEdgeStrength,0.545
Custom/V2_NormalEdgeDetection,Look,Depth,color,_EdgeColor,0|0|0|1
Custom/V2_NormalEdgeDetection,Look,Depth,color,_RimColor,0.408|0.408|0.408|1
Custom/V2_NormalEdgeDetection,Look,Depth,float,_RimPower,3
Custom/V2_NormalEdgeDetection,Look,Depth,color,_AmbientColor,0.3|0.3|0.3|1
Custom/V2_NormalEdgeDetection,Look,Depth,float,_EnableAlphaTest,0
Custom/V2_NormalEdgeDetection,Look,Depth,float,_AlphaCutoff,0.1
Custom/V3_SobelEdgeDetection,Body,Curvature,float,_UseDebugDefaults,0
Custom/V3_SobelEdgeDetection,Body,Curvature,float,_DebugView,0
Custom/V3_SobelEdgeDetection,Body,Curvature,color,_Color,1|1|1|1
Custom/V3_SobelEdgeDetection,Body,Curvature,float,_TextureIntensity,1
Custom/V3_SobelEdgeDetection,Body,Curvature,float,_BumpScale,1
Custom/V3_SobelEdgeDetection,Body,Curvature,float,_LightSensitivity,0.8
Custom/V3_SobelEdgeDetection,Body,Curvature,float,_RampSmoothing,0.05
Custom/V3_SobelEdgeDetection,Body,Curvature,color,_ShadowColor,0.3|0.3|0.45|1
Custom/V3_SobelEdgeDetection,Body,Curvature,float,_ShadowStrength,0.5
Custom/V3_SobelEdgeDetection,Body,Curvature,float,_DetailMode,0
Custom/V3_SobelEdgeDetection,Body,Curvature,float,_DetailBias,0
Custom/V3_SobelEdgeDetection,Body,Curvature,float,_DepthNear,5
Custom/V3_SobelEdgeDetection,Body,Curvature,float,_DepthFar,50
Custom/V3_SobelEdgeDetection,Body,Curvature,float,_ManualDetail,0.5
Custom/V3_SobelEdgeDetection,Body,Curvature,float,_EnableOuterOutline,1
Custom/V3_SobelEdgeDetection,Body,Curvature,float,_OuterOutlineWidth,0.005
Custom/V3_SobelEdgeDetection,Body,Curvature,color,_OuterOutlineColor,0|0|0|1
Custom/V3_SobelEdgeDetection,Body,Curvature,float,_UseOutlineDepthOffset,0
Custom/V3_SobelEdgeDetection,Body,Curvature,float,_OutlineDepthBias,1
Custom/V3_SobelEdgeDetection,Body,Curvature,float,_EnableInnerLines,1
Custom/V3_SobelEdgeDetection,Body,Curvature,color,_InnerLineColor,0|0|0|1
Custom/V3_SobelEdgeDetection,Body,Curvature,float,_InnerLineThreshold,0.3
Custom/V3_SobelEdgeDetection,Body,Curvature,float,_InnerLineBlur,1
Custom/V3_SobelEdgeDetection,Body,Curvature,float,_InnerLineStrength,1
Custom/V3_SobelEdgeDetection,Body,Curvature,float,_EnableRim,1
Custom/V3_SobelEdgeDetection,Body,Curvature,color,_RimColor,0.408|0.408|0.408|1
Custom/V3_SobelEdgeDetection,Body,Curvature,float,_RimPower,4
Custom/V3_SobelEdgeDetection,Body,Curvature,color,_AmbientColor,0.35|0.35|0.35|1
Custom/V3_SobelEdgeDetection,Body,Curvature,float,_EnableAlphaTest,0
Custom/V3_SobelEdgeDetection,Body,Curvature,float,_AlphaCutoff,0.1
Custom/V3_SobelEdgeDetection,Eyelash,Depth,float,_UseDebugDefaults,0
Custom/V3_SobelEdgeDetection,Eyelash,Depth,float,_DebugView,0
Custom/V3_SobelEdgeDetection,Eyelash,Depth,color,_Color,1|1|1|1
Custom/V3_SobelEdgeDetection,Eyelash,Depth,float,_TextureIntensity,1
Custom/V3_SobelEdgeDetection,Eyelash,Depth,float,_BumpScale,1
Custom/V3_SobelEdgeDetection,Eyelash,Depth,float,_LightSensitivity,0.8
Custom/V3_SobelEdgeDetection,Eyelash,Depth,float,_RampSmoothing,0.05
Custom/V3_SobelEdgeDetection,Eyelash,Depth,color,_ShadowColor,0.3|0.3|0.45|1
Custom/V3_SobelEdgeDetection,Eyelash,Depth,float,_ShadowStrength,0.5
Custom/V3_SobelEdgeDetection,Eyelash,Depth,float,_DetailMode,0
Custom/V3_SobelEdgeDetection,Eyelash,Depth,float,_DetailBias,0
Custom/V3_SobelEdgeDetection,Eyelash,Depth,float,_DepthNear,5
Custom/V3_SobelEdgeDetection,Eyelash,Depth,float,_DepthFar,50
Custom/V3_SobelEdgeDetection,Eyelash,Depth,float,_ManualDetail,0.5
Custom/V3_SobelEdgeDetection,Eyelash,Depth,float,_EnableOuterOutline,1
Custom/V3_SobelEdgeDetection,Eyelash,Depth,float,_OuterOutlineWidth,0.005
Custom/V3_SobelEdgeDetection,Eyelash,Depth,color,_OuterOutlineColor,0|0|0|1
Custom/V3_SobelEdgeDetection,Eyelash,Depth,float,_UseOutlineDepthOffset,0
Custom/V3_SobelEdgeDetection,Eyelash,Depth,float,_OutlineDepthBias,1
Custom/V3_SobelEdgeDetection,Eyelash,Depth,float,_EnableInnerLines,1
Custom/V3_SobelEdgeDetection,Eyelash,Depth,color,_InnerLineColor,0|0|0|1
Custom/V3_SobelEdgeDetection,Eyelash,Depth,float,_InnerLineThreshold,0.2
Custom/V3_SobelEdgeDetection,Eyelash,Depth,float,_InnerLineBlur,0.5
Custom/V3_SobelEdgeDetection,Eyelash,Depth,float,_InnerLineStrength,1
Custom/V3_SobelEdgeDetection,Eyelash,Depth,float,_EnableRim,1
Custom/V3_SobelEdgeDetection,Eyelash,Depth,color,_RimColor,0.408|0.408|0.408|1
Custom/V3_SobelEdgeDetection,Eyelash,Depth,float,_RimPower,4
Custom/V3_SobelEdgeDetection,Eyelash,Depth,color,_AmbientColor,0.35|0.35|0.35|1
Custom/V3_SobelEdgeDetection,Eyelash,Depth,float,_EnableAlphaTest,1
Custom/V3_SobelEdgeDetection,Eyelash,Depth,float,_AlphaCutoff,0.1
Custom/V3_SobelEdgeDetection,Hair,Depth,float,_UseDebugDefaults,0
Custom/V3_SobelEdgeDetection,Hair,Depth,float,_DebugView,0
Custom/V3_SobelEdgeDetection,Hair,Depth,color,_Color,1|1|1|1
Custom/V3_SobelEdgeDetection,Hair,Depth,float,_TextureIntensity,1
Custom/V3_SobelEdgeDetection,Hair,Depth,float,_BumpScale,1
Custom/V3_SobelEdgeDetection,Hair,Depth,float,_LightSensitivity,0.8
Custom/V3_SobelEdgeDetection,Hair,Depth,float,_RampSmoothing,0.05
Custom/V3_SobelEdgeDetection,Hair,Depth,color,_ShadowColor,0.3|0.3|0.45|1
Custom/V3_SobelEdgeDetection,Hair,Depth,float,_ShadowStrength,0.5
Custom/V3_SobelEdgeDetection,Hair,Depth,float,_DetailMode,0
Custom/V3_SobelEdgeDetection,Hair,Depth,float,_DetailBias,0
Custom/V3_SobelEdgeDetection,Hair,Depth,float,_DepthNear,5
Custom/V3_SobelEdgeDetection,Hair,Depth,float,_DepthFar,50
Custom/V3_SobelEdgeDetection,Hair,Depth,float,_ManualDetail,0.5
Custom/V3_SobelEdgeDetection,Hair,Depth,float,_EnableOuterOutline,1
Custom/V3_SobelEdgeDetection,Hair,Depth,float,_OuterOutlineWidth,0.005
Custom/V3_SobelEdgeDetection,Hair,Depth,color,_OuterOutlineColor,0|0|0|1
Custom/V3_SobelEdgeDetection,Hair,Depth,float,_UseOutlineDepthOffset,0
Custom/V3_SobelEdgeDetection,Hair,Depth,float,_OutlineDepthBias,1
Custom/V3_SobelEdgeDetection,Hair,Depth,float,_EnableInnerLines,1
Custom/V3_SobelEdgeDetection,Hair,Depth,color,_InnerLineColor,0|0|0|1
Custom/V3_SobelEdgeDetection,Hair,Depth,float,_InnerLineThreshold,0.2
Custom/V3_SobelEdgeDetection,Hair,Depth,float,_InnerLineBlur,0.5
Custom/V3_SobelEdgeDetection,Hair,Depth,float,_InnerLineStrength,1
Custom/V3_SobelEdgeDetection,Hair,Depth,float,_EnableRim,1
Custom/V3_SobelEdgeDetection,Hair,Depth,color,_RimColor,0.408|0.408|0.408|1
Custom/V3_SobelEdgeDetection,Hair,Depth,float,_RimPower,4
Custom/V3_SobelEdgeDetection,Hair,Depth,color,_AmbientColor,0.35|0.35|0.35|1
Custom/V3_SobelEdgeDetection,Hair,Depth,float,_EnableAlphaTest,1
Custom/V3_SobelEdgeDetection,Hair,Depth,float,_AlphaCutoff,0.1
Custom/V3_SobelEdgeDetection,Shoe,Curvature,float,_UseDebugDefaults,0
Custom/V3_SobelEdgeDetection,Shoe,Curvature,float,_DebugView,0
Custom/V3_SobelEdgeDetection,Shoe,Curvature,color,_Color,1|1|1|1
Custom/V3_SobelEdgeDetection,Shoe,Curvature,float,_TextureIntensity,1
Custom/V3_SobelEdgeDetection,Shoe,Curvature,float,_BumpScale,1
Custom/V3_SobelEdgeDetection,Shoe,Curvature,float,_LightSensitivity,0.8
Custom/V3_SobelEdgeDetection,Shoe,Curvature,float,_RampSmoothing,0.05
Custom/V3_SobelEdgeDetection,Shoe,Curvature,color,_ShadowColor,0.3|0.3|0.45|1
Custom/V3_SobelEdgeDetection,Shoe,Curvature,float,_ShadowStrength,0.5
Custom/V3_SobelEdgeDetection,Shoe,Curvature,float,_DetailMode,0
Custom/V3_SobelEdgeDetection,Shoe,Curvature,float,_DetailBias,0
Custom/V3_SobelEdgeDetection,Shoe,Curvature,float,_DepthNear,5
Custom/V3_SobelEdgeDetection,Shoe,Curvature,float,_DepthFar,50
Custom/V3_SobelEdgeDetection,Shoe,Curvature,float,_ManualDetail,0.5
Custom/V3_SobelEdgeDetection,Shoe,Curvature,float,_EnableOuterOutline,1
Custom/V3_SobelEdgeDetection,Shoe,Curvature,float,_OuterOutlineWidth,0.005
Custom/V3_SobelEdgeDetection,Shoe,Curvature,color,_OuterOutlineColor,0|0|0|1
Custom/V3_SobelEdgeDetection,Shoe,Curvature,float,_UseOutlineDepthOffset,0
Custom/V3_SobelEdgeDetection,Shoe,Curvature,float,_OutlineDepthBias,1
Custom/V3_SobelEdgeDetection,Shoe,Curvature,float,_EnableInnerLines,1
Custom/V3_SobelEdgeDetection,Shoe,Curvature,color,_InnerLineColor,0|0|0|1
Custom/V3_SobelEdgeDetection,Shoe,Curvature,float,_InnerLineThreshold,0.3
Custom/V3_SobelEdgeDetection,Shoe,Curvature,float,_InnerLineBlur,1
Custom/V3_SobelEdgeDetection,Shoe,Curvature,float,_InnerLineStrength,1
Custom/V3_SobelEdgeDetection,Shoe,Curvature,float,_EnableRim,1
Custom/V3_SobelEdgeDetection,Shoe,Curvature,color,_RimColor,0.408|0.408|0.408|1
Custom/V3_SobelEdgeDetection,Shoe,Curvature,float,_RimPower,4
Custom/V3_SobelEdgeDetection,Shoe,Curvature,color,_AmbientColor,0.35|0.35|0.35|1
Custom/V3_SobelEdgeDetection,Shoe,Curvature,float,_EnableAlphaTest,0
Custom/V3_SobelEdgeDetection,Shoe,Curvature,float,_AlphaCutoff,0.1
Custom/V4_GaussianPreFilteredSobel,Body,Depth,float,_UseDebugDefaults,0
Custom/V4_GaussianPreFilteredSobel,Body,Depth,float,_DebugView,0
Custom/V4_GaussianPreFilteredSobel,Body,Depth,color,_Color,1|1|1|1
Custom/V4_GaussianPreFilteredSobel,Body,Depth,float,_TextureIntensity,1
Custom/V4_GaussianPreFilteredSobel,Body,Depth,float,_BumpScale,1
Custom/V4_GaussianPreFilteredSobel,Body,Depth,float,_LightSensitivity,0.8
Custom/V4_GaussianPreFilteredSobel,Body,Depth,float,_RampSmoothing,0.05
Custom/V4_GaussianPreFilteredSobel,Body,Depth,color,_ShadowColor,0.3|0.3|0.45|1
Custom/V4_GaussianPreFilteredSobel,Body,Depth,float,_ShadowStrength,0.5
Custom/V4_GaussianPreFilteredSobel,Body,Depth,float,_DetailMode,0
Custom/V4_GaussianPreFilteredSobel,Body,Depth,float,_DetailBias,0
Custom/V4_GaussianPreFilteredSobel,Body,Depth,float,_DepthNear,5
Custom/V4_GaussianPreFilteredSobel,Body,Depth,float,_DepthFar,50
Custom/V4_GaussianPreFilteredSobel,Body,Depth,float,_ManualDetail,0.5
Custom/V4_GaussianPreFilteredSobel,Body,Depth,float,_EnableOuterOutline,1
Custom/V4_GaussianPreFilteredSobel,Body,Depth,float,_OuterOutlineWidth,0.005
Custom/V4_GaussianPreFilteredSobel,Body,Depth,color,_OuterOutlineColor,0|0|0|1
Custom/V4_GaussianPreFilteredSobel,Body,Depth,float,_UseOutlineDepthOffset,0
Custom/V4_GaussianPreFilteredSobel,Body,Depth,float,_OutlineDepthBias,1
Custom/V4_GaussianPreFilteredSobel,Body,Depth,float,_EnableTextureSobel,1
Custom/V4_GaussianPreFilteredSobel,Body,Depth,float,_EnableNormalEdges,0
Custom/V4_GaussianPreFilteredSobel,Body,Depth,float,_EnableFresnelEdge,0
Custom/V4_GaussianPreFilteredSobel,Body,Depth,float,_UseLightFiltering,0
Custom/V4_GaussianPreFilteredSobel,Body,Depth,float,_UseModerateFiltering,0
Custom/V4_GaussianPreFilteredSobel,Body,Depth,float,_UseAggressiveFiltering,1
Custom/V4_GaussianPreFilteredSobel,Body,Depth,color,_InnerLineColor,0|0|0|1
Custom/V4_GaussianPreFilteredSobel,Body,Depth,float,_InnerLineThreshold,0.2
Custom/V4_GaussianPreFilteredSobel,Body,Depth,float,_InnerLineBlur,0.5
Custom/V4_GaussianPreFilteredSobel,Body,Depth,float,_InnerLineStrength,1
Custom/V4_GaussianPreFilteredSobel,Body,Depth,float,_EnableGaussianBlur,1
Custom/V4_GaussianPreFilteredSobel,Body,Depth,float,_BlurRadiusMultiplier,10
Custom/V4_GaussianPreFilteredSobel,Body,Depth,float,_GaussianCenterWeight,0.5
Custom/V4_GaussianPreFilteredSobel,Body,Depth,float,_GaussianCardinalWeight,0.5
Custom/V4_GaussianPreFilteredSobel,Body,Depth,float,_GaussianDiagonalWeight,0.25
Custom/V4_GaussianPreFilteredSobel,Body,Depth,float,_EnableThreshold,1
Custom/V4_GaussianPreFilteredSobel,Body,Depth,float,_ThresholdMinMultiplier,0
Custom/V4_GaussianPreFilteredSobel,Body,Depth,float,_ThresholdMaxMultiplier,1.9
Custom/V4_GaussianPreFilteredSobel,Body,Depth,float,_EnablePass1,1
Custom/V4_GaussianPreFilteredSobel,Body,Depth,float,_EnablePass2,1
Custom/V4_GaussianPreFilteredSobel,Body,Depth,float,_EnablePass3,1
Custom/V4_GaussianPreFilteredSobel,Body,Depth,float,_EnablePass4,1
Custom/V4_GaussianPreFilteredSobel,Body,Depth,float,_SmoothstepTightness,0.5
Custom/V4_GaussianPreFilteredSobel,Body,Depth,float,_EnablePowerCurve,0
Custom/V4_GaussianPreFilteredSobel,Body,Depth,float,_PowerCurve,0.5
Custom/V4_GaussianPreFilteredSobel,Body,Depth,float,_NormalEdgeThreshold,0
Custom/V4_GaussianPreFilteredSobel,Body,Depth,float,_NormalEdgeStrength,0
Custom/V4_GaussianPreFilteredSobel,Body,Depth,float,_NormalEdgeSmoothness,0.01
Custom/V4_GaussianPreFilteredSobel,Body,Depth,float,_FresnelEdgeThreshold,0.3
Custom/V4_GaussianPreFilteredSobel,Body,Depth,float,_FresnelEdgeStrength,0
Custom/V4_GaussianPreFilteredSobel,Body,Depth,color,_EdgeColor,0|0|0|1
Custom/V4_GaussianPreFilteredSobel,Body,Depth,float,_EdgeBlendMode,0
Custom/V4_GaussianPreFilteredSobel,Body,Depth,float,_EnableRim,1
Custom/V4_GaussianPreFilteredSobel,Body,Depth,color,_RimColor,0.408|0.408|0.408|1
Custom/V4_GaussianPreFilteredSobel,Body,Depth,float,_RimPower,4
Custom/V4_GaussianPreFilteredSobel,Body,Depth,color,_AmbientColor,0.35|0.35|0.35|1
Custom/V4_GaussianPreFilteredSobel,Body,Depth,float,_EnableAlphaTest,0
Custom/V4_GaussianPreFilteredSobel,Body,Depth,float,_AlphaCutoff,0.1
Custom/V4_GaussianPreFilteredSobel,Head,Depth,float,_UseDebugDefaults,0
Custom/V4_GaussianPreFilteredSobel,Head,Depth,float,_DebugView,0
Custom/V4_GaussianPreFilteredSobel,Head,Depth,color,_Color,1|1|1|1
Custom/V4_GaussianPreFilteredSobel,Head,Depth,float,_TextureIntensity,1
Custom/V4_GaussianPreFilteredSobel,Head,Depth,float,_BumpScale,1
Custom/V4_GaussianPreFilteredSobel,Head,Depth,float,_LightSensitivity,0.8
Custom/V4_GaussianPreFilteredSobel,Head,Depth,float,_RampSmoothing,0.05
Custom/V4_GaussianPreFilteredSobel,Head,Depth,color,_ShadowColor,0.3|0.3|0.45|1
Custom/V4_GaussianPreFilteredSobel,Head,Depth,float,_ShadowStrength,0.5
Custom/V4_GaussianPreFilteredSobel,Head,Depth,float,_DetailMode,0
Custom/V4_GaussianPreFilteredSobel,Head,Depth,float,_DetailBias,0
Custom/V4_GaussianPreFilteredSobel,Head,Depth,float,_DepthNear,5
Custom/V4_GaussianPreFilteredSobel,Head,Depth,float,_DepthFar,50
Custom/V4_GaussianPreFilteredSobel,Head,Depth,float,_ManualDetail,0.5
Custom/V4_GaussianPreFilteredSobel,Head,Depth,float,_EnableOuterOutline,1
Custom/V4_GaussianPreFilteredSobel,Head,Depth,float,_OuterOutlineWidth,0.005
Custom/V4_GaussianPreFilteredSobel,Head,Depth,color,_OuterOutlineColor,0|0|0|1
Custom/V4_GaussianPreFilteredSobel,Head,Depth,float,_UseOutlineDepthOffset,0
Custom/V4_GaussianPreFilteredSobel,Head,Depth,float,_OutlineDepthBias,1
Custom/V4_GaussianPreFilteredSobel,Head,Depth,float,_EnableTextureSobel,1
Custom/V4_GaussianPreFilteredSobel,Head,Depth,float,_EnableNormalEdges,0
Custom/V4_GaussianPreFilteredSobel,Head,Depth,float,_EnableFresnelEdge,0
Custom/V4_GaussianPreFilteredSobel,Head,Depth,float,_UseLightFiltering,0
Custom/V4_GaussianPreFilteredSobel,Head,Depth,float,_UseModerateFiltering,0
Custom/V4_GaussianPreFilteredSobel,Head,Depth,float,_UseAggressiveFiltering,1
Custom/V4_GaussianPreFilteredSobel,Head,Depth,color,_InnerLineColor,0|0|0|1
Custom/V4_GaussianPreFilteredSobel,Head,Depth,float,_InnerLineThreshold,0.2
Custom/V4_GaussianPreFilteredSobel,Head,Depth,float,_InnerLineBlur,0.5
Custom/V4_GaussianPreFilteredSobel,Head,Depth,float,_InnerLineStrength,1
Custom/V4_GaussianPreFilteredSobel,Head,Depth,float,_EnableGaussianBlur,1
Custom/V4_GaussianPreFilteredSobel,Head,Depth,float,_BlurRadiusMultiplier,10
Custom/V4_GaussianPreFilteredSobel,Head,Depth,float,_GaussianCenterWeight,0.5
Custom/V4_GaussianPreFilteredSobel,Head,Depth,float,_GaussianCardinalWeight,0.5
Custom/V4_GaussianPreFilteredSobel,Head,Depth,float,_GaussianDiagonalWeight,0.25
Custom/V4_GaussianPreFilteredSobel,Head,Depth,float,_EnableThreshold,1
Custom/V4_GaussianPreFilteredSobel,Head,Depth,float,_ThresholdMinMultiplier,0
Custom/V4_GaussianPreFilteredSobel,Head,Depth,float,_ThresholdMaxMultiplier,1.9
Custom/V4_GaussianPreFilteredSobel,Head,Depth,float,_EnablePass1,1
Custom/V4_GaussianPreFilteredSobel,Head,Depth,float,_EnablePass2,1
Custom/V4_GaussianPreFilteredSobel,Head,Depth,float,_EnablePass3,1
Custom/V4_GaussianPreFilteredSobel,Head,Depth,float,_EnablePass4,1
Custom/V4_GaussianPreFilteredSobel,Head,Depth,float,_SmoothstepTightness,0.5
Custom/V4_GaussianPreFilteredSobel,Head,Depth,float,_EnablePowerCurve,0
Custom/V4_GaussianPreFilteredSobel,Head,Depth,float,_PowerCurve,0.5
Custom/V4_GaussianPreFilteredSobel,Head,Depth,float,_NormalEdgeThreshold,0
Custom/V4_GaussianPreFilteredSobel,Head,Depth,float,_NormalEdgeStrength,0
Custom/V4_GaussianPreFilteredSobel,Head,Depth,float,_NormalEdgeSmoothness,0.01
Custom/V4_GaussianPreFilteredSobel,Head,Depth,float,_FresnelEdgeThreshold,0.3
Custom/V4_GaussianPreFilteredSobel,Head,Depth,float,_FresnelEdgeStrength,0
Custom/V4_GaussianPreFilteredSobel,Head,Depth,color,_EdgeColor,0|0|0|1
Custom/V4_GaussianPreFilteredSobel,Head,Depth,float,_EdgeBlendMode,0
Custom/V4_GaussianPreFilteredSobel,Head,Depth,float,_EnableRim,1
Custom/V4_GaussianPreFilteredSobel,Head,Depth,color,_RimColor,0.408|0.408|0.408|1
Custom/V4_GaussianPreFilteredSobel,Head,Depth,float,_RimPower,4
Custom/V4_GaussianPreFilteredSobel,Head,Depth,color,_AmbientColor,0.35|0.35|0.35|1
Custom/V4_GaussianPreFilteredSobel,Head,Depth,float,_EnableAlphaTest,0
Custom/V4_GaussianPreFilteredSobel,Head,Depth,float,_AlphaCutoff,0.1
Custom/V4_GaussianPreFilteredSobel,Eyelash,Depth,float,_UseDebugDefaults,0
Custom/V4_GaussianPreFilteredSobel,Eyelash,Depth,float,_DebugView,0
Custom/V4_GaussianPreFilteredSobel,Eyelash,Depth,color,_Color,1|1|1|1
Custom/V4_GaussianPreFilteredSobel,Eyelash,Depth,float,_TextureIntensity,1
Custom/V4_GaussianPreFilteredSobel,Eyelash,Depth,float,_BumpScale,1
Custom/V4_GaussianPreFilteredSobel,Eyelash,Depth,float,_LightSensitivity,0.8
Custom/V4_GaussianPreFilteredSobel,Eyelash,Depth,float,_RampSmoothing,0.05
Custom/V4_GaussianPreFilteredSobel,Eyelash,Depth,color,_ShadowColor,0.3|0.3|0.45|1
Custom/V4_GaussianPreFilteredSobel,Eyelash,Depth,float,_ShadowStrength,0.5
Custom/V4_GaussianPreFilteredSobel,Eyelash,Depth,float,_DetailMode,0
Custom/V4_GaussianPreFilteredSobel,Eyelash,Depth,float,_DetailBias,0
Custom/V4_GaussianPreFilteredSobel,Eyelash,Depth,float,_DepthNear,5
Custom/V4_GaussianPreFilteredSobel,Eyelash,Depth,float,_DepthFar,50
Custom/V4_GaussianPreFilteredSobel,Eyelash,Depth,float,_ManualDetail,0.5
Custom/V4_GaussianPreFilteredSobel,Eyelash,Depth,float,_EnableOuterOutline,1
Custom/V4_GaussianPreFilteredSobel,Eyelash,Depth,float,_OuterOutlineWidth,0.005
Custom/V4_GaussianPreFilteredSobel,Eyelash,Depth,color,_OuterOutlineColor,0|0|0|1
Custom/V4_GaussianPreFilteredSobel,Eyelash,Depth,float,_UseOutlineDepthOffset,0
Custom/V4_GaussianPreFilteredSobel,Eyelash,Depth,float,_OutlineDepthBias,1
Custom/V4_GaussianPreFilteredSobel,Eyelash,Depth,float,_EnableTextureSobel,1
Custom/V4_GaussianPreFilteredSobel,Eyelash,Depth,float,_EnableNormalEdges,0
Custom/V4_GaussianPreFilteredSobel,Eyelash,Depth,float,_EnableFresnelEdge,0
Custom/V4_GaussianPreFilteredSobel,Eyelash,Depth,float,_UseLightFiltering,0
Custom/V4_GaussianPreFilteredSobel,Eyelash,Depth,float,_UseModerateFiltering,0
Custom/V4_GaussianPreFilteredSobel,Eyelash,Depth,float,_UseAggressiveFiltering,1
Custom/V4_GaussianPreFilteredSobel,Eyelash,Depth,color,_InnerLineColor,0|0|0|1
Custom/V4_GaussianPreFilteredSobel,Eyelash,Depth,float,_InnerLineThreshold,0.2
Custom/V4_GaussianPreFilteredSobel,Eyelash,Depth,float,_InnerLineBlur,0.5
Custom/V4_GaussianPreFilteredSobel,Eyelash,Depth,float,_InnerLineStrength,1
Custom/V4_GaussianPreFilteredSobel,Eyelash,Depth,float,_EnableGaussianBlur,1
Custom/V4_GaussianPreFilteredSobel,Eyelash,Depth,float,_BlurRadiusMultiplier,10
Custom/V4_GaussianPreFilteredSobel,Eyelash,Depth,float,_GaussianCenterWeight,0.5
Custom/V4_GaussianPreFilteredSobel,Eyelash,Depth,float,_GaussianCardinalWeight,0.5
Custom/V4_GaussianPreFilteredSobel,Eyelash,Depth,float,_GaussianDiagonalWeight,0.25
Custom/V4_GaussianPreFilteredSobel,Eyelash,Depth,float,_EnableThreshold,1
Custom/V4_GaussianPreFilteredSobel,Eyelash,Depth,float,_ThresholdMinMultiplier,0
Custom/V4_GaussianPreFilteredSobel,Eyelash,Depth,float,_ThresholdMaxMultiplier,1.9
Custom/V4_GaussianPreFilteredSobel,Eyelash,Depth,float,_EnablePass1,1
Custom/V4_GaussianPreFilteredSobel,Eyelash,Depth,float,_EnablePass2,1
Custom/V4_GaussianPreFilteredSobel,Eyelash,Depth,float,_EnablePass3,1
Custom/V4_GaussianPreFilteredSobel,Eyelash,Depth,float,_EnablePass4,1
Custom/V4_GaussianPreFilteredSobel,Eyelash,Depth,float,_SmoothstepTightness,0.5
Custom/V4_GaussianPreFilteredSobel,Eyelash,Depth,float,_EnablePowerCurve,0
Custom/V4_GaussianPreFilteredSobel,Eyelash,Depth,float,_PowerCurve,0.5
Custom/V4_GaussianPreFilteredSobel,Eyelash,Depth,float,_NormalEdgeThreshold,0
Custom/V4_GaussianPreFilteredSobel,Eyelash,Depth,float,_NormalEdgeStrength,0
Custom/V4_GaussianPreFilteredSobel,Eyelash,Depth,float,_NormalEdgeSmoothness,0.01
Custom/V4_GaussianPreFilteredSobel,Eyelash,Depth,float,_FresnelEdgeThreshold,0.3
Custom/V4_GaussianPreFilteredSobel,Eyelash,Depth,float,_FresnelEdgeStrength,0
Custom/V4_GaussianPreFilteredSobel,Eyelash,Depth,color,_EdgeColor,0|0|0|1
Custom/V4_GaussianPreFilteredSobel,Eyelash,Depth,float,_EdgeBlendMode,0
Custom/V4_GaussianPreFilteredSobel,Eyelash,Depth,float,_EnableRim,1
Custom/V4_GaussianPreFilteredSobel,Eyelash,Depth,color,_RimColor,0.408|0.408|0.408|1
Custom/V4_GaussianPreFilteredSobel,Eyelash,Depth,float,_RimPower,4
Custom/V4_GaussianPreFilteredSobel,Eyelash,Depth,color,_AmbientColor,0.35|0.35|0.35|1
Custom/V4_GaussianPreFilteredSobel,Eyelash,Depth,float,_EnableAlphaTest,1
Custom/V4_GaussianPreFilteredSobel,Eyelash,Depth,float,_AlphaCutoff,0.1
Custom/V4_GaussianPreFilteredSobel,Hair,Depth,float,_UseDebugDefaults,0
Custom/V4_GaussianPreFilteredSobel,Hair,Depth,float,_DebugView,0
Custom/V4_GaussianPreFilteredSobel,Hair,Depth,color,_Color,1|1|1|1
Custom/V4_GaussianPreFilteredSobel,Hair,Depth,float,_TextureIntensity,1
Custom/V4_GaussianPreFilteredSobel,Hair,Depth,float,_BumpScale,1
Custom/V4_GaussianPreFilteredSobel,Hair,Depth,float,_LightSensitivity,0.8
Custom/V4_GaussianPreFilteredSobel,Hair,Depth,float,_RampSmoothing,0.05
Custom/V4_GaussianPreFilteredSobel,Hair,Depth,color,_ShadowColor,0.3|0.3|0.45|1
Custom/V4_GaussianPreFilteredSobel,Hair,Depth,float,_ShadowStrength,0.5
Custom/V4_GaussianPreFilteredSobel,Hair,Depth,float,_DetailMode,0
Custom/V4_GaussianPreFilteredSobel,Hair,Depth,float,_DetailBias,0
Custom/V4_GaussianPreFilteredSobel,Hair,Depth,float,_DepthNear,5
Custom/V4_GaussianPreFilteredSobel,Hair,Depth,float,_DepthFar,50
Custom/V4_GaussianPreFilteredSobel,Hair,Depth,float,_ManualDetail,0.5
Custom/V4_GaussianPreFilteredSobel,Hair,Depth,float,_EnableOuterOutline,1
Custom/V4_GaussianPreFilteredSobel,Hair,Depth,float,_OuterOutlineWidth,0.005
Custom/V4_GaussianPreFilteredSobel,Hair,Depth,color,_OuterOutlineColor,0|0|0|1
Custom/V4_GaussianPreFilteredSobel,Hair,Depth,float,_UseOutlineDepthOffset,0
Custom/V4_GaussianPreFilteredSobel,Hair,Depth,float,_OutlineDepthBias,1
Custom/V4_GaussianPreFilteredSobel,Hair,Depth,float,_EnableTextureSobel,1
Custom/V4_GaussianPreFilteredSobel,Hair,Depth,float,_EnableNormalEdges,0
Custom/V4_GaussianPreFilteredSobel,Hair,Depth,float,_EnableFresnelEdge,0
Custom/V4_GaussianPreFilteredSobel,Hair,Depth,float,_UseLightFiltering,0
Custom/V4_GaussianPreFilteredSobel,Hair,Depth,float,_UseModerateFiltering,0
Custom/V4_GaussianPreFilteredSobel,Hair,Depth,float,_UseAggressiveFiltering,1
Custom/V4_GaussianPreFilteredSobel,Hair,Depth,color,_InnerLineColor,0|0|0|1
Custom/V4_GaussianPreFilteredSobel,Hair,Depth,float,_InnerLineThreshold,0.2
Custom/V4_GaussianPreFilteredSobel,Hair,Depth,float,_InnerLineBlur,0.5
Custom/V4_GaussianPreFilteredSobel,Hair,Depth,float,_InnerLineStrength,1
Custom/V4_GaussianPreFilteredSobel,Hair,Depth,float,_EnableGaussianBlur,1
Custom/V4_GaussianPreFilteredSobel,Hair,Depth,float,_BlurRadiusMultiplier,10
Custom/V4_GaussianPreFilteredSobel,Hair,Depth,float,_GaussianCenterWeight,0.5
Custom/V4_GaussianPreFilteredSobel,Hair,Depth,float,_GaussianCardinalWeight,0.5
Custom/V4_GaussianPreFilteredSobel,Hair,Depth,float,_GaussianDiagonalWeight,0.25
Custom/V4_GaussianPreFilteredSobel,Hair,Depth,float,_EnableThreshold,1
Custom/V4_GaussianPreFilteredSobel,Hair,Depth,float,_ThresholdMinMultiplier,0
Custom/V4_GaussianPreFilteredSobel,Hair,Depth,float,_ThresholdMaxMultiplier,1.9
Custom/V4_GaussianPreFilteredSobel,Hair,Depth,float,_EnablePass1,1
Custom/V4_GaussianPreFilteredSobel,Hair,Depth,float,_EnablePass2,1
Custom/V4_GaussianPreFilteredSobel,Hair,Depth,float,_EnablePass3,1
Custom/V4_GaussianPreFilteredSobel,Hair,Depth,float,_EnablePass4,1
Custom/V4_GaussianPreFilteredSobel,Hair,Depth,float,_SmoothstepTightness,0.5
Custom/V4_GaussianPreFilteredSobel,Hair,Depth,float,_EnablePowerCurve,0
Custom/V4_GaussianPreFilteredSobel,Hair,Depth,float,_PowerCurve,0.5
Custom/V4_GaussianPreFilteredSobel,Hair,Depth,float,_NormalEdgeThreshold,0
Custom/V4_GaussianPreFilteredSobel,Hair,Depth,float,_NormalEdgeStrength,0
Custom/V4_GaussianPreFilteredSobel,Hair,Depth,float,_NormalEdgeSmoothness,0.01
Custom/V4_GaussianPreFilteredSobel,Hair,Depth,float,_FresnelEdgeThreshold,0.3
Custom/V4_GaussianPreFilteredSobel,Hair,Depth,float,_FresnelEdgeStrength,0
Custom/V4_GaussianPreFilteredSobel,Hair,Depth,color,_EdgeColor,0|0|0|1
Custom/V4_GaussianPreFilteredSobel,Hair,Depth,float,_EdgeBlendMode,0
Custom/V4_GaussianPreFilteredSobel,Hair,Depth,float,_EnableRim,1
Custom/V4_GaussianPreFilteredSobel,Hair,Depth,color,_RimColor,0.408|0.408|0.408|1
Custom/V4_GaussianPreFilteredSobel,Hair,Depth,float,_RimPower,4
Custom/V4_GaussianPreFilteredSobel,Hair,Depth,color,_AmbientColor,0.35|0.35|0.35|1
Custom/V4_GaussianPreFilteredSobel,Hair,Depth,float,_EnableAlphaTest,1
Custom/V4_GaussianPreFilteredSobel,Hair,Depth,float,_AlphaCutoff,0.1
Custom/V4_GaussianPreFilteredSobel,Shoe,Depth,float,_UseDebugDefaults,0
Custom/V4_GaussianPreFilteredSobel,Shoe,Depth,float,_DebugView,0
Custom/V4_GaussianPreFilteredSobel,Shoe,Depth,color,_Color,1|1|1|1
Custom/V4_GaussianPreFilteredSobel,Shoe,Depth,float,_TextureIntensity,1
Custom/V4_GaussianPreFilteredSobel,Shoe,Depth,float,_BumpScale,1
Custom/V4_GaussianPreFilteredSobel,Shoe,Depth,float,_LightSensitivity,0.8
Custom/V4_GaussianPreFilteredSobel,Shoe,Depth,float,_RampSmoothing,0.05
Custom/V4_GaussianPreFilteredSobel,Shoe,Depth,color,_ShadowColor,0.3|0.3|0.45|1
Custom/V4_GaussianPreFilteredSobel,Shoe,Depth,float,_ShadowStrength,0.5
Custom/V4_GaussianPreFilteredSobel,Shoe,Depth,float,_DetailMode,0
Custom/V4_GaussianPreFilteredSobel,Shoe,Depth,float,_DetailBias,0
Custom/V4_GaussianPreFilteredSobel,Shoe,Depth,float,_DepthNear,5
Custom/V4_GaussianPreFilteredSobel,Shoe,Depth,float,_DepthFar,50
Custom/V4_GaussianPreFilteredSobel,Shoe,Depth,float,_ManualDetail,0.5
Custom/V4_GaussianPreFilteredSobel,Shoe,Depth,float,_EnableOuterOutline,1
Custom/V4_GaussianPreFilteredSobel,Shoe,Depth,float,_OuterOutlineWidth,0.005
Custom/V4_GaussianPreFilteredSobel,Shoe,Depth,color,_OuterOutlineColor,0|0|0|1
Custom/V4_GaussianPreFilteredSobel,Shoe,Depth,float,_UseOutlineDepthOffset,0
Custom/V4_GaussianPreFilteredSobel,Shoe,Depth,float,_OutlineDepthBias,1
Custom/V4_GaussianPreFilteredSobel,Shoe,Depth,float,_EnableTextureSobel,1
Custom/V4_GaussianPreFilteredSobel,Shoe,Depth,float,_EnableNormalEdges,0
Custom/V4_GaussianPreFilteredSobel,Shoe,Depth,float,_EnableFresnelEdge,0
Custom/V4_GaussianPreFilteredSobel,Shoe,Depth,float,_UseLightFiltering,0
Custom/V4_GaussianPreFilteredSobel,Shoe,Depth,float,_UseModerateFiltering,0
Custom/V4_GaussianPreFilteredSobel,Shoe,Depth,float,_UseAggressiveFiltering,1
Custom/V4_GaussianPreFilteredSobel,Shoe,Depth,color,_InnerLineColor,0|0|0|1
Custom/V4_GaussianPreFilteredSobel,Shoe,Depth,float,_InnerLineThreshold,0.2
Custom/V4_GaussianPreFilteredSobel,Shoe,Depth,float,_InnerLineBlur,0.5
Custom/V4_GaussianPreFilteredSobel,Shoe,Depth,float,_InnerLineStrength,1
Custom/V4_GaussianPreFilteredSobel,Shoe,Depth,float,_EnableGaussianBlur,1
Custom/V4_GaussianPreFilteredSobel,Shoe,Depth,float,_BlurRadiusMultiplier,10
Custom/V4_GaussianPreFilteredSobel,Shoe,Depth,float,_GaussianCenterWeight,0.5
Custom/V4_GaussianPreFilteredSobel,Shoe,Depth,float,_GaussianCardinalWeight,0.5
Custom/V4_GaussianPreFilteredSobel,Shoe,Depth,float,_GaussianDiagonalWeight,0.25
Custom/V4_GaussianPreFilteredSobel,Shoe,Depth,float,_EnableThreshold,1
Custom/V4_GaussianPreFilteredSobel,Shoe,Depth,float,_ThresholdMinMultiplier,0
Custom/V4_GaussianPreFilteredSobel,Shoe,Depth,float,_ThresholdMaxMultiplier,1.9
Custom/V4_GaussianPreFilteredSobel,Shoe,Depth,float,_EnablePass1,1
Custom/V4_GaussianPreFilteredSobel,Shoe,Depth,float,_EnablePass2,1
Custom/V4_GaussianPreFilteredSobel,Shoe,Depth,float,_EnablePass3,1
Custom/V4_GaussianPreFilteredSobel,Shoe,Depth,float,_EnablePass4,1
Custom/V4_GaussianPreFilteredSobel,Shoe,Depth,float,_SmoothstepTightness,0.5
Custom/V4_GaussianPreFilteredSobel,Shoe,Depth,float,_EnablePowerCurve,0
Custom/V4_GaussianPreFilteredSobel,Shoe,Depth,float,_PowerCurve,0.5
Custom/V4_GaussianPreFilteredSobel,Shoe,Depth,float,_NormalEdgeThreshold,0
Custom/V4_GaussianPreFilteredSobel,Shoe,Depth,float,_NormalEdgeStrength,0
Custom/V4_GaussianPreFilteredSobel,Shoe,Depth,float,_NormalEdgeSmoothness,0.01
Custom/V4_GaussianPreFilteredSobel,Shoe,Depth,float,_FresnelEdgeThreshold,0.3
Custom/V4_GaussianPreFilteredSobel,Shoe,Depth,float,_FresnelEdgeStrength,0
Custom/V4_GaussianPreFilteredSobel,Shoe,Depth,color,_EdgeColor,0|0|0|1
Custom/V4_GaussianPreFilteredSobel,Shoe,Depth,float,_EdgeBlendMode,0
Custom/V4_GaussianPreFilteredSobel,Shoe,Depth,float,_EnableRim,1
Custom/V4_GaussianPreFilteredSobel,Shoe,Depth,color,_RimColor,0.408|0.408|0.408|1
Custom/V4_GaussianPreFilteredSobel,Shoe,Depth,float,_RimPower,4
Custom/V4_GaussianPreFilteredSobel,Shoe,Depth,color,_AmbientColor,0.35|0.35|0.35|1
Custom/V4_GaussianPreFilteredSobel,Shoe,Depth,float,_EnableAlphaTest,0
Custom/V4_GaussianPreFilteredSobel,Shoe,Depth,float,_AlphaCutoff,0.1
Custom/V4_GaussianPreFilteredSobel,Look,Depth,float,_UseDebugDefaults,0
Custom/V4_GaussianPreFilteredSobel,Look,Depth,float,_DebugView,0
Custom/V4_GaussianPreFilteredSobel,Look,Depth,color,_Color,1|1|1|1
Custom/V4_GaussianPreFilteredSobel,Look,Depth,float,_TextureIntensity,1
Custom/V4_GaussianPreFilteredSobel,Look,Depth,float,_BumpScale,1
Custom/V4_GaussianPreFilteredSobel,Look,Depth,float,_LightSensitivity,0.8
Custom/V4_GaussianPreFilteredSobel,Look,Depth,float,_RampSmoothing,0.05
Custom/V4_GaussianPreFilteredSobel,Look,Depth,color,_ShadowColor,0.3|0.3|0.45|1
Custom/V4_GaussianPreFilteredSobel,Look,Depth,float,_ShadowStrength,0.5
Custom/V4_GaussianPreFilteredSobel,Look,Depth,float,_DetailMode,0
Custom/V4_GaussianPreFilteredSobel,Look,Depth,float,_DetailBias,0
Custom/V4_GaussianPreFilteredSobel,Look,Depth,float,_DepthNear,5
Custom/V4_GaussianPreFilteredSobel,Look,Depth,float,_DepthFar,50
Custom/V4_GaussianPreFilteredSobel,Look,Depth,float,_ManualDetail,0.5
Custom/V4_GaussianPreFilteredSobel,Look,Depth,float,_EnableOuterOutline,1
Custom/V4_GaussianPreFilteredSobel,Look,Depth,float,_OuterOutlineWidth,0.005
Custom/V4_GaussianPreFilteredSobel,Look,Depth,color,_OuterOutlineColor,0|0|0|1
Custom/V4_GaussianPreFilteredSobel,Look,Depth,float,_UseOutlineDepthOffset,0
Custom/V4_GaussianPreFilteredSobel,Look,Depth,float,_OutlineDepthBias,1
Custom/V4_GaussianPreFilteredSobel,Look,Depth,float,_EnableTextureSobel,1
Custom/V4_GaussianPreFilteredSobel,Look,Depth,float,_EnableNormalEdges,0
Custom/V4_GaussianPreFilteredSobel,Look,Depth,float,_EnableFresnelEdge,0
Custom/V4_GaussianPreFilteredSobel,Look,Depth,float,_UseLightFiltering,0
Custom/V4_GaussianPreFilteredSobel,Look,Depth,float,_UseModerateFiltering,0
Custom/V4_GaussianPreFilteredSobel,Look,Depth,float,_UseAggressiveFiltering,1
Custom/V4_GaussianPreFilteredSobel,Look,Depth,color,_InnerLineColor,0|0|0|1
Custom/V4_GaussianPreFilteredSobel,Look,Depth,float,_InnerLineThreshold,0.2
Custom/V4_GaussianPreFilteredSobel,Look,Depth,float,_InnerLineBlur,0.5
Custom/V4_GaussianPreFilteredSobel,Look,Depth,float,_InnerLineStrength,1
Custom/V4_GaussianPreFilteredSobel,Look,Depth,float,_EnableGaussianBlur,1
Custom/V4_GaussianPreFilteredSobel,Look,Depth,float,_BlurRadiusMultiplier,10
Custom/V4_GaussianPreFilteredSobel,Look,Depth,float,_GaussianCenterWeight,0.5
Custom/V4_GaussianPreFilteredSobel,Look,Depth,float,_GaussianCardinalWeight,0.5
Custom/V4_GaussianPreFilteredSobel,Look,Depth,float,_GaussianDiagonalWeight,0.25
Custom/V4_GaussianPreFilteredSobel,Look,Depth,float,_EnableThreshold,1
Custom/V4_GaussianPreFilteredSobel,Look,Depth,float,_ThresholdMinMultiplier,0
Custom/V4_GaussianPreFilteredSobel,Look,Depth,float,_ThresholdMaxMultiplier,1.9
Custom/V4_GaussianPreFilteredSobel,Look,Depth,float,_EnablePass1,1
Custom/V4_GaussianPreFilteredSobel,Look,Depth,float,_EnablePass2,1
Custom/V4_GaussianPreFilteredSobel,Look,Depth,float,_EnablePass3,1
Custom/V4_GaussianPreFilteredSobel,Look,Depth,float,_EnablePass4,1
Custom/V4_GaussianPreFilteredSobel,Look,Depth,float,_SmoothstepTightness,0.5
Custom/V4_GaussianPreFilteredSobel,Look,Depth,float,_EnablePowerCurve,0
Custom/V4_GaussianPreFilteredSobel,Look,Depth,float,_PowerCurve,0.5
Custom/V4_GaussianPreFilteredSobel,Look,Depth,float,_NormalEdgeThreshold,0
Custom/V4_GaussianPreFilteredSobel,Look,Depth,float,_NormalEdgeStrength,0
Custom/V4_GaussianPreFilteredSobel,Look,Depth,float,_NormalEdgeSmoothness,0.01
Custom/V4_GaussianPreFilteredSobel,Look,Depth,float,_FresnelEdgeThreshold,0.3
Custom/V4_GaussianPreFilteredSobel,Look,Depth,float,_FresnelEdgeStrength,0
Custom/V4_GaussianPreFilteredSobel,Look,Depth,color,_EdgeColor,0|0|0|1
Custom/V4_GaussianPreFilteredSobel,Look,Depth,float,_EdgeBlendMode,0
Custom/V4_GaussianPreFilteredSobel,Look,Depth,float,_EnableRim,1
Custom/V4_GaussianPreFilteredSobel,Look,Depth,color,_RimColor,0.408|0.408|0.408|1
Custom/V4_GaussianPreFilteredSobel,Look,Depth,float,_RimPower,4
Custom/V4_GaussianPreFilteredSobel,Look,Depth,color,_AmbientColor,0.35|0.35|0.35|1
Custom/V4_GaussianPreFilteredSobel,Look,Depth,float,_EnableAlphaTest,0
Custom/V4_GaussianPreFilteredSobel,Look,Depth,float,_AlphaCutoff,0.1
Custom/V3_SobelEdgeDetection,Head,Depth,float,_UseDebugDefaults,0
Custom/V3_SobelEdgeDetection,Head,Depth,float,_DebugView,0
Custom/V3_SobelEdgeDetection,Head,Depth,color,_Color,1|1|1|1
Custom/V3_SobelEdgeDetection,Head,Depth,float,_TextureIntensity,1
Custom/V3_SobelEdgeDetection,Head,Depth,float,_BumpScale,1
Custom/V3_SobelEdgeDetection,Head,Depth,float,_LightSensitivity,0.8
Custom/V3_SobelEdgeDetection,Head,Depth,float,_RampSmoothing,0.05
Custom/V3_SobelEdgeDetection,Head,Depth,color,_ShadowColor,0.3|0.3|0.45|1
Custom/V3_SobelEdgeDetection,Head,Depth,float,_ShadowStrength,0.5
Custom/V3_SobelEdgeDetection,Head,Depth,float,_DetailMode,0
Custom/V3_SobelEdgeDetection,Head,Depth,float,_DetailBias,0
Custom/V3_SobelEdgeDetection,Head,Depth,float,_DepthNear,5
Custom/V3_SobelEdgeDetection,Head,Depth,float,_DepthFar,50
Custom/V3_SobelEdgeDetection,Head,Depth,float,_ManualDetail,0.5
Custom/V3_SobelEdgeDetection,Head,Depth,float,_EnableOuterOutline,1
Custom/V3_SobelEdgeDetection,Head,Depth,float,_OuterOutlineWidth,0.005
Custom/V3_SobelEdgeDetection,Head,Depth,color,_OuterOutlineColor,0|0|0|1
Custom/V3_SobelEdgeDetection,Head,Depth,float,_UseOutlineDepthOffset,0
Custom/V3_SobelEdgeDetection,Head,Depth,float,_OutlineDepthBias,1
Custom/V3_SobelEdgeDetection,Head,Depth,float,_EnableInnerLines,1
Custom/V3_SobelEdgeDetection,Head,Depth,color,_InnerLineColor,0|0|0|1
Custom/V3_SobelEdgeDetection,Head,Depth,float,_InnerLineThreshold,0.2
Custom/V3_SobelEdgeDetection,Head,Depth,float,_InnerLineBlur,0.5
Custom/V3_SobelEdgeDetection,Head,Depth,float,_InnerLineStrength,1
Custom/V3_SobelEdgeDetection,Head,Depth,float,_EnableRim,1
Custom/V3_SobelEdgeDetection,Head,Depth,color,_RimColor,0.408|0.408|0.408|1
Custom/V3_SobelEdgeDetection,Head,Depth,float,_RimPower,4
Custom/V3_SobelEdgeDetection,Head,Depth,color,_AmbientColor,0.35|0.35|0.35|1
Custom/V3_SobelEdgeDetection,Head,Depth,float,_EnableAlphaTest,0
Custom/V3_SobelEdgeDetection,Head,Depth,float,_AlphaCutoff,0.1
Custom/V3_SobelEdgeDetection,Body,Depth,float,_UseDebugDefaults,0
Custom/V3_SobelEdgeDetection,Body,Depth,float,_DebugView,0
Custom/V3_SobelEdgeDetection,Body,Depth,color,_Color,1|1|1|1
Custom/V3_SobelEdgeDetection,Body,Depth,float,_TextureIntensity,1
Custom/V3_SobelEdgeDetection,Body,Depth,float,_BumpScale,1
Custom/V3_SobelEdgeDetection,Body,Depth,float,_LightSensitivity,0.8
Custom/V3_SobelEdgeDetection,Body,Depth,float,_RampSmoothing,0.05
Custom/V3_SobelEdgeDetection,Body,Depth,color,_ShadowColor,0.3|0.3|0.45|1
Custom/V3_SobelEdgeDetection,Body,Depth,float,_ShadowStrength,0.5
Custom/V3_SobelEdgeDetection,Body,Depth,float,_DetailMode,0
Custom/V3_SobelEdgeDetection,Body,Depth,float,_DetailBias,0
Custom/V3_SobelEdgeDetection,Body,Depth,float,_DepthNear,5
Custom/V3_SobelEdgeDetection,Body,Depth,float,_DepthFar,50
Custom/V3_SobelEdgeDetection,Body,Depth,float,_ManualDetail,0.5
Custom/V3_SobelEdgeDetection,Body,Depth,float,_EnableOuterOutline,1
Custom/V3_SobelEdgeDetection,Body,Depth,float,_OuterOutlineWidth,0.005
Custom/V3_SobelEdgeDetection,Body,Depth,color,_OuterOutlineColor,0|0|0|1
Custom/V3_SobelEdgeDetection,Body,Depth,float,_UseOutlineDepthOffset,0
Custom/V3_SobelEdgeDetection,Body,Depth,float,_OutlineDepthBias,1
Custom/V3_SobelEdgeDetection,Body,Depth,float,_EnableInnerLines,1
Custom/V3_SobelEdgeDetection,Body,Depth,color,_InnerLineColor,0|0|0|1
Custom/V3_SobelEdgeDetection,Body,Depth,float,_InnerLineThreshold,0.2
Custom/V3_SobelEdgeDetection,Body,Depth,float,_InnerLineBlur,0.5
Custom/V3_SobelEdgeDetection,Body,Depth,float,_InnerLineStrength,1
Custom/V3_SobelEdgeDetection,Body,Depth,float,_EnableRim,1
Custom/V3_SobelEdgeDetection,Body,Depth,color,_RimColor,0.408|0.408|0.408|1
Custom/V3_SobelEdgeDetection,Body,Depth,float,_RimPower,4
Custom/V3_SobelEdgeDetection,Body,Depth,color,_AmbientColor,0.35|0.35|0.35|1
Custom/V3_SobelEdgeDetection,Body,Depth,float,_EnableAlphaTest,0
Custom/V3_SobelEdgeDetection,Body,Depth,float,_AlphaCutoff,0.1
Custom/V3_SobelEdgeDetection,Look,Depth,float,_UseDebugDefaults,0
Custom/V3_SobelEdgeDetection,Look,Depth,float,_DebugView,0
Custom/V3_SobelEdgeDetection,Look,Depth,color,_Color,1|1|1|1
Custom/V3_SobelEdgeDetection,Look,Depth,float,_TextureIntensity,1
Custom/V3_SobelEdgeDetection,Look,Depth,float,_BumpScale,1
Custom/V3_SobelEdgeDetection,Look,Depth,float,_LightSensitivity,0.8
Custom/V3_SobelEdgeDetection,Look,Depth,float,_RampSmoothing,0.05
Custom/V3_SobelEdgeDetection,Look,Depth,color,_ShadowColor,0.3|0.3|0.45|1
Custom/V3_SobelEdgeDetection,Look,Depth,float,_ShadowStrength,0.5
Custom/V3_SobelEdgeDetection,Look,Depth,float,_DetailMode,0
Custom/V3_SobelEdgeDetection,Look,Depth,float,_DetailBias,0
Custom/V3_SobelEdgeDetection,Look,Depth,float,_DepthNear,5
Custom/V3_SobelEdgeDetection,Look,Depth,float,_DepthFar,50
Custom/V3_SobelEdgeDetection,Look,Depth,float,_ManualDetail,0.5
Custom/V3_SobelEdgeDetection,Look,Depth,float,_EnableOuterOutline,1
Custom/V3_SobelEdgeDetection,Look,Depth,float,_OuterOutlineWidth,0.005
Custom/V3_SobelEdgeDetection,Look,Depth,color,_OuterOutlineColor,0|0|0|1
Custom/V3_SobelEdgeDetection,Look,Depth,float,_UseOutlineDepthOffset,0
Custom/V3_SobelEdgeDetection,Look,Depth,float,_OutlineDepthBias,1
Custom/V3_SobelEdgeDetection,Look,Depth,float,_EnableInnerLines,1
Custom/V3_SobelEdgeDetection,Look,Depth,color,_InnerLineColor,0|0|0|1
Custom/V3_SobelEdgeDetection,Look,Depth,float,_InnerLineThreshold,0.2
Custom/V3_SobelEdgeDetection,Look,Depth,float,_InnerLineBlur,0.5
Custom/V3_SobelEdgeDetection,Look,Depth,float,_InnerLineStrength,1
Custom/V3_SobelEdgeDetection,Look,Depth,float,_EnableRim,1
Custom/V3_SobelEdgeDetection,Look,Depth,color,_RimColor,0.408|0.408|0.408|1
Custom/V3_SobelEdgeDetection,Look,Depth,float,_RimPower,4
Custom/V3_SobelEdgeDetection,Look,Depth,color,_AmbientColor,0.35|0.35|0.35|1
Custom/V3_SobelEdgeDetection,Look,Depth,float,_EnableAlphaTest,0
Custom/V3_SobelEdgeDetection,Look,Depth,float,_AlphaCutoff,0.1
Custom/V3_SobelEdgeDetection,Shoe,Depth,float,_UseDebugDefaults,0
Custom/V3_SobelEdgeDetection,Shoe,Depth,float,_DebugView,0
Custom/V3_SobelEdgeDetection,Shoe,Depth,color,_Color,1|1|1|1
Custom/V3_SobelEdgeDetection,Shoe,Depth,float,_TextureIntensity,1
Custom/V3_SobelEdgeDetection,Shoe,Depth,float,_BumpScale,1
Custom/V3_SobelEdgeDetection,Shoe,Depth,float,_LightSensitivity,0.8
Custom/V3_SobelEdgeDetection,Shoe,Depth,float,_RampSmoothing,0.05
Custom/V3_SobelEdgeDetection,Shoe,Depth,color,_ShadowColor,0.3|0.3|0.45|1
Custom/V3_SobelEdgeDetection,Shoe,Depth,float,_ShadowStrength,0.5
Custom/V3_SobelEdgeDetection,Shoe,Depth,float,_DetailMode,0
Custom/V3_SobelEdgeDetection,Shoe,Depth,float,_DetailBias,0
Custom/V3_SobelEdgeDetection,Shoe,Depth,float,_DepthNear,5
Custom/V3_SobelEdgeDetection,Shoe,Depth,float,_DepthFar,50
Custom/V3_SobelEdgeDetection,Shoe,Depth,float,_ManualDetail,0.5
Custom/V3_SobelEdgeDetection,Shoe,Depth,float,_EnableOuterOutline,1
Custom/V3_SobelEdgeDetection,Shoe,Depth,float,_OuterOutlineWidth,0.005
Custom/V3_SobelEdgeDetection,Shoe,Depth,color,_OuterOutlineColor,0|0|0|1
Custom/V3_SobelEdgeDetection,Shoe,Depth,float,_UseOutlineDepthOffset,0
Custom/V3_SobelEdgeDetection,Shoe,Depth,float,_OutlineDepthBias,1
Custom/V3_SobelEdgeDetection,Shoe,Depth,float,_EnableInnerLines,1
Custom/V3_SobelEdgeDetection,Shoe,Depth,color,_InnerLineColor,0|0|0|1
Custom/V3_SobelEdgeDetection,Shoe,Depth,float,_InnerLineThreshold,0.2
Custom/V3_SobelEdgeDetection,Shoe,Depth,float,_InnerLineBlur,0.5
Custom/V3_SobelEdgeDetection,Shoe,Depth,float,_InnerLineStrength,1
Custom/V3_SobelEdgeDetection,Shoe,Depth,float,_EnableRim,1
Custom/V3_SobelEdgeDetection,Shoe,Depth,color,_RimColor,0.408|0.408|0.408|1
Custom/V3_SobelEdgeDetection,Shoe,Depth,float,_RimPower,4
Custom/V3_SobelEdgeDetection,Shoe,Depth,color,_AmbientColor,0.35|0.35|0.35|1
Custom/V3_SobelEdgeDetection,Shoe,Depth,float,_EnableAlphaTest,0
Custom/V3_SobelEdgeDetection,Shoe,Depth,float,_AlphaCutoff,0.1
Custom/V3_SobelEdgeDetection,Look,Curvature,float,_UseDebugDefaults,0
Custom/V3_SobelEdgeDetection,Look,Curvature,float,_DebugView,0
Custom/V3_SobelEdgeDetection,Look,Curvature,color,_Color,1|1|1|1
Custom/V3_SobelEdgeDetection,Look,Curvature,float,_TextureIntensity,1
Custom/V3_SobelEdgeDetection,Look,Curvature,float,_BumpScale,1
Custom/V3_SobelEdgeDetection,Look,Curvature,float,_LightSensitivity,0.8
Custom/V3_SobelEdgeDetection,Look,Curvature,float,_RampSmoothing,0.05
Custom/V3_SobelEdgeDetection,Look,Curvature,color,_ShadowColor,0.3|0.3|0.45|1
Custom/V3_SobelEdgeDetection,Look,Curvature,float,_ShadowStrength,0.5
Custom/V3_SobelEdgeDetection,Look,Curvature,float,_DetailMode,0
Custom/V3_SobelEdgeDetection,Look,Curvature,float,_DetailBias,0
Custom/V3_SobelEdgeDetection,Look,Curvature,float,_DepthNear,5
Custom/V3_SobelEdgeDetection,Look,Curvature,float,_DepthFar,50
Custom/V3_SobelEdgeDetection,Look,Curvature,float,_ManualDetail,0.5
Custom/V3_SobelEdgeDetection,Look,Curvature,float,_EnableOuterOutline,1
Custom/V3_SobelEdgeDetection,Look,Curvature,float,_OuterOutlineWidth,0.005
Custom/V3_SobelEdgeDetection,Look,Curvature,color,_OuterOutlineColor,0|0|0|1
Custom/V3_SobelEdgeDetection,Look,Curvature,float,_UseOutlineDepthOffset,0
Custom/V3_SobelEdgeDetection,Look,Curvature,float,_OutlineDepthBias,1
Custom/V3_SobelEdgeDetection,Look,Curvature,float,_EnableInnerLines,1
Custom/V3_SobelEdgeDetection,Look,Curvature,color,_InnerLineColor,0|0|0|1
Custom/V3_SobelEdgeDetection,Look,Curvature,float,_InnerLineThreshold,0.05
Custom/V3_SobelEdgeDetection,Look,Curvature,float,_InnerLineBlur,0.5
Custom/V3_SobelEdgeDetection,Look,Curvature,float,_InnerLineStrength,1
Custom/V3_SobelEdgeDetection,Look,Curvature,float,_EnableRim,1
Custom/V3_SobelEdgeDetection,Look,Curvature,color,_RimColor,0.408|0.408|0.408|1
Custom/V3_SobelEdgeDetection,Look,Curvature,float,_RimPower,4
Custom/V3_SobelEdgeDetection,Look,Curvature,color,_AmbientColor,0.35|0.35|0.35|1
Custom/V3_SobelEdgeDetection,Look,Curvature,float,_EnableAlphaTest,0
Custom/V3_SobelEdgeDetection,Look,Curvature,float,_AlphaCutoff,0.1
Custom/V3_SobelEdgeDetection,Eyelash,Curvature,float,_UseDebugDefaults,0
Custom/V3_SobelEdgeDetection,Eyelash,Curvature,float,_DebugView,0
Custom/V3_SobelEdgeDetection,Eyelash,Curvature,color,_Color,1|1|1|1
Custom/V3_SobelEdgeDetection,Eyelash,Curvature,float,_TextureIntensity,1
Custom/V3_SobelEdgeDetection,Eyelash,Curvature,float,_BumpScale,1
Custom/V3_SobelEdgeDetection,Eyelash,Curvature,float,_LightSensitivity,0.8
Custom/V3_SobelEdgeDetection,Eyelash,Curvature,float,_RampSmoothing,0.05
Custom/V3_SobelEdgeDetection,Eyelash,Curvature,color,_ShadowColor,0.3|0.3|0.45|1
Custom/V3_SobelEdgeDetection,Eyelash,Curvature,float,_ShadowStrength,0.5
Custom/V3_SobelEdgeDetection,Eyelash,Curvature,float,_DetailMode,0
Custom/V3_SobelEdgeDetection,Eyelash,Curvature,float,_DetailBias,0
Custom/V3_SobelEdgeDetection,Eyelash,Curvature,float,_DepthNear,5
Custom/V3_SobelEdgeDetection,Eyelash,Curvature,float,_DepthFar,50
Custom/V3_SobelEdgeDetection,Eyelash,Curvature,float,_ManualDetail,0.5
Custom/V3_SobelEdgeDetection,Eyelash,Curvature,float,_EnableOuterOutline,1
Custom/V3_SobelEdgeDetection,Eyelash,Curvature,float,_OuterOutlineWidth,0.005
Custom/V3_SobelEdgeDetection,Eyelash,Curvature,color,_OuterOutlineColor,0|0|0|1
Custom/V3_SobelEdgeDetection,Eyelash,Curvature,float,_UseOutlineDepthOffset,0
Custom/V3_SobelEdgeDetection,Eyelash,Curvature,float,_OutlineDepthBias,1
Custom/V3_SobelEdgeDetection,Eyelash,Curvature,float,_EnableInnerLines,1
Custom/V3_SobelEdgeDetection,Eyelash,Curvature,color,_InnerLineColor,0|0|0|1
Custom/V3_SobelEdgeDetection,Eyelash,Curvature,float,_InnerLineThreshold,0.15
Custom/V3_SobelEdgeDetection,Eyelash,Curvature,float,_InnerLineBlur,0.5
Custom/V3_SobelEdgeDetection,Eyelash,Curvature,float,_InnerLineStrength,1
Custom/V3_SobelEdgeDetection,Eyelash,Curvature,float,_EnableRim,1
Custom/V3_SobelEdgeDetection,Eyelash,Curvature,color,_RimColor,0.408|0.408|0.408|1
Custom/V3_SobelEdgeDetection,Eyelash,Curvature,float,_RimPower,4
Custom/V3_SobelEdgeDetection,Eyelash,Curvature,color,_AmbientColor,0.35|0.35|0.35|1
Custom/V3_SobelEdgeDetection,Eyelash,Curvature,float,_EnableAlphaTest,1
Custom/V3_SobelEdgeDetection,Eyelash,Curvature,float,_AlphaCutoff,0.1
Custom/V3_SobelEdgeDetection,Head,Curvature,float,_UseDebugDefaults,0
Custom/V3_SobelEdgeDetection,Head,Curvature,float,_DebugView,0
Custom/V3_SobelEdgeDetection,Head,Curvature,color,_Color,1|1|1|1
Custom/V3_SobelEdgeDetection,Head,Curvature,float,_TextureIntensity,1
Custom/V3_SobelEdgeDetection,Head,Curvature,float,_BumpScale,1
Custom/V3_SobelEdgeDetection,Head,Curvature,float,_LightSensitivity,0.8
Custom/V3_SobelEdgeDetection,Head,Curvature,float,_RampSmoothing,0.05
Custom/V3_SobelEdgeDetection,Head,Curvature,color,_ShadowColor,0.3|0.3|0.45|1
Custom/V3_SobelEdgeDetection,Head,Curvature,float,_ShadowStrength,0.5
Custom/V3_SobelEdgeDetection,Head,Curvature,float,_DetailMode,0
Custom/V3_SobelEdgeDetection,Head,Curvature,float,_DetailBias,0
Custom/V3_SobelEdgeDetection,Head,Curvature,float,_DepthNear,5
Custom/V3_SobelEdgeDetection,Head,Curvature,float,_DepthFar,50
Custom/V3_SobelEdgeDetection,Head,Curvature,float,_ManualDetail,0.5
Custom/V3_SobelEdgeDetection,Head,Curvature,float,_EnableOuterOutline,1
Custom/V3_SobelEdgeDetection,Head,Curvature,float,_OuterOutlineWidth,0.005
Custom/V3_SobelEdgeDetection,Head,Curvature,color,_OuterOutlineColor,0|0|0|1
Custom/V3_SobelEdgeDetection,Head,Curvature,float,_UseOutlineDepthOffset,0
Custom/V3_SobelEdgeDetection,Head,Curvature,float,_OutlineDepthBias,1
Custom/V3_SobelEdgeDetection,Head,Curvature,float,_EnableInnerLines,1
Custom/V3_SobelEdgeDetection,Head,Curvature,color,_InnerLineColor,0|0|0|1
Custom/V3_SobelEdgeDetection,Head,Curvature,float,_InnerLineThreshold,0.15
Custom/V3_SobelEdgeDetection,Head,Curvature,float,_InnerLineBlur,0.5
Custom/V3_SobelEdgeDetection,Head,Curvature,float,_InnerLineStrength,1
Custom/V3_SobelEdgeDetection,Head,Curvature,float,_EnableRim,1
Custom/V3_SobelEdgeDetection,Head,Curvature,color,_RimColor,0.408|0.408|0.408|1
Custom/V3_SobelEdgeDetection,Head,Curvature,float,_RimPower,4
Custom/V3_SobelEdgeDetection,Head,Curvature,color,_AmbientColor,0.35|0.35|0.35|1
Custom/V3_SobelEdgeDetection,Head,Curvature,float,_EnableAlphaTest,0
Custom/V3_SobelEdgeDetection,Head,Curvature,float,_AlphaCutoff,0.1
Custom/V3_SobelEdgeDetection,Hair,Curvature,float,_UseDebugDefaults,0
Custom/V3_SobelEdgeDetection,Hair,Curvature,float,_DebugView,0
Custom/V3_SobelEdgeDetection,Hair,Curvature,color,_Color,1|1|1|1
Custom/V3_SobelEdgeDetection,Hair,Curvature,float,_TextureIntensity,1
Custom/V3_SobelEdgeDetection,Hair,Curvature,float,_BumpScale,1
Custom/V3_SobelEdgeDetection,Hair,Curvature,float,_LightSensitivity,0.8
Custom/V3_SobelEdgeDetection,Hair,Curvature,float,_RampSmoothing,0.05
Custom/V3_SobelEdgeDetection,Hair,Curvature,color,_ShadowColor,0.3|0.3|0.45|1
Custom/V3_SobelEdgeDetection,Hair,Curvature,float,_ShadowStrength,0.5
Custom/V3_SobelEdgeDetection,Hair,Curvature,float,_DetailMode,0
Custom/V3_SobelEdgeDetection,Hair,Curvature,float,_DetailBias,0
Custom/V3_SobelEdgeDetection,Hair,Curvature,float,_DepthNear,5
Custom/V3_SobelEdgeDetection,Hair,Curvature,float,_DepthFar,50
Custom/V3_SobelEdgeDetection,Hair,Curvature,float,_ManualDetail,0.5
Custom/V3_SobelEdgeDetection,Hair,Curvature,float,_EnableOuterOutline,1
Custom/V3_SobelEdgeDetection,Hair,Curvature,float,_OuterOutlineWidth,0.005
Custom/V3_SobelEdgeDetection,Hair,Curvature,color,_OuterOutlineColor,0|0|0|1
Custom/V3_SobelEdgeDetection,Hair,Curvature,float,_UseOutlineDepthOffset,0
Custom/V3_SobelEdgeDetection,Hair,Curvature,float,_OutlineDepthBias,1
Custom/V3_SobelEdgeDetection,Hair,Curvature,float,_EnableInnerLines,1
Custom/V3_SobelEdgeDetection,Hair,Curvature,color,_InnerLineColor,0|0|0|1
Custom/V3_SobelEdgeDetection,Hair,Curvature,float,_InnerLineThreshold,0.15
Custom/V3_SobelEdgeDetection,Hair,Curvature,float,_InnerLineBlur,0.5
Custom/V3_SobelEdgeDetection,Hair,Curvature,float,_InnerLineStrength,1
Custom/V3_SobelEdgeDetection,Hair,Curvature,float,_EnableRim,1
Custom/V3_SobelEdgeDetection,Hair,Curvature,color,_RimColor,0.408|0.408|0.408|1
Custom/V3_SobelEdgeDetection,Hair,Curvature,float,_RimPower,4
Custom/V3_SobelEdgeDetection,Hair,Curvature,color,_AmbientColor,0.35|0.35|0.35|1
Custom/V3_SobelEdgeDetection,Hair,Curvature,float,_EnableAlphaTest,1
Custom/V3_SobelEdgeDetection,Hair,Curvature,float,_AlphaCutoff,0.1
Custom/V4_GaussianPreFilteredSobel,Body,Curvature,float,_UseDebugDefaults,0
Custom/V4_GaussianPreFilteredSobel,Body,Curvature,float,_DebugView,0
Custom/V4_GaussianPreFilteredSobel,Body,Curvature,color,_Color,1|1|1|1
Custom/V4_GaussianPreFilteredSobel,Body,Curvature,float,_TextureIntensity,1
Custom/V4_GaussianPreFilteredSobel,Body,Curvature,float,_BumpScale,1
Custom/V4_GaussianPreFilteredSobel,Body,Curvature,float,_LightSensitivity,0.8
Custom/V4_GaussianPreFilteredSobel,Body,Curvature,float,_RampSmoothing,0.05
Custom/V4_GaussianPreFilteredSobel,Body,Curvature,color,_ShadowColor,0.3|0.3|0.45|1
Custom/V4_GaussianPreFilteredSobel,Body,Curvature,float,_ShadowStrength,0.5
Custom/V4_GaussianPreFilteredSobel,Body,Curvature,float,_DetailMode,0
Custom/V4_GaussianPreFilteredSobel,Body,Curvature,float,_DetailBias,0
Custom/V4_GaussianPreFilteredSobel,Body,Curvature,float,_DepthNear,5
Custom/V4_GaussianPreFilteredSobel,Body,Curvature,float,_DepthFar,50
Custom/V4_GaussianPreFilteredSobel,Body,Curvature,float,_ManualDetail,0.5
Custom/V4_GaussianPreFilteredSobel,Body,Curvature,float,_EnableOuterOutline,1
Custom/V4_GaussianPreFilteredSobel,Body,Curvature,float,_OuterOutlineWidth,0.005
Custom/V4_GaussianPreFilteredSobel,Body,Curvature,color,_OuterOutlineColor,0|0|0|1
Custom/V4_GaussianPreFilteredSobel,Body,Curvature,float,_UseOutlineDepthOffset,0
Custom/V4_GaussianPreFilteredSobel,Body,Curvature,float,_OutlineDepthBias,1
Custom/V4_GaussianPreFilteredSobel,Body,Curvature,float,_EnableTextureSobel,1
Custom/V4_GaussianPreFilteredSobel,Body,Curvature,float,_EnableNormalEdges,0
Custom/V4_GaussianPreFilteredSobel,Body,Curvature,float,_EnableFresnelEdge,0
Custom/V4_GaussianPreFilteredSobel,Body,Curvature,float,_UseLightFiltering,0
Custom/V4_GaussianPreFilteredSobel,Body,Curvature,float,_UseModerateFiltering,0
Custom/V4_GaussianPreFilteredSobel,Body,Curvature,float,_UseAggressiveFiltering,1
Custom/V4_GaussianPreFilteredSobel,Body,Curvature,color,_InnerLineColor,0|0|0|1
Custom/V4_GaussianPreFilteredSobel,Body,Curvature,float,_InnerLineThreshold,0.15
Custom/V4_GaussianPreFilteredSobel,Body,Curvature,float,_InnerLineBlur,0.5
Custom/V4_GaussianPreFilteredSobel,Body,Curvature,float,_InnerLineStrength,1
Custom/V4_GaussianPreFilteredSobel,Body,Curvature,float,_EnableGaussianBlur,1
Custom/V4_GaussianPreFilteredSobel,Body,Curvature,float,_BlurRadiusMultiplier,10
Custom/V4_GaussianPreFilteredSobel,Body,Curvature,float,_GaussianCenterWeight,0.443
Custom/V4_GaussianPreFilteredSobel,Body,Curvature,float,_GaussianCardinalWeight,0.317
Custom/V4_GaussianPreFilteredSobel,Body,Curvature,float,_GaussianDiagonalWeight,0.183
Custom/V4_GaussianPreFilteredSobel,Body,Curvature,float,_EnableThreshold,1
Custom/V4_GaussianPreFilteredSobel,Body,Curvature,float,_ThresholdMinMultiplier,0
Custom/V4_GaussianPreFilteredSobel,Body,Curvature,float,_ThresholdMaxMultiplier,1.97
Custom/V4_GaussianPreFilteredSobel,Body,Curvature,float,_EnablePass1,1
Custom/V4_GaussianPreFilteredSobel,Body,Curvature,float,_EnablePass2,1
Custom/V4_GaussianPreFilteredSobel,Body,Curvature,float,_EnablePass3,1
Custom/V4_GaussianPreFilteredSobel,Body,Curvature,float,_EnablePass4,1
Custom/V4_GaussianPreFilteredSobel,Body,Curvature,float,_SmoothstepTightness,0.5
Custom/V4_GaussianPreFilteredSobel,Body,Curvature,float,_EnablePowerCurve,0
Custom/V4_GaussianPreFilteredSobel,Body,Curvature,float,_PowerCurve,0.5
Custom/V4_GaussianPreFilteredSobel,Body,Curvature,float,_NormalEdgeThreshold,0
Custom/V4_GaussianPreFilteredSobel,Body,Curvature,float,_NormalEdgeStrength,0
Custom/V4_GaussianPreFilteredSobel,Body,Curvature,float,_NormalEdgeSmoothness,0.01
Custom/V4_GaussianPreFilteredSobel,Body,Curvature,float,_FresnelEdgeThreshold,0.3
Custom/V4_GaussianPreFilteredSobel,Body,Curvature,float,_FresnelEdgeStrength,0
Custom/V4_GaussianPreFilteredSobel,Body,Curvature,color,_EdgeColor,0|0|0|1
Custom/V4_GaussianPreFilteredSobel,Body,Curvature,float,_EdgeBlendMode,0
Custom/V4_GaussianPreFilteredSobel,Body,Curvature,float,_EnableRim,1
Custom/V4_GaussianPreFilteredSobel,Body,Curvature,color,_RimColor,0.408|0.408|0.408|1
Custom/V4_GaussianPreFilteredSobel,Body,Curvature,float,_RimPower,4
Custom/V4_GaussianPreFilteredSobel,Body,Curvature,color,_AmbientColor,0.35|0.35|0.35|1
Custom/V4_GaussianPreFilteredSobel,Body,Curvature,float,_EnableAlphaTest,0
Custom/V4_GaussianPreFilteredSobel,Body,Curvature,float,_AlphaCutoff,0.1
Custom/V4_GaussianPreFilteredSobel,Eyelash,Curvature,float,_UseDebugDefaults,0
Custom/V4_GaussianPreFilteredSobel,Eyelash,Curvature,float,_DebugView,0
Custom/V4_GaussianPreFilteredSobel,Eyelash,Curvature,color,_Color,1|1|1|1
Custom/V4_GaussianPreFilteredSobel,Eyelash,Curvature,float,_TextureIntensity,1
Custom/V4_GaussianPreFilteredSobel,Eyelash,Curvature,float,_BumpScale,1
Custom/V4_GaussianPreFilteredSobel,Eyelash,Curvature,float,_LightSensitivity,0.8
Custom/V4_GaussianPreFilteredSobel,Eyelash,Curvature,float,_RampSmoothing,0.05
Custom/V4_GaussianPreFilteredSobel,Eyelash,Curvature,color,_ShadowColor,0.3|0.3|0.45|1
Custom/V4_GaussianPreFilteredSobel,Eyelash,Curvature,float,_ShadowStrength,0.5
Custom/V4_GaussianPreFilteredSobel,Eyelash,Curvature,float,_DetailMode,0
Custom/V4_GaussianPreFilteredSobel,Eyelash,Curvature,float,_DetailBias,0
Custom/V4_GaussianPreFilteredSobel,Eyelash,Curvature,float,_DepthNear,5
Custom/V4_GaussianPreFilteredSobel,Eyelash,Curvature,float,_DepthFar,50
Custom/V4_GaussianPreFilteredSobel,Eyelash,Curvature,float,_ManualDetail,0.5
Custom/V4_GaussianPreFilteredSobel,Eyelash,Curvature,float,_EnableOuterOutline,1
Custom/V4_GaussianPreFilteredSobel,Eyelash,Curvature,float,_OuterOutlineWidth,0.005
Custom/V4_GaussianPreFilteredSobel,Eyelash,Curvature,color,_OuterOutlineColor,0|0|0|1
Custom/V4_GaussianPreFilteredSobel,Eyelash,Curvature,float,_UseOutlineDepthOffset,0
Custom/V4_GaussianPreFilteredSobel,Eyelash,Curvature,float,_OutlineDepthBias,1
Custom/V4_GaussianPreFilteredSobel,Eyelash,Curvature,float,_EnableTextureSobel,1
Custom/V4_GaussianPreFilteredSobel,Eyelash,Curvature,float,_EnableNormalEdges,0
Custom/V4_GaussianPreFilteredSobel,Eyelash,Curvature,float,_EnableFresnelEdge,0
Custom/V4_GaussianPreFilteredSobel,Eyelash,Curvature,float,_UseLightFiltering,0
Custom/V4_GaussianPreFilteredSobel,Eyelash,Curvature,float,_UseModerateFiltering,0
Custom/V4_GaussianPreFilteredSobel,Eyelash,Curvature,float,_UseAggressiveFiltering,1
Custom/V4_GaussianPreFilteredSobel,Eyelash,Curvature,color,_InnerLineColor,0|0|0|1
Custom/V4_GaussianPreFilteredSobel,Eyelash,Curvature,float,_InnerLineThreshold,0.15
Custom/V4_GaussianPreFilteredSobel,Eyelash,Curvature,float,_InnerLineBlur,0.5
Custom/V4_GaussianPreFilteredSobel,Eyelash,Curvature,float,_InnerLineStrength,1
Custom/V4_GaussianPreFilteredSobel,Eyelash,Curvature,float,_EnableGaussianBlur,1
Custom/V4_GaussianPreFilteredSobel,Eyelash,Curvature,float,_BlurRadiusMultiplier,10
Custom/V4_GaussianPreFilteredSobel,Eyelash,Curvature,float,_GaussianCenterWeight,0.5
Custom/V4_GaussianPreFilteredSobel,Eyelash,Curvature,float,_GaussianCardinalWeight,0.5
Custom/V4_GaussianPreFilteredSobel,Eyelash,Curvature,float,_GaussianDiagonalWeight,0.25
Custom/V4_GaussianPreFilteredSobel,Eyelash,Curvature,float,_EnableThreshold,1
Custom/V4_GaussianPreFilteredSobel,Eyelash,Curvature,float,_ThresholdMinMultiplier,0
Custom/V4_GaussianPreFilteredSobel,Eyelash,Curvature,float,_ThresholdMaxMultiplier,1.9
Custom/V4_GaussianPreFilteredSobel,Eyelash,Curvature,float,_EnablePass1,1
Custom/V4_GaussianPreFilteredSobel,Eyelash,Curvature,float,_EnablePass2,1
Custom/V4_GaussianPreFilteredSobel,Eyelash,Curvature,float,_EnablePass3,1
Custom/V4_GaussianPreFilteredSobel,Eyelash,Curvature,float,_EnablePass4,1
Custom/V4_GaussianPreFilteredSobel,Eyelash,Curvature,float,_SmoothstepTightness,0.5
Custom/V4_GaussianPreFilteredSobel,Eyelash,Curvature,float,_EnablePowerCurve,0
Custom/V4_GaussianPreFilteredSobel,Eyelash,Curvature,float,_PowerCurve,0.5
Custom/V4_GaussianPreFilteredSobel,Eyelash,Curvature,float,_NormalEdgeThreshold,0
Custom/V4_GaussianPreFilteredSobel,Eyelash,Curvature,float,_NormalEdgeStrength,0
Custom/V4_GaussianPreFilteredSobel,Eyelash,Curvature,float,_NormalEdgeSmoothness,0.01
Custom/V4_GaussianPreFilteredSobel,Eyelash,Curvature,float,_FresnelEdgeThreshold,0.3
Custom/V4_GaussianPreFilteredSobel,Eyelash,Curvature,float,_FresnelEdgeStrength,0
Custom/V4_GaussianPreFilteredSobel,Eyelash,Curvature,color,_EdgeColor,0|0|0|1
Custom/V4_GaussianPreFilteredSobel,Eyelash,Curvature,float,_EdgeBlendMode,0
Custom/V4_GaussianPreFilteredSobel,Eyelash,Curvature,float,_EnableRim,1
Custom/V4_GaussianPreFilteredSobel,Eyelash,Curvature,color,_RimColor,0.408|0.408|0.408|1
Custom/V4_GaussianPreFilteredSobel,Eyelash,Curvature,float,_RimPower,4
Custom/V4_GaussianPreFilteredSobel,Eyelash,Curvature,color,_AmbientColor,0.35|0.35|0.35|1
Custom/V4_GaussianPreFilteredSobel,Eyelash,Curvature,float,_EnableAlphaTest,1
Custom/V4_GaussianPreFilteredSobel,Eyelash,Curvature,float,_AlphaCutoff,0.1
Custom/V4_GaussianPreFilteredSobel,Hair,Curvature,float,_UseDebugDefaults,1
Custom/V4_GaussianPreFilteredSobel,Hair,Curvature,float,_DebugView,0
Custom/V4_GaussianPreFilteredSobel,Hair,Curvature,color,_Color,1|1|1|1
Custom/V4_GaussianPreFilteredSobel,Hair,Curvature,float,_TextureIntensity,1
Custom/V4_GaussianPreFilteredSobel,Hair,Curvature,float,_BumpScale,1
Custom/V4_GaussianPreFilteredSobel,Hair,Curvature,float,_LightSensitivity,0.8
Custom/V4_GaussianPreFilteredSobel,Hair,Curvature,float,_RampSmoothing,0.05
Custom/V4_GaussianPreFilteredSobel,Hair,Curvature,color,_ShadowColor,0.3|0.3|0.45|1
Custom/V4_GaussianPreFilteredSobel,Hair,Curvature,float,_ShadowStrength,0.5
Custom/V4_GaussianPreFilteredSobel,Hair,Curvature,float,_DetailMode,0
Custom/V4_GaussianPreFilteredSobel,Hair,Curvature,float,_DetailBias,0
Custom/V4_GaussianPreFilteredSobel,Hair,Curvature,float,_DepthNear,5
Custom/V4_GaussianPreFilteredSobel,Hair,Curvature,float,_DepthFar,50
Custom/V4_GaussianPreFilteredSobel,Hair,Curvature,float,_ManualDetail,0.5
Custom/V4_GaussianPreFilteredSobel,Hair,Curvature,float,_EnableOuterOutline,1
Custom/V4_GaussianPreFilteredSobel,Hair,Curvature,float,_OuterOutlineWidth,0.005
Custom/V4_GaussianPreFilteredSobel,Hair,Curvature,color,_OuterOutlineColor,0|0|0|1
Custom/V4_GaussianPreFilteredSobel,Hair,Curvature,float,_UseOutlineDepthOffset,1
Custom/V4_GaussianPreFilteredSobel,Hair,Curvature,float,_OutlineDepthBias,1
Custom/V4_GaussianPreFilteredSobel,Hair,Curvature,float,_EnableTextureSobel,1
Custom/V4_GaussianPreFilteredSobel,Hair,Curvature,float,_EnableNormalEdges,0
Custom/V4_GaussianPreFilteredSobel,Hair,Curvature,float,_EnableFresnelEdge,0
Custom/V4_GaussianPreFilteredSobel,Hair,Curvature,float,_UseLightFiltering,0
Custom/V4_GaussianPreFilteredSobel,Hair,Curvature,float,_UseModerateFiltering,0
Custom/V4_GaussianPreFilteredSobel,Hair,Curvature,float,_UseAggressiveFiltering,1
Custom/V4_GaussianPreFilteredSobel,Hair,Curvature,color,_InnerLineColor,0|0|0|1
Custom/V4_GaussianPreFilteredSobel,Hair,Curvature,float,_InnerLineThreshold,0.15
Custom/V4_GaussianPreFilteredSobel,Hair,Curvature,float,_InnerLineBlur,0.5
Custom/V4_GaussianPreFilteredSobel,Hair,Curvature,float,_InnerLineStrength,1
Custom/V4_GaussianPreFilteredSobel,Hair,Curvature,float,_EnableGaussianBlur,1
Custom/V4_GaussianPreFilteredSobel,Hair,Curvature,float,_BlurRadiusMultiplier,10
Custom/V4_GaussianPreFilteredSobel,Hair,Curvature,float,_GaussianCenterWeight,0.5
Custom/V4_GaussianPreFilteredSobel,Hair,Curvature,float,_GaussianCardinalWeight,0.5
Custom/V4_GaussianPreFilteredSobel,Hair,Curvature,float,_GaussianDiagonalWeight,0.25
Custom/V4_GaussianPreFilteredSobel,Hair,Curvature,float,_EnableThreshold,1
Custom/V4_GaussianPreFilteredSobel,Hair,Curvature,float,_ThresholdMinMultiplier,0.2
Custom/V4_GaussianPreFilteredSobel,Hair,Curvature,float,_ThresholdMaxMultiplier,2
Custom/V4_GaussianPreFilteredSobel,Hair,Curvature,float,_EnablePass1,1
Custom/V4_GaussianPreFilteredSobel,Hair,Curvature,float,_EnablePass2,1
Custom/V4_GaussianPreFilteredSobel,Hair,Curvature,float,_EnablePass3,1
Custom/V4_GaussianPreFilteredSobel,Hair,Curvature,float,_EnablePass4,1
Custom/V4_GaussianPreFilteredSobel,Hair,Curvature,float,_SmoothstepTightness,0.2
Custom/V4_GaussianPreFilteredSobel,Hair,Curvature,float,_EnablePowerCurve,0
Custom/V4_GaussianPreFilteredSobel,Hair,Curvature,float,_PowerCurve,1.5
Custom/V4_GaussianPreFilteredSobel,Hair,Curvature,float,_NormalEdgeThreshold,0.281
Custom/V4_GaussianPreFilteredSobel,Hair,Curvature,float,_NormalEdgeStrength,1
Custom/V4_GaussianPreFilteredSobel,Hair,Curvature,float,_NormalEdgeSmoothness,0.113
Custom/V4_GaussianPreFilteredSobel,Hair,Curvature,float,_FresnelEdgeThreshold,0.3
Custom/V4_GaussianPreFilteredSobel,Hair,Curvature,float,_FresnelEdgeStrength,0.3
Custom/V4_GaussianPreFilteredSobel,Hair,Curvature,color,_EdgeColor,0|0|0|1
Custom/V4_GaussianPreFilteredSobel,Hair,Curvature,float,_EdgeBlendMode,0
Custom/V4_GaussianPreFilteredSobel,Hair,Curvature,float,_EnableRim,1
Custom/V4_GaussianPreFilteredSobel,Hair,Curvature,color,_RimColor,0.408|0.408|0.408|1
Custom/V4_GaussianPreFilteredSobel,Hair,Curvature,float,_RimPower,4
Custom/V4_GaussianPreFilteredSobel,Hair,Curvature,color,_AmbientColor,0.9057|0.8928|0.8928|1
Custom/V4_GaussianPreFilteredSobel,Hair,Curvature,float,_EnableAlphaTest,1
Custom/V4_GaussianPreFilteredSobel,Hair,Curvature,float,_AlphaCutoff,0.1
Custom/V4_GaussianPreFilteredSobel,Shoe,Curvature,float,_UseDebugDefaults,0
Custom/V4_GaussianPreFilteredSobel,Shoe,Curvature,float,_DebugView,0
Custom/V4_GaussianPreFilteredSobel,Shoe,Curvature,color,_Color,1|1|1|1
Custom/V4_GaussianPreFilteredSobel,Shoe,Curvature,float,_TextureIntensity,1
Custom/V4_GaussianPreFilteredSobel,Shoe,Curvature,float,_BumpScale,1
Custom/V4_GaussianPreFilteredSobel,Shoe,Curvature,float,_LightSensitivity,0.8
Custom/V4_GaussianPreFilteredSobel,Shoe,Curvature,float,_RampSmoothing,0.05
Custom/V4_GaussianPreFilteredSobel,Shoe,Curvature,color,_ShadowColor,0.3|0.3|0.45|1
Custom/V4_GaussianPreFilteredSobel,Shoe,Curvature,float,_ShadowStrength,0.5
Custom/V4_GaussianPreFilteredSobel,Shoe,Curvature,float,_DetailMode,0
Custom/V4_GaussianPreFilteredSobel,Shoe,Curvature,float,_DetailBias,0
Custom/V4_GaussianPreFilteredSobel,Shoe,Curvature,float,_DepthNear,5
Custom/V4_GaussianPreFilteredSobel,Shoe,Curvature,float,_DepthFar,50
Custom/V4_GaussianPreFilteredSobel,Shoe,Curvature,float,_ManualDetail,0.5
Custom/V4_GaussianPreFilteredSobel,Shoe,Curvature,float,_EnableOuterOutline,1
Custom/V4_GaussianPreFilteredSobel,Shoe,Curvature,float,_OuterOutlineWidth,0.005
Custom/V4_GaussianPreFilteredSobel,Shoe,Curvature,color,_OuterOutlineColor,0|0|0|1
Custom/V4_GaussianPreFilteredSobel,Shoe,Curvature,float,_UseOutlineDepthOffset,0
Custom/V4_GaussianPreFilteredSobel,Shoe,Curvature,float,_OutlineDepthBias,1
Custom/V4_GaussianPreFilteredSobel,Shoe,Curvature,float,_EnableTextureSobel,1
Custom/V4_GaussianPreFilteredSobel,Shoe,Curvature,float,_EnableNormalEdges,0
Custom/V4_GaussianPreFilteredSobel,Shoe,Curvature,float,_EnableFresnelEdge,0
Custom/V4_GaussianPreFilteredSobel,Shoe,Curvature,float,_UseLightFiltering,0
Custom/V4_GaussianPreFilteredSobel,Shoe,Curvature,float,_UseModerateFiltering,0
Custom/V4_GaussianPreFilteredSobel,Shoe,Curvature,float,_UseAggressiveFiltering,1
Custom/V4_GaussianPreFilteredSobel,Shoe,Curvature,color,_InnerLineColor,0|0|0|1
Custom/V4_GaussianPreFilteredSobel,Shoe,Curvature,float,_InnerLineThreshold,0.05
Custom/V4_GaussianPreFilteredSobel,Shoe,Curvature,float,_InnerLineBlur,0.5
Custom/V4_GaussianPreFilteredSobel,Shoe,Curvature,float,_InnerLineStrength,1
Custom/V4_GaussianPreFilteredSobel,Shoe,Curvature,float,_EnableGaussianBlur,1
Custom/V4_GaussianPreFilteredSobel,Shoe,Curvature,float,_BlurRadiusMultiplier,10
Custom/V4_GaussianPreFilteredSobel,Shoe,Curvature,float,_GaussianCenterWeight,0.5
Custom/V4_GaussianPreFilteredSobel,Shoe,Curvature,float,_GaussianCardinalWeight,0.5
Custom/V4_GaussianPreFilteredSobel,Shoe,Curvature,float,_GaussianDiagonalWeight,0.25
Custom/V4_GaussianPreFilteredSobel,Shoe,Curvature,float,_EnableThreshold,1
Custom/V4_GaussianPreFilteredSobel,Shoe,Curvature,float,_ThresholdMinMultiplier,0
Custom/V4_GaussianPreFilteredSobel,Shoe,Curvature,float,_ThresholdMaxMultiplier,1.9
Custom/V4_GaussianPreFilteredSobel,Shoe,Curvature,float,_EnablePass1,1
Custom/V4_GaussianPreFilteredSobel,Shoe,Curvature,float,_EnablePass2,1
Custom/V4_GaussianPreFilteredSobel,Shoe,Curvature,float,_EnablePass3,1
Custom/V4_GaussianPreFilteredSobel,Shoe,Curvature,float,_EnablePass4,1
Custom/V4_GaussianPreFilteredSobel,Shoe,Curvature,float,_SmoothstepTightness,0.5
Custom/V4_GaussianPreFilteredSobel,Shoe,Curvature,float,_EnablePowerCurve,0
Custom/V4_GaussianPreFilteredSobel,Shoe,Curvature,float,_PowerCurve,0.5
Custom/V4_GaussianPreFilteredSobel,Shoe,Curvature,float,_NormalEdgeThreshold,0
Custom/V4_GaussianPreFilteredSobel,Shoe,Curvature,float,_NormalEdgeStrength,0
Custom/V4_GaussianPreFilteredSobel,Shoe,Curvature,float,_NormalEdgeSmoothness,0.01
Custom/V4_GaussianPreFilteredSobel,Shoe,Curvature,float,_FresnelEdgeThreshold,0.3
Custom/V4_GaussianPreFilteredSobel,Shoe,Curvature,float,_FresnelEdgeStrength,0
Custom/V4_GaussianPreFilteredSobel,Shoe,Curvature,color,_EdgeColor,0|0|0|1
Custom/V4_GaussianPreFilteredSobel,Shoe,Curvature,float,_EdgeBlendMode,0
Custom/V4_GaussianPreFilteredSobel,Shoe,Curvature,float,_EnableRim,1
Custom/V4_GaussianPreFilteredSobel,Shoe,Curvature,color,_RimColor,0.408|0.408|0.408|1
Custom/V4_GaussianPreFilteredSobel,Shoe,Curvature,float,_RimPower,4
Custom/V4_GaussianPreFilteredSobel,Shoe,Curvature,color,_AmbientColor,0.35|0.35|0.35|1
Custom/V4_GaussianPreFilteredSobel,Shoe,Curvature,float,_EnableAlphaTest,0
Custom/V4_GaussianPreFilteredSobel,Shoe,Curvature,float,_AlphaCutoff,0.1
Custom/V4_GaussianPreFilteredSobel,Look,Curvature,float,_UseDebugDefaults,0
Custom/V4_GaussianPreFilteredSobel,Look,Curvature,float,_DebugView,0
Custom/V4_GaussianPreFilteredSobel,Look,Curvature,color,_Color,1|1|1|1
Custom/V4_GaussianPreFilteredSobel,Look,Curvature,float,_TextureIntensity,1
Custom/V4_GaussianPreFilteredSobel,Look,Curvature,float,_BumpScale,1
Custom/V4_GaussianPreFilteredSobel,Look,Curvature,float,_LightSensitivity,0.8
Custom/V4_GaussianPreFilteredSobel,Look,Curvature,float,_RampSmoothing,0.05
Custom/V4_GaussianPreFilteredSobel,Look,Curvature,color,_ShadowColor,0.3|0.3|0.45|1
Custom/V4_GaussianPreFilteredSobel,Look,Curvature,float,_ShadowStrength,0.5
Custom/V4_GaussianPreFilteredSobel,Look,Curvature,float,_DetailMode,0
Custom/V4_GaussianPreFilteredSobel,Look,Curvature,float,_DetailBias,0
Custom/V4_GaussianPreFilteredSobel,Look,Curvature,float,_DepthNear,5
Custom/V4_GaussianPreFilteredSobel,Look,Curvature,float,_DepthFar,50
Custom/V4_GaussianPreFilteredSobel,Look,Curvature,float,_ManualDetail,0.5
Custom/V4_GaussianPreFilteredSobel,Look,Curvature,float,_EnableOuterOutline,1
Custom/V4_GaussianPreFilteredSobel,Look,Curvature,float,_OuterOutlineWidth,0.005
Custom/V4_GaussianPreFilteredSobel,Look,Curvature,color,_OuterOutlineColor,0|0|0|1
Custom/V4_GaussianPreFilteredSobel,Look,Curvature,float,_UseOutlineDepthOffset,0
Custom/V4_GaussianPreFilteredSobel,Look,Curvature,float,_OutlineDepthBias,1
Custom/V4_GaussianPreFilteredSobel,Look,Curvature,float,_EnableTextureSobel,1
Custom/V4_GaussianPreFilteredSobel,Look,Curvature,float,_EnableNormalEdges,0
Custom/V4_GaussianPreFilteredSobel,Look,Curvature,float,_EnableFresnelEdge,0
Custom/V4_GaussianPreFilteredSobel,Look,Curvature,float,_UseLightFiltering,0
Custom/V4_GaussianPreFilteredSobel,Look,Curvature,float,_UseModerateFiltering,0
Custom/V4_GaussianPreFilteredSobel,Look,Curvature,float,_UseAggressiveFiltering,1
Custom/V4_GaussianPreFilteredSobel,Look,Curvature,color,_InnerLineColor,0|0|0|1
Custom/V4_GaussianPreFilteredSobel,Look,Curvature,float,_InnerLineThreshold,0.05
Custom/V4_GaussianPreFilteredSobel,Look,Curvature,float,_InnerLineBlur,0.5
Custom/V4_GaussianPreFilteredSobel,Look,Curvature,float,_InnerLineStrength,1
Custom/V4_GaussianPreFilteredSobel,Look,Curvature,float,_EnableGaussianBlur,1
Custom/V4_GaussianPreFilteredSobel,Look,Curvature,float,_BlurRadiusMultiplier,10
Custom/V4_GaussianPreFilteredSobel,Look,Curvature,float,_GaussianCenterWeight,0.5
Custom/V4_GaussianPreFilteredSobel,Look,Curvature,float,_GaussianCardinalWeight,0.5
Custom/V4_GaussianPreFilteredSobel,Look,Curvature,float,_GaussianDiagonalWeight,0.25
Custom/V4_GaussianPreFilteredSobel,Look,Curvature,float,_EnableThreshold,1
Custom/V4_GaussianPreFilteredSobel,Look,Curvature,float,_ThresholdMinMultiplier,0
Custom/V4_GaussianPreFilteredSobel,Look,Curvature,float,_ThresholdMaxMultiplier,1.9
Custom/V4_GaussianPreFilteredSobel,Look,Curvature,float,_EnablePass1,1
Custom/V4_GaussianPreFilteredSobel,Look,Curvature,float,_EnablePass2,1
Custom/V4_GaussianPreFilteredSobel,Look,Curvature,float,_EnablePass3,1
Custom/V4_GaussianPreFilteredSobel,Look,Curvature,float,_EnablePass4,1
Custom/V4_GaussianPreFilteredSobel,Look,Curvature,float,_SmoothstepTightness,0.5
Custom/V4_GaussianPreFilteredSobel,Look,Curvature,float,_EnablePowerCurve,0
Custom/V4_GaussianPreFilteredSobel,Look,Curvature,float,_PowerCurve,0.5
Custom/V4_GaussianPreFilteredSobel,Look,Curvature,float,_NormalEdgeThreshold,0
Custom/V4_GaussianPreFilteredSobel,Look,Curvature,float,_NormalEdgeStrength,0
Custom/V4_GaussianPreFilteredSobel,Look,Curvature,float,_NormalEdgeSmoothness,0.01
Custom/V4_GaussianPreFilteredSobel,Look,Curvature,float,_FresnelEdgeThreshold,0.3
Custom/V4_GaussianPreFilteredSobel,Look,Curvature,float,_FresnelEdgeStrength,0
Custom/V4_GaussianPreFilteredSobel,Look,Curvature,color,_EdgeColor,0|0|0|1
Custom/V4_GaussianPreFilteredSobel,Look,Curvature,float,_EdgeBlendMode,0
Custom/V4_GaussianPreFilteredSobel,Look,Curvature,float,_EnableRim,1
Custom/V4_GaussianPreFilteredSobel,Look,Curvature,color,_RimColor,0.408|0.408|0.408|1
Custom/V4_GaussianPreFilteredSobel,Look,Curvature,float,_RimPower,4
Custom/V4_GaussianPreFilteredSobel,Look,Curvature,color,_AmbientColor,0.35|0.35|0.35|1
Custom/V4_GaussianPreFilteredSobel,Look,Curvature,float,_EnableAlphaTest,0
Custom/V4_GaussianPreFilteredSobel,Look,Curvature,float,_AlphaCutoff,0.1
