Timecode,BlendshapeCount,EyeBlinkLeft,EyeLookDownLeft,EyeLookInLeft,EyeLookOutLeft,EyeLookUpLeft,EyeSquintLeft,EyeWideLeft,EyeBlinkRight,EyeLookDownRight,EyeLookInRight,EyeLookOutRight,EyeLookUpRight,EyeSquintRight,EyeWideRight,JawForward,JawRight,JawLeft,JawOpen,MouthClose,MouthFunnel,MouthPucker,MouthRight,MouthLeft,MouthSmileLeft,MouthSmileRight,MouthFrownLeft,MouthFrownRight,MouthDimpleLeft,MouthDimpleRight,MouthStretchLeft,MouthStretchRight,MouthRollLower,MouthRollUpper,MouthShrugLower,MouthShrugUpper,MouthPressLeft,MouthPressRight,MouthLowerDownLeft,MouthLowerDownRight,MouthUpperUpLeft,MouthUpperUpRight,BrowDownLeft,BrowDownRight,BrowInnerUp,BrowOuterUpLeft,BrowOuterUpRight,CheekPuff,CheekSquintLeft,CheekSquintRight,NoseSneerLeft,NoseSneerRight,TongueOut,HeadYaw,HeadPitch,HeadRoll,LeftEyeYaw,LeftEyePitch,LeftEyeRoll,RightEyeYaw,RightEyePitch,RightEyeRoll
21:57:26:03.320,61,0.0000000000,0.1005558595,0.0756173730,0.0000000000,0.0000000000,0.2116551548,0.1443358958,0.0000000000,0.1006719917,0.0384019278,0.0000000000,0.0000000000,0.2117403448,0.1444330812,0.0346399806,0.0000000000,0.0032445355,0.0471616425,0.0578255095,0.0353500992,0.0442947038,0.0011349586,0.0000000000,0.3465876579,0.3405048549,0.0000000000,0.0000000000,0.0397954583,0.0392475910,0.0844261572,0.0880797282,0.0740710944,0.0215759557,0.1862035692,0.1198044643,0.0407881998,0.0411366224,0.0831384659,0.0728394762,0.0392008275,0.0391966775,0.2823238075,0.2819747031,0.0631244183,0.0000000000,0.0000000000,0.0160373617,0.1900456399,0.1802163720,0.1799033135,0.1803849190,0.0000000263,-0.0344131626,0.1273342520,-0.0400501117,-0.0234140493,0.0615139082,-0.0014419764,0.0461048447,0.0614915080,0.0028376225
21:57:26:04.320,61,0.1160239652,0.2378579825,0.0517716408,0.0000000000,0.0000000000,0.1484175026,0.0000000000,0.1158795431,0.2378328443,0.0623640269,0.0000000000,0.0000000000,0.1484581232,0.0000000000,0.0346743613,0.0000000000,0.0030827366,0.0473639220,0.0582455918,0.0376865566,0.0444545485,0.0006908946,0.0000000000,0.3549751043,0.3555830419,0.0000000000,0.0000000000,0.0400071032,0.0396445878,0.0843263641,0.0879881307,0.0786918178,0.0215219501,0.1932582408,0.1227653176,0.0412220769,0.0416211896,0.0943732485,0.0827405006,0.0474947765,0.0512197316,0.2419588566,0.2415694445,0.0878104940,0.0000000000,0.0000000000,0.0159693342,0.1981375664,0.1899167299,0.1946282834,0.1961163282,0.0000000182,-0.0370568559,0.1292178333,-0.0371892750,-0.0376944840,0.1453878582,-0.0055179005,0.0312921405,0.1453708559,0.0045805033
21:57:26:05.320,61,0.1870398670,0.2968865633,0.0295608118,0.0000000000,0.0000000000,0.1065894961,0.0000000000,0.1871739179,0.2965723276,0.0843451545,0.0000000000,0.0000000000,0.1066082120,0.0000000000,0.0348046944,0.0000000000,0.0028844550,0.0478156582,0.0602220185,0.0462384261,0.0449164882,0.0000286285,0.0000000000,0.3450293541,0.3616146743,0.0000000000,0.0000000000,0.0402016826,0.0400691554,0.0841753408,0.0878648758,0.0853786767,0.0215595830,0.1994529217,0.1245610341,0.0428278297,0.0438787937,0.1026399583,0.0911744386,0.0535557270,0.0583196804,0.2027350217,0.2025111318,0.1056808382,0.0000000000,0.0000000000,0.0159813818,0.2026972026,0.2052538693,0.2020964026,0.2042574584,0.0000000203,-0.0393633321,0.1356500089,-0.0357885025,-0.0506795719,0.1814012229,-0.0092912745,0.0177614912,0.1813866198,0.0032573177
21:57:26:06.320,61,0.2133854032,0.3102082312,0.0350606218,0.0000000000,0.0000000000,0.0867046863,0.0000000000,0.2135682106,0.3099485040,0.0789515972,0.0000000000,0.0000000000,0.0867120996,0.0000000000,0.0346835218,0.0000000000,0.0027845579,0.0479620621,0.0609246008,0.0514933616,0.0453439727,0.0000000000,0.0004245570,0.3440712094,0.3632936180,0.0000000000,0.0000000000,0.0403445028,0.0404202007,0.0840150565,0.0877759904,0.0875871181,0.0213747341,0.2278144658,0.1397526264,0.0463832840,0.0477259830,0.1055159941,0.0939893126,0.0613756962,0.0647957772,0.1907772720,0.1905912012,0.1126748770,0.0000000000,0.0000000000,0.0160044506,0.2048406601,0.2102212012,0.2064529657,0.2089684904,0.0000000145,-0.0450268872,0.1436038166,-0.0328061134,-0.0473662540,0.1895519495,-0.0090838159,0.0210338756,0.1895378679,0.0040348331
21:57:26:07.320,61,0.2270164192,0.3076404333,0.0369168893,0.0000000000,0.0000000000,0.0774745569,0.0000000000,0.2272139192,0.3074132204,0.0763281733,0.0000000000,0.0000000000,0.0774771720,0.0000000000,0.0343477130,0.0000000000,0.0026335595,0.0477398150,0.0610320605,0.0534973256,0.0455073155,0.0000000000,0.0006100722,0.3470931947,0.3646730781,0.0000000000,0.0000000000,0.0404483341,0.0407046713,0.0837870911,0.0875939876,0.0882964730,0.0211072806,0.2325675189,0.1437966526,0.0478827618,0.0493520238,0.1069213971,0.0952538624,0.0641619042,0.0672763810,0.1855432540,0.1853905469,0.1159627363,0.0000000000,0.0000000000,0.0159347840,0.2016582340,0.2094482034,0.2082544565,0.2110479474,0.0000000154,-0.0502030030,0.1495506167,-0.0292593725,-0.0458059423,0.1879876256,-0.0087105734,0.0221541319,0.1879735142,0.0042137722
21:57:26:08.320,61,0.2225702405,0.2924112976,0.0478818007,0.0000000000,0.0000000000,0.0730720982,0.0000000000,0.2225452662,0.2923288941,0.0654631034,0.0000000000,0.0000000000,0.0730727836,0.0000000000,0.0338827521,0.0000000000,0.0024860820,0.0473274924,0.0607910268,0.0541788079,0.0455210991,0.0000000000,0.0007568214,0.3479919732,0.3650440574,0.0000000000,0.0000000000,0.0404995717,0.0409270190,0.0832597837,0.0871143118,0.0878678039,0.0208533611,0.2105231881,0.1417288631,0.0487010516,0.0502403639,0.1073072106,0.0955113545,0.0651238784,0.0680558905,0.1778308153,0.1777057499,0.1158975512,0.0000000000,0.0000000000,0.0158120468,0.1840501428,0.1921540201,0.1957074702,0.2032076269,0.0000000167,-0.0518745705,0.1512250155,-0.0285971556,-0.0393528976,0.1787134111,-0.0071067796,0.0287838187,0.1786987334,0.0051983260
21:57:26:09.321,61,0.2245222777,0.3115950525,0.0416660942,0.0000000000,0.0000000000,0.0719607994,0.0000000000,0.2244532704,0.3114241064,0.0717695579,0.0000000000,0.0000000000,0.0719639361,0.0000000000,0.0333491303,0.0000000000,0.0023478635,0.0467877202,0.0603165738,0.0543257818,0.0455272906,0.0000000000,0.0009146858,0.3488720357,0.3652099967,0.0000000000,0.0000000000,0.0405821167,0.0411791578,0.0822878405,0.0862827823,0.0868181437,0.0205968693,0.2056837231,0.1413102895,0.0495361462,0.0511292666,0.1071607396,0.0951666087,0.0654309988,0.0682215393,0.1877552718,0.1876138300,0.1159448177,0.0000000000,0.0000000000,0.0156984795,0.1791505218,0.1876634657,0.1928101033,0.2015032023,0.0000000201,-0.0478784665,0.1479805857,-0.0250303224,-0.0430501066,0.1904167533,-0.0082952427,0.0249925889,0.1904027909,0.0048164721
21:57:26:10.320,61,0.2341787368,0.3297632039,0.0408058092,0.0000000000,0.0000000000,0.0715792254,0.0000000000,0.2340801209,0.3295645416,0.0731132179,0.0000000000,0.0000000000,0.0715829954,0.0000000000,0.0328679420,0.0000000000,0.0022471445,0.0463713445,0.0599667579,0.0543282591,0.0455092043,0.0000000000,0.0011706403,0.3425411284,0.3489249349,0.0000000000,0.0000000000,0.0406640209,0.0414207429,0.0817092061,0.0857619494,0.0863193423,0.0204277076,0.2027593553,0.1370856166,0.0501555838,0.0517692231,0.1072018072,0.0950523987,0.0653516725,0.0680528358,0.1896563172,0.1895098388,0.1164931059,0.0000000000,0.0000000000,0.0156018669,0.1766830385,0.1854641587,0.1911662817,0.2003908306,0.0000016921,-0.0467075147,0.1460163742,-0.0238960721,-0.0437597223,0.2015150785,-0.0089364899,0.0244227126,0.2015018314,0.0049883891
21:57:26:11.321,61,0.2372198850,0.3287134767,0.0425718836,0.0000000000,0.0000000000,0.0715814829,0.0000000000,0.2371107787,0.3285426497,0.0709724128,0.0000000000,0.0000000000,0.0715857819,0.0000000000,0.0324872248,0.0000000000,0.0021493845,0.0460008904,0.0596409738,0.0543852858,0.0454280600,0.0000000000,0.0011662907,0.3332089484,0.3335891962,0.0000000000,0.0000000000,0.0407386832,0.0416030996,0.0812851042,0.0853304416,0.0859564692,0.0202916302,0.2009466887,0.1337439418,0.0506385677,0.0522858985,0.1072425619,0.0948428437,0.0650031716,0.0675810575,0.1885144114,0.1883687526,0.1165924370,0.0000000000,0.0000000000,0.0155163957,0.1749618053,0.1838186085,0.1899340451,0.1989693046,0.0000017624,-0.0459214300,0.1426527202,-0.0252087563,-0.0424838476,0.2008790225,-0.0086479709,0.0254830513,0.2008657604,0.0051880344
21:57:26:12.321,61,0.2681925297,0.3491030037,0.0345855728,0.0000000000,0.0000000000,0.0717345029,0.0000000000,0.2679218054,0.3488044739,0.0790276378,0.0000000000,0.0000000000,0.0717388615,0.0000000000,0.0320753157,0.0000000000,0.0021948090,0.0456144288,0.0592981987,0.0544099770,0.0453410633,0.0000000000,0.0012798554,0.3262521625,0.3250910342,0.0000000000,0.0000000000,0.0406979509,0.0416619815,0.0809018910,0.0850062892,0.0856108591,0.0200598966,0.2005548179,0.1326280087,0.0511758886,0.0528436974,0.1071837172,0.0946012363,0.0649876222,0.0674515963,0.1966558546,0.1965102255,0.1187250763,0.0000000000,0.0000000000,0.0153953508,0.1739024222,0.1826911271,0.1897804886,0.1986176521,0.0000017699,-0.0451201312,0.1425377727,-0.0273178928,-0.0471827164,0.2133135945,-0.0102160564,0.0206484664,0.2133010924,0.0044720261
21:57:26:13.321,61,0.2601079047,0.3339924514,0.0338396281,0.0000000000,0.0000000000,0.0720278621,0.0000000000,0.2601323724,0.3336990774,0.0796142519,0.0000000000,0.0000000000,0.0720324516,0.0000000000,0.0317866914,0.0000000000,0.0023019197,0.0454308800,0.0592189096,0.0547338091,0.0454229452,0.0000000000,0.0013112967,0.3194735646,0.3159682155,0.0000000000,0.0000000000,0.0406156853,0.0416527614,0.0806885511,0.0848453492,0.0854113325,0.0199088734,0.2001202106,0.1316049844,0.0514169857,0.0530930236,0.1071671322,0.0944303796,0.0647026151,0.0670436695,0.1684731990,0.1683446169,0.1189713404,0.0000000000,0.0000000000,0.0153446067,0.1731085479,0.1817568094,0.1892802268,0.1971912980,0.0000031440,-0.0492272526,0.1431639045,-0.0303458422,-0.0476258695,0.2040798366,-0.0098526562,0.0202426501,0.2040667683,0.0041888538
21:57:26:14.321,61,0.2600312233,0.3320056796,0.0375069492,0.0000000000,0.0000000000,0.0724619403,0.0000000000,0.2601127625,0.3317634463,0.0760455951,0.0000000000,0.0000000000,0.0724668354,0.0000000000,0.0315426290,0.0000000000,0.0021367867,0.0452940948,0.0591533221,0.0550899170,0.0454411246,0.0000000000,0.0015530598,0.3137231767,0.3123364747,0.0000000000,0.0000000000,0.0405568667,0.0416883156,0.0804984644,0.0846523568,0.0852773413,0.0197677929,0.2001141608,0.1310265809,0.0518264994,0.0535359792,0.1072208285,0.0942981243,0.0644567832,0.0667491034,0.1839986295,0.1838299930,0.1188541427,0.0000000000,0.0000000000,0.0153030064,0.1725147069,0.1811468005,0.1894904971,0.1971986145,0.0000014949,-0.0511147752,0.1433426887,-0.0331131965,-0.0455022343,0.2028756738,-0.0093565630,0.0224420205,0.2028625458,0.0046157227
21:57:26:15.322,61,0.2572499812,0.3306184411,0.0388516225,0.0000000000,0.0000000000,0.0725994259,0.0000000000,0.2572912574,0.3303954601,0.0747217909,0.0000000000,0.0000000000,0.0726045743,0.0000000000,0.0312157366,0.0000000000,0.0020409131,0.0449167863,0.0587304533,0.0550465249,0.0453944057,0.0000000000,0.0016181337,0.3116587698,0.3105847836,0.0000000000,0.0000000000,0.0405513383,0.0417623147,0.0802243426,0.0843789428,0.0851167440,0.0195379462,0.2079733312,0.1330592781,0.0523293950,0.0540848747,0.1067665741,0.0936108083,0.0644518659,0.0666373521,0.1893962026,0.1892032474,0.1187528670,0.0000000000,0.0000000000,0.0152304666,0.1719547361,0.1804922819,0.1899820715,0.1974364817,0.0000015640,-0.0519094802,0.1446692348,-0.0350746326,-0.0447178259,0.2020318955,-0.0091560772,0.0232506357,0.2020187229,0.0047615576
21:57:26:16.322,61,0.2568860352,0.3343509436,0.0401098579,0.0000000000,0.0000000000,0.0729653388,0.0000000000,0.2569200397,0.3341420293,0.0735168010,0.0000000000,0.0000000000,0.0729704425,0.0000000000,0.0309520680,0.0000000000,0.0021609659,0.0445986539,0.0584173799,0.0550117679,0.0452957042,0.0000000000,0.0016998666,0.3208404779,0.3199719489,0.0000000000,0.0000000000,0.0406334586,0.0419166647,0.0799686834,0.0841588825,0.0850395784,0.0193739310,0.2100276947,0.1335707307,0.0528743714,0.0546509549,0.1066260040,0.0933175012,0.0645478517,0.0666348115,0.1934047788,0.1932199299,0.1188597754,0.0000000000,0.0000000000,0.0151721062,0.1726523340,0.1807201207,0.1940516233,0.1999015063,0.0000021851,-0.0540436246,0.1441766471,-0.0366662554,-0.0439759754,0.2043160796,-0.0091089616,0.0239923466,0.2043030262,0.0049705477
21:57:26:17.322,61,0.2569573224,0.3377590477,0.0393587649,0.0000000000,0.0000000000,0.0733096525,0.0000000000,0.2569853067,0.3375375271,0.0742374584,0.0000000000,0.0000000000,0.0733150318,0.0000000000,0.0306081548,0.0000000000,0.0021835831,0.0442077406,0.0580020063,0.0549027771,0.0452091992,0.0000000000,0.0018360871,0.3232360184,0.3225893378,0.0000000000,0.0000000000,0.0406934284,0.0420447402,0.0796780139,0.0838855132,0.0847942904,0.0192156434,0.2110609859,0.1338816583,0.0534543693,0.0552588701,0.1063740477,0.0929417312,0.0644951314,0.0665269941,0.1951242983,0.1949417144,0.1188983619,0.0000000000,0.0000000000,0.0151326889,0.1728118956,0.1808839142,0.1954112053,0.2008745074,0.0000008693,-0.0543330461,0.1435036063,-0.0374336839,-0.0443878658,0.2063961625,-0.0092905136,0.0235328656,0.2063832432,0.0049264468
21:57:26:18.322,61,0.2714131773,0.3422250748,0.0392931402,0.0000000000,0.0000000000,0.0737838298,0.0000000000,0.2712581158,0.3419995308,0.0742840990,0.0000000000,0.0000000000,0.0737894699,0.0000000000,0.0302186552,0.0000000000,0.0020816517,0.0437824801,0.0575262457,0.0546556450,0.0451009683,0.0000000000,0.0019782642,0.3240998685,0.3238921762,0.0000000000,0.0000000000,0.0407206155,0.0421455093,0.0794484839,0.0836510211,0.0844036266,0.0190146156,0.2117738873,0.1342784613,0.0540466979,0.0558790341,0.1059592515,0.0924796164,0.0643900260,0.0663970560,0.1971361190,0.1969672143,0.1193511337,0.0000000000,0.0000000000,0.0150589254,0.1725350618,0.1807344854,0.1960310489,0.2014074326,0.0000009201,-0.0546575487,0.1435851455,-0.0375678465,-0.0443902500,0.2091246843,-0.0094174612,0.0234801248,0.2091119289,0.0049823169
21:57:26:19.322,61,0.2750059366,0.3419606984,0.0399400815,0.0000000000,0.0000000000,0.0742024928,0.0000000000,0.2747998536,0.3417436779,0.0737179145,0.0000000000,0.0000000000,0.0742082447,0.0000000000,0.0298864804,0.0000000000,0.0019236670,0.0434533916,0.0572140515,0.0545052551,0.0450418219,0.0000000000,0.0020840603,0.3248595595,0.3256226182,0.0000000000,0.0000000000,0.0407501496,0.0422505587,0.0793273598,0.0835008472,0.0840014741,0.0188825652,0.2088726014,0.1335917264,0.0543096885,0.0561320707,0.1058269814,0.0923114419,0.0641523302,0.0661538765,0.1908603758,0.1906614453,0.1197415888,0.0000000000,0.0000000000,0.0149898389,0.1726071090,0.1809464991,0.1959546804,0.2013591975,0.0000013266,-0.0551165305,0.1425728351,-0.0372716188,-0.0440533794,0.2089650482,-0.0093386993,0.0238675270,0.2089523077,0.0050605233
21:57:26:20.322,61,0.2714042962,0.3426044285,0.0416890010,0.0000000000,0.0000000000,0.0742865726,0.0000000000,0.2711943388,0.3424115479,0.0719774365,0.0000000000,0.0000000000,0.0742924288,0.0000000000,0.0295686610,0.0000000000,0.0017313091,0.0431760922,0.0569926985,0.0544053502,0.0450297594,0.0000000000,0.0022298433,0.3263395727,0.3309350610,0.0000000000,0.0000000000,0.0407538079,0.0423334166,0.0792211518,0.0833659694,0.0836618692,0.0187682826,0.2060063481,0.1326295733,0.0543746836,0.0561858490,0.1058151424,0.0922592431,0.0638887510,0.0659154132,0.1729409844,0.1727712005,0.1197592020,0.0000000000,0.0000000000,0.0149262361,0.1726459861,0.1811681986,0.1957093179,0.2012124360,0.0000007828,-0.0528925322,0.1410191804,-0.0348876789,-0.0430095829,0.2093638182,-0.0091354949,0.0249105655,0.2093510628,0.0052920044
21:57:26:21.323,61,0.2690569758,0.3422429562,0.0433087237,0.0000000000,0.0000000000,0.0744577870,0.0000000000,0.2688501477,0.3420733213,0.0703361109,0.0000000000,0.0000000000,0.0744636133,0.0000000000,0.0293280166,0.0000000000,0.0015865469,0.0429420210,0.0568087362,0.0544426031,0.0450881496,0.0000000000,0.0024833642,0.3270102441,0.3328994811,0.0000000000,0.0000000000,0.0407658108,0.0424349122,0.0792170465,0.0833816603,0.0833508819,0.0186611414,0.2047932148,0.1320116520,0.0545084737,0.0562996231,0.1058114618,0.0922637209,0.0636443570,0.0657052323,0.1677766889,0.1676115096,0.1199082285,0.0000000000,0.0000000000,0.0149033489,0.1726959199,0.1813192964,0.1954759657,0.2011562586,0.0000013542,-0.0508146249,0.1410087496,-0.0335500017,-0.0420306996,0.2091481835,-0.0089182407,0.0258796029,0.2091354132,0.0054919869
21:57:26:22.322,61,0.2680732012,0.3431285620,0.0436091237,0.0000000000,0.0000000000,0.0745128617,0.0000000000,0.2678679824,0.3429626226,0.0700346828,0.0000000000,0.0000000000,0.0745189711,0.0000000000,0.0290214047,0.0000000000,0.0014192797,0.0426134802,0.0565222874,0.0541806966,0.0449620113,0.0000000000,0.0028305966,0.3502555788,0.3640381694,0.0000000000,0.0000000000,0.0408357903,0.0425924025,0.0790105984,0.0831715837,0.0829313919,0.0185532440,0.2037934363,0.1314256489,0.0546139143,0.0564037971,0.1058587432,0.0922938213,0.0634238645,0.0655632541,0.1670246422,0.1668649316,0.1198377237,0.0000000000,0.0000000000,0.0148314293,0.1728249043,0.1817988157,0.1954976320,0.2014472932,0.0000013575,-0.0479160994,0.1404278278,-0.0325813405,-0.0418457389,0.2096902579,-0.0089027211,0.0260561164,0.2096775472,0.0055441977
21:57:26:23.323,61,0.2672565281,0.3434730172,0.0422150008,0.0000000000,0.0000000000,0.0747712702,0.0000000000,0.2670565248,0.3432872593,0.0714185014,0.0000000000,0.0000000000,0.0747776851,0.0000000000,0.0288436282,0.0000000000,0.0012130401,0.0423659794,0.0562685020,0.0540040024,0.0448101237,0.0000000000,0.0032161262,0.3548181057,0.3689151108,0.0000000000,0.0000000000,0.0409523509,0.0427989028,0.0789102241,0.0830643550,0.0827444121,0.0184648987,0.2036546618,0.1313513368,0.0549031645,0.0567132272,0.1058180705,0.0922455937,0.0633167103,0.0655418336,0.1814678013,0.1813309491,0.1195985898,0.0000000000,0.0000000000,0.0147888511,0.1731384844,0.1827809066,0.1959114224,0.2025698423,0.0000011690,-0.0472368337,0.1409097016,-0.0322150737,-0.0426707529,0.2098961771,-0.0090873083,0.0252220128,0.2098834813,0.0053721881
21:57:26:24.323,61,0.2636559308,0.3425800800,0.0430001095,0.0000000000,0.0000000000,0.0750489235,0.0000000000,0.2635416687,0.3424066305,0.0705640242,0.0000000000,0.0000000000,0.0750565380,0.0000000000,0.0287352577,0.0000000000,0.0008391505,0.0421235859,0.0560202487,0.0536682978,0.0445672460,0.0000000000,0.0034868068,0.3575048447,0.3723959029,0.0000000000,0.0000000000,0.0410702899,0.0430066697,0.0788510963,0.0829248428,0.0826472417,0.0183562636,0.2037476152,0.1314975470,0.0550925620,0.0569454134,0.1057436243,0.0921676904,0.0632616729,0.0656045079,0.1849736869,0.1848458797,0.1191883683,0.0000000000,0.0000000000,0.0147049874,0.1732745022,0.1834542304,0.1960403919,0.2031279355,0.0000011057,-0.0500044934,0.1430066675,-0.0340580419,-0.0421650670,0.2093531787,-0.0089557627,0.0256940685,0.2093404084,0.0054581258
21:57:26:25.323,61,0.2600240409,0.3439064622,0.0436150171,0.0000000000,0.0000000000,0.0750592649,0.0000000000,0.2599323988,0.3437406719,0.0699684545,0.0000000000,0.0000000000,0.0750677958,0.0000000000,0.0287475102,0.0000000000,0.0004624491,0.0420276225,0.0559271313,0.0533660166,0.0443837158,0.0000000000,0.0038960066,0.3607987463,0.3773498833,0.0000000000,0.0000000000,0.0412595347,0.0433084369,0.0787043422,0.0827372223,0.0826050639,0.0183098596,0.2036549598,0.1314712316,0.0552696772,0.0571489036,0.1058080569,0.0922629312,0.0630119517,0.0654972792,0.1833990216,0.1832785904,0.1178985685,0.0000000000,0.0000000000,0.0146320928,0.1733241081,0.1839575619,0.1958319247,0.2033230662,0.0000005331,-0.0505561605,0.1439737529,-0.0357001200,-0.0418019444,0.2101655900,-0.0089141726,0.0260569993,0.2101529092,0.0055573322
21:57:26:26.323,61,0.2588967383,0.3478902876,0.0434071943,0.0000000000,0.0000000000,0.0750910789,0.0000000000,0.2588141561,0.3477188051,0.0702310577,0.0000000000,0.0000000000,0.0751012117,0.0000000000,0.0287924055,0.0001585158,0.0000000000,0.0420054048,0.0558825620,0.0528069437,0.0440753363,0.0000000000,0.0044561154,0.3719531298,0.3984301388,0.0000000000,0.0000000000,0.0415805094,0.0437748209,0.0785538852,0.0824959204,0.0826623961,0.0183101650,0.2034117579,0.1313439459,0.0553074852,0.0572157167,0.1059850082,0.0924688354,0.0627429038,0.0654550940,0.1839351207,0.1838172525,0.1171219647,0.0000000000,0.0000000000,0.0144953039,0.1737043709,0.1889196187,0.1955777854,0.2036451697,0.0000006298,-0.0513576381,0.1451902986,-0.0383726656,-0.0419369675,0.2125991434,-0.0090496633,0.0259193033,0.2125865966,0.0055939462
21:57:26:27.323,61,0.2583748102,0.3546496034,0.0407461748,0.0000000000,0.0000000000,0.0746807382,0.0000000000,0.2582913041,0.3544341028,0.0730322823,0.0000000000,0.0000000000,0.0746922866,0.0000000000,0.0289276801,0.0007270451,0.0000000000,0.0419884473,0.0558622219,0.0511452220,0.0437024087,0.0000000000,0.0082603581,0.4391452074,0.4754525721,0.0000000000,0.0000000000,0.0420838296,0.0447565168,0.0782629177,0.0821447372,0.0829236954,0.0182818640,0.2035433203,0.1316041797,0.0553430356,0.0572802946,0.1061509624,0.0928654820,0.0626612902,0.0658306703,0.1836481243,0.1835368276,0.1158026904,0.0000000000,0.0000000000,0.0143332174,0.1788388044,0.2076596171,0.1959916502,0.2091269642,0.0000003350,-0.0513275787,0.1463965029,-0.0415762886,-0.0435706340,0.2167204320,-0.0095899832,0.0243084803,0.2167081684,0.0053513106
21:57:26:28.323,61,0.2621580362,0.3654854894,0.0380849652,0.0000000000,0.0000000000,0.0742306188,0.0000000000,0.2619982064,0.3652212918,0.0758335963,0.0000000000,0.0000000000,0.0742434412,0.0000000000,0.0290978439,0.0011035693,0.0000000000,0.0418145768,0.0555841476,0.0470124111,0.0432022661,0.0000000000,0.0117154196,0.4867244363,0.5173032880,0.0000000000,0.0000000000,0.0432258882,0.0472769253,0.0773964599,0.0814856440,0.0831988901,0.0182019491,0.2089484930,0.1363284439,0.0557077155,0.0576620847,0.1060565487,0.0930765122,0.0626662970,0.0663456395,0.1850987375,0.1850180179,0.1132975072,0.0000000000,0.0000000000,0.0141666299,0.1862778068,0.2167973816,0.1987105161,0.2158586234,0.0000005848,-0.0492498912,0.1411301792,-0.0421543270,-0.0451752208,0.2233327031,-0.0102564115,0.0226872601,0.2233208418,0.0051519913
21:57:26:29.323,61,0.2616513371,0.3655827940,0.0398907773,0.0000000000,0.0000000000,0.0731652603,0.0000000000,0.2615304887,0.3653445542,0.0741384923,0.0000000000,0.0000000000,0.0731800571,0.0000000000,0.0294414274,0.0013912322,0.0000000000,0.0417674854,0.0555196516,0.0455161780,0.0427274108,0.0000000000,0.0132427141,0.4941010177,0.5256139040,0.0000000000,0.0000000000,0.0439384505,0.0484176688,0.0769166872,0.0810213536,0.0835256279,0.0181710478,0.2106120586,0.1377778649,0.0558331162,0.0577914082,0.1062581465,0.0934859738,0.0628276318,0.0669436753,0.1857661903,0.1856954098,0.1125327125,0.0000000000,0.0000000000,0.0139885917,0.1920973361,0.2210765630,0.1994550228,0.2181063592,0.0000009251,-0.0492413677,0.1354208738,-0.0440796763,-0.0441647060,0.2233978510,-0.0100301765,0.0237626527,0.2233859748,0.0053977775
21:57:27:00.324,61,0.2620316148,0.3781826794,0.0433830582,0.0000000000,0.0000000000,0.0723618865,0.0000000000,0.2619178593,0.3779878616,0.0708232298,0.0000000000,0.0000000000,0.0723773390,0.0000000000,0.0300380588,0.0015333260,0.0000000000,0.0419234596,0.0556971245,0.0446313880,0.0421916060,0.0000000000,0.0145735051,0.4980215728,0.5297118425,0.0000000000,0.0000000000,0.0446357392,0.0493800156,0.0765765160,0.0807530284,0.0841888189,0.0182427578,0.2111260742,0.1382334232,0.0559136644,0.0578556471,0.1079718992,0.0961753055,0.0629150718,0.0674607456,0.1871865690,0.1871331632,0.1115041450,0.0000000000,0.0000000000,0.0137956971,0.1974685043,0.2241768092,0.2000619471,0.2194883674,0.0000008398,-0.0481902696,0.1343671829,-0.0454984158,-0.0421145894,0.2311083078,-0.0099068461,0.0257970057,0.2310969532,0.0060693077
21:57:27:01.324,61,0.2620617449,0.3880439401,0.0400881581,0.0000000000,0.0000000000,0.0716346353,0.0000000000,0.2619530857,0.3877924085,0.0739715248,0.0000000000,0.0000000000,0.0716513023,0.0000000000,0.0304361638,0.0016759312,0.0000000000,0.0417902097,0.0554403625,0.0430585817,0.0416501984,0.0000000000,0.0150649622,0.5048721433,0.5326014757,0.0000000000,0.0000000000,0.0452882685,0.0501105227,0.0759580806,0.0801476985,0.0844931826,0.0181524809,0.2303698212,0.1546087265,0.0567985587,0.0590883046,0.1079636738,0.0963747427,0.0632336214,0.0680768043,0.1907653660,0.1907322705,0.0986647382,0.0000000000,0.0000000000,0.0136056282,0.1997799277,0.2258316427,0.2082985044,0.2236132026,0.0000008113,-0.0460192300,0.1365685165,-0.0448168702,-0.0439238772,0.2371220142,-0.0106112063,0.0238035563,0.2371110320,0.0057516862
21:57:27:02.324,61,0.2625599802,0.4012575448,0.0373369381,0.0000000000,0.0000000000,0.0700640082,0.0000000000,0.2624352574,0.4009523988,0.0766480863,0.0000000000,0.0000000000,0.0700822026,0.0000000000,0.0308477432,0.0018991394,0.0000000000,0.0417493880,0.0553441569,0.0422487967,0.0412280671,0.0000000000,0.0150959343,0.5075164437,0.5336319804,0.0000000000,0.0000000000,0.0458291508,0.0506377593,0.0755471662,0.0797219127,0.0845350102,0.0180950910,0.2333924919,0.1577072293,0.0571787469,0.0595449544,0.1080855131,0.0964938775,0.0633617565,0.0683982000,0.1883872449,0.1883513480,0.0941428021,0.0000000000,0.0000000000,0.0133767417,0.2009989470,0.2265403122,0.2104649991,0.2246261835,0.0000016796,-0.0522589013,0.1467175335,-0.0468819216,-0.0454232842,0.2451860011,-0.0113614304,0.0221259929,0.2451755702,0.0055356193
21:57:27:03.324,61,0.2648462057,0.4156546891,0.0357672013,0.0000000000,0.0000000000,0.0684975386,0.0000000000,0.2645889521,0.4153131843,0.0780666694,0.0000000000,0.0000000000,0.0685155913,0.0000000000,0.0314556286,0.0020189744,0.0000000000,0.0420256667,0.0556443520,0.0419384167,0.0409004912,0.0000000000,0.0150713464,0.5078191161,0.5263072848,0.0000000000,0.0000000000,0.0463401675,0.0511078015,0.0752985030,0.0795100555,0.0847445875,0.0181958191,0.2191062272,0.1462184638,0.0574382059,0.0598041341,0.1091715395,0.0969817713,0.0633414686,0.0685168058,0.1868090481,0.1867635101,0.0913055614,0.0000000000,0.0000000000,0.0131616779,0.2016348094,0.2266382724,0.2115884870,0.2250759453,0.0000171592,-0.0567081682,0.1561806649,-0.0462792963,-0.0461606346,0.2539769411,-0.0119776633,0.0211483128,0.2539670467,0.0054890444
21:57:27:04.324,61,0.2653304636,0.4208253324,0.0399042256,0.0000000000,0.0000000000,0.0665733069,0.0000000000,0.2650396228,0.4205516875,0.0737851337,0.0000000000,0.0000000000,0.0665910542,0.0000000000,0.0321069025,0.0019992008,0.0000000000,0.0424265377,0.0560714975,0.0418732390,0.0406919457,0.0000000000,0.0149370488,0.4992729425,0.5056872368,0.0000000000,0.0000000000,0.0466825776,0.0513952598,0.0751117393,0.0794901103,0.0849326104,0.0182937719,0.2155503780,0.1432621777,0.0576795712,0.0599990711,0.1098037139,0.0973109305,0.0633517131,0.0685745999,0.1862621754,0.1862139553,0.0891453549,0.0000000000,0.0000000000,0.0129501801,0.2015915364,0.2230870128,0.2125148773,0.2255017161,0.0000557799,-0.0603154078,0.1670739651,-0.0453386493,-0.0435926393,0.2571502328,-0.0114595275,0.0235749464,0.2571406662,0.0061986661
21:57:27:05.324,61,0.2606379390,0.4142367542,0.0407110602,0.0000000000,0.0000000000,0.0629525855,0.0000000000,0.2605263591,0.4139821827,0.0728972331,0.0000000000,0.0000000000,0.0629669130,0.0000000000,0.0327561945,0.0021030707,0.0000000000,0.0444146506,0.0588251315,0.0430119298,0.0407432653,0.0000000000,0.0152100781,0.4203017056,0.4439808428,0.0000000000,0.0000000000,0.0468495376,0.0515416786,0.0753895640,0.0799122676,0.0857857466,0.0184249841,0.2134476155,0.1412304640,0.0576422885,0.0599460453,0.1104211286,0.0977691934,0.0635724738,0.0689693466,0.1713305712,0.1713174134,0.0908418670,0.0000000000,0.0000000000,0.0127564138,0.1976345927,0.2145306170,0.2130288929,0.2258569747,0.0002688571,-0.0633117780,0.1822398603,-0.0452465564,-0.0431131683,0.2531276941,-0.0111484351,0.0240768716,0.2531177998,0.0062271771
21:57:27:06.325,61,0.2594477236,0.4150690138,0.0442517661,0.0000000000,0.0000000000,0.0605363883,0.0000000000,0.2593809664,0.4148786962,0.0688424334,0.0000000000,0.0000000000,0.0605475605,0.0000000000,0.0333861597,0.0018976190,0.0000000000,0.0455266647,0.0603476502,0.0472702384,0.0409692451,0.0000000000,0.0155229112,0.3993968070,0.4263897240,0.0000000000,0.0000000000,0.0468579344,0.0515189581,0.0758047253,0.0807111710,0.0864316374,0.0185409896,0.2126208395,0.1402096450,0.0578842051,0.0601532087,0.1108101830,0.0981126279,0.0639774576,0.0695229173,0.1666718721,0.1666681617,0.0917535946,0.0000000000,0.0000000000,0.0126622431,0.1961749494,0.2106463164,0.2150011510,0.2283721119,0.0002691004,-0.0631681532,0.1967140436,-0.0452121347,-0.0407093838,0.2536497414,-0.0105499187,0.0261673965,0.2536399662,0.0067823092
21:57:27:07.324,61,0.2804827094,0.4185101986,0.0499412604,0.0000000000,0.0000000000,0.0594441183,0.0000000000,0.2802041769,0.4184157848,0.0629967675,0.0000000000,0.0000000000,0.0594537333,0.0000000000,0.0345395915,0.0009319676,0.0000000000,0.0490100607,0.0647465885,0.0549387969,0.0413587466,0.0000000000,0.0157058649,0.3894355893,0.4170159400,0.0000000000,0.0000000000,0.0468858220,0.0514991321,0.0776619911,0.0860668421,0.0876247287,0.0186891109,0.2127970755,0.1397271752,0.0582738779,0.0604016706,0.1113702133,0.0987288207,0.0655609295,0.0711021721,0.1968196630,0.1967774779,0.0977198035,0.0000000000,0.0000000000,0.0125597920,0.2076182514,0.2121992409,0.2345762253,0.2501838803,0.0002642756,-0.0633676052,0.2089700848,-0.0425744057,-0.0372317657,0.2557769120,-0.0097337235,0.0295155477,0.2557672560,0.0077168741
21:57:27:08.325,61,0.2795301080,0.4179517925,0.0518944487,0.0000000000,0.0000000000,0.0571735725,0.0000000000,0.2793461978,0.4178928435,0.0607737191,0.0000000000,0.0000000000,0.0571805276,0.0000000000,0.0363824554,0.0005153359,0.0000000000,0.0518590510,0.0673016831,0.0617685579,0.0422677249,0.0000000000,0.0158928353,0.3482660949,0.3670830131,0.0000000000,0.0000000000,0.0468005389,0.0513787940,0.0813250318,0.0905301645,0.0984970331,0.0188159011,0.2323386073,0.1437180638,0.0587288663,0.0607427172,0.1115504131,0.0990462899,0.0709730759,0.0777532309,0.1794116944,0.1793761551,0.1027831063,0.0000000000,0.0000000000,0.0125371767,0.2089663893,0.2118880749,0.2410396636,0.2564247549,0.0002280170,-0.0563734435,0.2217950970,-0.0383601226,-0.0359209590,0.2554446757,-0.0093784556,0.0306726005,0.2554350197,0.0080083981
21:57:27:09.325,61,0.2829486728,0.4238860309,0.0413990915,0.0000000000,0.0000000000,0.0562449209,0.0000000000,0.2828251421,0.4236486554,0.0711091682,0.0000000000,0.0000000000,0.0562508330,0.0000000000,0.0403625928,0.0002060225,0.0000000000,0.0578772277,0.0717712417,0.0648454651,0.0428723581,0.0000000000,0.0164666791,0.3344685137,0.3527204394,0.0000000000,0.0000000000,0.0467061326,0.0513056032,0.0843289346,0.0953275785,0.1088874042,0.0189787131,0.2432052791,0.1506763846,0.0592986569,0.0612234250,0.1116059348,0.0994071290,0.0762513801,0.0847957730,0.2185978442,0.2185841054,0.1045144126,0.0000000000,0.0000000000,0.0124935508,0.2131387889,0.2278818041,0.2759425938,0.2866489291,0.0000229245,-0.0556327067,0.2360604703,-0.0329311863,-0.0419907533,0.2590258121,-0.0111229271,0.0244460143,0.2590164244,0.0064766919
21:57:27:10.325,61,0.2857768834,0.4201303720,0.0429039411,0.0000000000,0.0000000000,0.0563782714,0.0000000000,0.2857090831,0.4199146330,0.0701800510,0.0000000000,0.0000000000,0.0563829280,0.0000000000,0.0759678110,0.0000000000,0.0190732256,0.1502830833,0.0733153075,0.1143919826,0.0433678813,0.0000000000,0.0221455991,0.3711509407,0.4301256537,0.0000000000,0.0000000000,0.0475967191,0.0526166819,0.1162602156,0.1239469722,0.0936657414,0.0192929860,0.1646025181,0.1406295747,0.0582410619,0.0596414208,0.3007578254,0.3133436143,0.1781076640,0.2101847529,0.2084270120,0.2084540874,0.1055987403,0.0000000000,0.0000000000,0.0122215766,0.2439467311,0.2697707117,0.2531244457,0.2731893361,0.0000209722,-0.0629312322,0.2460616380,-0.0257521141,-0.0414670631,0.2567369938,-0.0108828228,0.0253499448,0.2567273974,0.0066540665
21:57:27:11.325,61,0.2883973718,0.4173524380,0.0421389602,0.0000000000,0.0000000000,0.0571914390,0.0000000000,0.2883866429,0.4171218276,0.0712968782,0.0000000000,0.0000000000,0.0571984425,0.0000000000,0.1345649660,0.0000000000,0.0246834829,0.2257442325,0.0739261955,0.1148512959,0.0434386060,0.0000000000,0.0297287274,0.4926394224,0.5615534782,0.0000000000,0.0000000000,0.0542106070,0.0613947287,0.1691214591,0.1771625876,0.0843316466,0.0197070763,0.1427668184,0.1265702695,0.0579055585,0.0591451973,0.4364940524,0.4618588686,0.2051803768,0.2439973503,0.2055314630,0.2056320757,0.1064959094,0.0000000000,0.0000000000,0.0119872652,0.2520535588,0.2824183106,0.2630915046,0.2847729623,0.0000548450,-0.0545033142,0.2498440146,-0.0197571889,-0.0421457253,0.2550367415,-0.0109842857,0.0249090139,0.2550269961,0.0064931070
21:57:27:12.325,61,0.3054969311,0.4164212346,0.0288341139,0.0000000000,0.0000000000,0.0619548820,0.0000000000,0.3053558767,0.4159613550,0.0850194469,0.0000000000,0.0000000000,0.0619713552,0.0000000000,0.1524038315,0.0000000000,0.0277739409,0.2543241084,0.0720381662,0.0806323886,0.0431514010,0.0000000000,0.0325724632,0.5997107625,0.6565083265,0.0000000000,0.0000000000,0.0633165911,0.0716656968,0.1854033172,0.1933401525,0.0754696354,0.0200339630,0.1250493079,0.1131754965,0.0580229796,0.0591369830,0.5040230155,0.5314316154,0.2189898193,0.2611580491,0.2197324634,0.2198251635,0.1073568836,0.0000000000,0.0000000000,0.0118506812,0.2546282411,0.2889752984,0.2652171552,0.2875335515,0.0000635391,-0.0472627282,0.2574770451,-0.0076346430,-0.0502663963,0.2544247806,-0.0130660599,0.0170468986,0.2544151247,0.0044328058
21:57:27:13.326,61,0.3098300099,0.4178440571,0.0301117767,0.0000000000,0.0000000000,0.0634547099,0.0000000000,0.3096694052,0.4174045920,0.0837302580,0.0000000000,0.0000000000,0.0634740144,0.0000000000,0.1586164832,0.0000000000,0.0297582299,0.2658916414,0.0691364333,0.0728317797,0.0427403525,0.0000000000,0.0346783772,0.6345376372,0.6877005696,0.0000000000,0.0000000000,0.0664422661,0.0752189830,0.1894665360,0.1995515525,0.0706983730,0.0201599877,0.1175143570,0.1082938612,0.0579475202,0.0589921437,0.5261162519,0.5547621846,0.2264837474,0.2704392076,0.2219121158,0.2220606357,0.1074695513,0.0000000000,0.0000000000,0.0116646159,0.2513118982,0.2918305397,0.2666967809,0.2889653742,0.0000954944,-0.0467669852,0.2614196539,0.0029104792,-0.0494928584,0.2552975416,-0.0129112778,0.0177982189,0.2552877069,0.0046447385
21:57:27:14.326,61,0.3168053329,0.4204095602,0.0270468146,0.0000000000,0.0000000000,0.0646005273,0.0000000000,0.3167439103,0.4199179113,0.0865661353,0.0000000000,0.0000000000,0.0646218285,0.0000000000,0.1622752398,0.0000000000,0.0306335613,0.2727739215,0.0680587739,0.0690894499,0.0422485806,0.0000000000,0.0359409340,0.6122200489,0.6693003178,0.0000000000,0.0000000000,0.0684119239,0.0774253309,0.1925189048,0.2030974925,0.0686070323,0.0202972423,0.1139202192,0.1057328284,0.0577901974,0.0588141903,0.5094199777,0.5339313149,0.2298896611,0.2744977772,0.2219951749,0.2221861631,0.1072549522,0.0000000000,0.0000000000,0.0114675304,0.2482981235,0.2917751968,0.2676016390,0.2893467546,0.0001037248,-0.0438278243,0.2560792863,0.0077356314,-0.0511484891,0.2568567693,-0.0134279309,0.0159800649,0.2568472028,0.0041969349
21:57:27:15.326,61,0.3191277087,0.4202970564,0.0094906222,0.0000000000,0.0000000000,0.0651410967,0.0000000000,0.3190906942,0.4195122719,0.1037466154,0.0000000000,0.0000000000,0.0651651695,0.0000000000,0.1550068855,0.0000000000,0.0304833874,0.2758603394,0.0671402961,0.0678030327,0.0417556725,0.0000000000,0.0365224518,0.6109653711,0.6682363153,0.0000000000,0.0000000000,0.0695209950,0.0785948932,0.1825050563,0.1847866625,0.0667588860,0.0204188116,0.1116209552,0.1027598083,0.0575022437,0.0585566759,0.5083340406,0.5318136215,0.2209041268,0.2559510171,0.2189486772,0.2191960067,0.1068666652,0.0000000000,0.0000000000,0.0112623535,0.2335118055,0.2770251930,0.2675374150,0.2798104286,0.0001534432,-0.0452305041,0.2499767691,0.0106432131,-0.0613029450,0.2567586005,-0.0160838515,0.0056074578,0.2567490339,0.0014721927
21:57:27:16.326,61,0.3181484044,0.4181604981,0.0000000000,0.0073014982,0.0000000000,0.0650046468,0.0000000000,0.3181387484,0.4170984030,0.1203878820,0.0000000000,0.0000000000,0.0650308132,0.0000000000,0.1441821307,0.0000000000,0.0285796635,0.2700675726,0.0665444881,0.0763773322,0.0414967239,0.0000000000,0.0367314033,0.5822336674,0.6351307631,0.0000000000,0.0000000000,0.0698890239,0.0789053068,0.1562932134,0.1577252448,0.0655028671,0.0205152202,0.1105115041,0.1013120487,0.0571660213,0.0583060011,0.4865706265,0.5017240644,0.2186693549,0.2514730394,0.2167359442,0.2170367390,0.1050559133,0.0000000000,0.0000000000,0.0111045614,0.2247240543,0.2656768858,0.2673760951,0.2756249607,0.0002175791,-0.0496558808,0.2402026057,0.0111516882,-0.0711624995,0.2554518282,-0.0185667984,-0.0043155067,0.2554421425,-0.0011269777
21:57:27:17.326,61,0.3180999756,0.4171333313,0.0000000000,0.0109358076,0.0000000000,0.0649144351,0.0000000000,0.3181006014,0.4160151780,0.1238760725,0.0000000000,0.0000000000,0.0649421513,0.0000000000,0.1386114210,0.0000000000,0.0277140103,0.2688718140,0.0660680085,0.0799045265,0.0413741283,0.0000000000,0.0368813984,0.5748413801,0.6268880367,0.0000000000,0.0000000000,0.0701166093,0.0790459216,0.1484862119,0.1491837502,0.0645384565,0.0206091944,0.1100238338,0.1004609466,0.0569335930,0.0581727922,0.4796119630,0.4934519231,0.2172694802,0.2491569817,0.2160353661,0.2163571715,0.1044101045,0.0000000000,0.0000000000,0.0109803705,0.2211398929,0.2614676356,0.2670933306,0.2734878659,0.0002766787,-0.0551694781,0.2332245708,0.0107894773,-0.0732368007,0.2548274696,-0.0190581325,-0.0064645987,0.2548176348,-0.0016838857
21:57:27:18.326,61,0.3188990653,0.4185290337,0.0000000000,0.0022179664,0.0000000000,0.0651767850,0.0000000000,0.3189157248,0.4175505042,0.1153900847,0.0000000000,0.0000000000,0.0652057827,0.0000000000,0.1359400004,0.0000000000,0.0273998566,0.2681670487,0.0656569079,0.0818154961,0.0413132608,0.0000000000,0.0370647348,0.5705731511,0.6223490238,0.0000000000,0.0000000000,0.0700949505,0.0789095238,0.1433227509,0.1444514841,0.0636855662,0.0207619742,0.1094854847,0.0996342227,0.0566777699,0.0580063909,0.4765763283,0.4913116395,0.2130343020,0.2468773425,0.2156963497,0.2160401195,0.1036252081,0.0000000000,0.0000000000,0.0108734816,0.2190648168,0.2589043379,0.2620122433,0.2667404115,0.0009373389,-0.0590449311,0.2255455256,0.0131261731,-0.0682036579,0.2556747794,-0.0178124271,-0.0013108387,0.2556650639,-0.0003426337
21:57:27:19.326,61,0.3192127347,0.4210958481,0.0000000000,0.0069889068,0.0000000000,0.0654745325,0.0000000000,0.3192341030,0.4200322628,0.1200563386,0.0000000000,0.0000000000,0.0655030832,0.0000000000,0.1340986639,0.0000000000,0.0272720028,0.2676022053,0.0657352433,0.0836690143,0.0413024798,0.0000000000,0.0373699144,0.5580303669,0.6149362326,0.0000000000,0.0000000000,0.0699730888,0.0786857679,0.1408979595,0.1423282623,0.0631841347,0.0209386107,0.1093537211,0.0990361422,0.0562708937,0.0576771498,0.4733741879,0.4893845320,0.2113837898,0.2457367480,0.2153327614,0.2156983465,0.1031162664,0.0000000000,0.0000000000,0.0107715921,0.2184467763,0.2578666806,0.2608398199,0.2646476328,0.0009309570,-0.0577968284,0.2171376944,0.0189287327,-0.0709332451,0.2572446465,-0.0186428428,-0.0041288100,0.2572350800,-0.0010861341
21:57:27:20.327,61,0.3193642497,0.4218866527,0.0000000000,0.0096727200,0.0000000000,0.0657749921,0.0000000000,0.3193880022,0.4207778275,0.1226121336,0.0000000000,0.0000000000,0.0658030957,0.0000000000,0.1328250915,0.0000000000,0.0269224755,0.2660631835,0.0669926107,0.0915068090,0.0415158086,0.0000000000,0.0372844972,0.5207981467,0.5821126699,0.0000000000,0.0000000000,0.0697730333,0.0783453807,0.1396156400,0.1411572248,0.0629275218,0.0212253630,0.1094414294,0.0985182673,0.0557020232,0.0571912341,0.4623592198,0.4792485535,0.2034464926,0.2348946333,0.1938132346,0.1945034862,0.1027570888,0.0000000000,0.0000000000,0.0106614567,0.2184045762,0.2573266625,0.2528364956,0.2493347973,0.0018706700,-0.0596719906,0.2139041871,0.0232695006,-0.0724344254,0.2577296793,-0.0190741345,-0.0057135900,0.2577202618,-0.0015059896
21:57:27:21.327,61,0.3196831048,0.4209403694,0.0000000000,0.0105108656,0.0000000000,0.0662271827,0.0000000000,0.3197109401,0.4198241830,0.1232112721,0.0000000000,0.0000000000,0.0662549362,0.0000000000,0.1304607391,0.0000000000,0.0265291929,0.2655414939,0.0676794946,0.0945943296,0.0417958498,0.0000000000,0.0372029096,0.5126603842,0.5761566758,0.0000000000,0.0000000000,0.0696185976,0.0780341774,0.1390954852,0.1405955106,0.0628221706,0.0214178544,0.1099394932,0.0984326676,0.0552523397,0.0568722859,0.4568771124,0.4726568758,0.2012395859,0.2322369814,0.1896258295,0.1904702783,0.1022647172,0.0000000000,0.0000000000,0.0105449576,0.2184043527,0.2568583488,0.2506088614,0.2454631478,0.0021043108,-0.0606271401,0.2070594728,0.0283791721,-0.0727995038,0.2571524978,-0.0191251989,-0.0062096179,0.2571429610,-0.0016328980
21:57:27:22.326,61,0.3215437531,0.4173044860,0.0000000000,0.0077852425,0.0000000000,0.0672480166,0.0000000000,0.3215651512,0.4162444174,0.1204082742,0.0000000000,0.0000000000,0.0672753677,0.0000000000,0.1194412634,0.0000000000,0.0260893516,0.2635710239,0.0681558624,0.0962858126,0.0421111844,0.0000000000,0.0369310901,0.5267102718,0.5825153589,0.0000000000,0.0000000000,0.0696196482,0.0778782442,0.1376518756,0.1384520531,0.0626184270,0.0216375608,0.1102146655,0.0981672704,0.0548885651,0.0566126220,0.4502508938,0.4647302330,0.1970293075,0.2254949957,0.2069530785,0.2073761523,0.1025177687,0.0000000000,0.0000000000,0.0104220025,0.2229021192,0.2568384707,0.2492947578,0.2435901165,0.0014356761,-0.0615019202,0.2049709558,0.0362375341,-0.0711842328,0.2549291849,-0.0185327679,-0.0046020485,0.2549195588,-0.0011992378
21:57:27:23.327,61,0.3213501573,0.4097673595,0.0000000000,0.0028077103,0.0000000000,0.0691370815,0.0000000000,0.3213720024,0.4088059962,0.1155359074,0.0000000000,0.0000000000,0.0691655800,0.0000000000,0.1157193407,0.0000000000,0.0256513096,0.2456040829,0.0683379546,0.0967473909,0.0421164222,0.0000000000,0.0366126634,0.5288255811,0.5831401348,0.0000000000,0.0000000000,0.0695026666,0.0776714459,0.1342746317,0.1354658306,0.0623401105,0.0218987819,0.1099008173,0.0967391133,0.0541214049,0.0560198650,0.4478657842,0.4618638754,0.1873019636,0.2147188634,0.2109725326,0.2112992555,0.1029082611,0.0000000000,0.0000000000,0.0102410810,0.2243771255,0.2565347254,0.2341199815,0.2386626452,0.0013286215,-0.0681639761,0.2024704814,0.0453170612,-0.0683841258,0.2503229380,-0.0174694601,-0.0016616806,0.2503130436,-0.0004248506
21:57:27:24.327,61,0.3188194931,0.4113087356,0.0010514978,0.0000000000,0.0000000000,0.0695602521,0.0000000000,0.3188333809,0.4104027748,0.1119872108,0.0000000000,0.0000000000,0.0695881173,0.0000000000,0.1102975979,0.0000000000,0.0253587216,0.2385452390,0.0683903396,0.0974525064,0.0424132422,0.0000000000,0.0366126969,0.4764530361,0.5416107774,0.0000000000,0.0000000000,0.0689995959,0.0768836737,0.1269417703,0.1296509802,0.0618577488,0.0221338905,0.1095508114,0.0958914161,0.0534519069,0.0554286316,0.4462983608,0.4600831866,0.1839894056,0.2112064064,0.1775327772,0.1778581142,0.1029174030,0.0000000000,0.0000000000,0.0101012727,0.2210611254,0.2442524433,0.2275516689,0.2334436327,0.0003410329,-0.0659264475,0.1966660768,0.0512966923,-0.0662673637,0.2512641549,-0.0169960186,0.0006221553,0.2512542903,0.0001596938
21:57:27:25.327,61,0.3042251766,0.4122911692,0.0027984132,0.0000000000,0.0000000000,0.0692850649,0.0000000000,0.3042306900,0.4114045501,0.1107200012,0.0000000000,0.0000000000,0.0693099797,0.0000000000,0.1080146283,0.0000000000,0.0250423960,0.2248966098,0.0673694164,0.1037832871,0.0438510552,0.0000000000,0.0373985656,0.4150796831,0.5002546906,0.0000000000,0.0000000000,0.0683724284,0.0761746094,0.1226971149,0.1263073981,0.0604709126,0.0223024487,0.1098320931,0.0959786922,0.0529769994,0.0549932979,0.4416054189,0.4589093924,0.1826430112,0.2132515609,0.1422326863,0.1425587237,0.1039902493,0.0000000000,0.0000000000,0.0100145238,0.2101171017,0.2342855483,0.2069478631,0.2122853696,0.0000000648,-0.0675682873,0.1961110532,0.0572504513,-0.0655072853,0.2518646419,-0.0168432835,0.0016555234,0.2518547177,0.0004259966
21:57:27:26.327,61,0.2950929701,0.4127610922,0.0000000000,0.0038482507,0.0000000000,0.0692409799,0.0000000000,0.2951014042,0.4117582142,0.1175958961,0.0000000000,0.0000000000,0.0692646950,0.0000000000,0.1070595086,0.0000000000,0.0248335265,0.2206505537,0.0585811436,0.1284551173,0.0446256660,0.0000000000,0.0375611410,0.2999767959,0.3697609305,0.0000000000,0.0000000000,0.0677859634,0.0754648373,0.1225654930,0.1269285679,0.0569465198,0.0223552659,0.1164510325,0.1135696471,0.0525336005,0.0545712635,0.4909646809,0.5074884892,0.2512297630,0.2870220244,0.1308415681,0.1311612725,0.1042771339,0.0000000000,0.0000000000,0.0099343285,0.1609220654,0.1816192567,0.2299110144,0.2238126993,0.0000004728,-0.0765018910,0.1986415237,0.0600556433,-0.0695711076,0.2521519959,-0.0179076158,-0.0022764325,0.2521420717,-0.0005864651
21:57:27:27.327,61,0.2931247950,0.4116038382,0.0000000000,0.0020250955,0.0000000000,0.0690286234,0.0000000000,0.2931222618,0.4106337130,0.1158027276,0.0000000000,0.0000000000,0.0690516606,0.0000000000,0.0861220956,0.0000000000,0.0229705442,0.2160222828,0.0557437576,0.1886949539,0.0539851487,0.0000000000,0.0371674262,0.1653120369,0.2340207547,0.0000000000,0.0000000000,0.0659296066,0.0726858377,0.1223351806,0.1268033385,0.0555399582,0.0222658701,0.1488387883,0.1362406164,0.0522410981,0.0543437861,0.3648411930,0.3712803125,0.2444032133,0.2707390189,0.1321910322,0.1323720217,0.1041256338,0.0000000000,0.0000000000,0.0099116666,0.1412660182,0.1588697433,0.2275220752,0.2244629860,0.0000005073,-0.0887056515,0.1940416396,0.0523183905,-0.0685224459,0.2514446974,-0.0175865572,-0.0011981628,0.2514346838,-0.0003077729
21:57:27:28.328,61,0.2913863957,0.4058181643,0.0000000000,0.0013710766,0.0000000000,0.0688790828,0.0000000000,0.2913804650,0.4048714936,0.1151778698,0.0000000000,0.0000000000,0.0689009577,0.0000000000,0.0727845207,0.0000000000,0.0220407303,0.2139260769,0.0547684319,0.2150022388,0.0853989571,0.0000000000,0.0357616991,0.1112733930,0.1478468776,0.0000000000,0.0000000000,0.0634352267,0.0689554662,0.1251739413,0.1307127029,0.0546044186,0.0221605748,0.1682536751,0.1486555487,0.0517055839,0.0538262390,0.2721396387,0.2710820436,0.2009362280,0.2191443741,0.1305351853,0.1306739897,0.1044517756,0.0000000000,0.0000000000,0.0099674994,0.1319200397,0.1459822357,0.2065962702,0.2023701966,0.0000005887,-0.0970894843,0.1877151281,0.0413361564,-0.0682139024,0.2479105741,-0.0172510296,-0.0008119392,0.2479003221,-0.0002055071
21:57:27:29.328,61,0.2899345756,0.3995738328,0.0068295696,0.0000000000,0.0000000000,0.0687277317,0.0000000000,0.2899101973,0.3987732232,0.1070802361,0.0000000000,0.0000000000,0.0687481761,0.0000000000,0.0619697981,0.0000000000,0.0203282703,0.1507951319,0.1010572985,0.2765532434,0.1727759838,0.0000000000,0.0331562385,0.0780755877,0.1048133299,0.0000000000,0.0000000000,0.0542331934,0.0575176366,0.1255097240,0.1314704269,0.0541790091,0.0221414324,0.2780517042,0.2231393754,0.0517608151,0.0538631789,0.1658332199,0.1618091166,0.1856670082,0.1983852535,0.1292771548,0.1293745041,0.1054421291,0.0000000000,0.0000000000,0.0104616964,0.1340687126,0.1438300908,0.2492032349,0.2454093695,0.0000006892,-0.1051159203,0.1819367856,0.0291156061,-0.0634777993,0.2440983206,-0.0157981589,0.0040482846,0.2440878451,0.0010082370
21:57:28:00.328,61,0.2892245352,0.3927921355,0.0144392671,0.0000000000,0.0000000000,0.0688561127,0.0000000000,0.2891966105,0.3921290040,0.0993199423,0.0000000000,0.0000000000,0.0688745379,0.0000000000,0.0569555461,0.0000000000,0.0202972237,0.1344172508,0.1131458953,0.2957540751,0.1980885118,0.0000000000,0.0323529281,0.0632845312,0.0866175890,0.0000000000,0.0000000000,0.0500558503,0.0525976941,0.1247423068,0.1317927241,0.0541085005,0.0220924374,0.3138817847,0.2479694933,0.0536463745,0.0551947877,0.1297997236,0.1248065382,0.1786409616,0.1894774139,0.1488109380,0.1489939988,0.1080259830,0.0000000000,0.0000000000,0.0113417665,0.1608570516,0.1688883156,0.2587009966,0.2550748587,0.0000003289,-0.1062474698,0.1717425287,0.0227790792,-0.0589367598,0.2399628162,-0.0144111440,0.0085677477,0.2399520725,0.0020962071
21:57:28:01.328,61,0.2747395337,0.3778517544,0.0211789496,0.0000000000,0.0000000000,0.0691798106,0.0000000000,0.2747415900,0.3773215413,0.0922815576,0.0000000000,0.0000000000,0.0691962093,0.0000000000,0.0541581437,0.0000000000,0.0206418708,0.1263754517,0.1198150814,0.3163392842,0.2733795345,0.0000000000,0.0317285880,0.0052015753,0.0144435791,0.0000000000,0.0000000000,0.0469058491,0.0487028621,0.1242805347,0.1320368350,0.0543702506,0.0219416395,0.4163138568,0.3412192762,0.0585799664,0.0592174046,0.1058214754,0.1045022160,0.1753065288,0.1852387935,0.1540486366,0.1542480439,0.1113541871,0.0000000000,0.0000000000,0.0141365724,0.1696540415,0.1772894263,0.2708891928,0.2668482959,0.0000002747,-0.1054988727,0.1664349139,0.0206389111,-0.0548792742,0.2308464646,-0.0128914388,0.0125943618,0.2308351398,0.0029598966
21:57:28:02.328,61,0.1701003760,0.2684042752,0.0238924585,0.0000000000,0.0000000000,0.0975169167,0.0000000000,0.1700768471,0.2680713534,0.0886377692,0.0000000000,0.0000000000,0.0975251272,0.0000000000,0.0528215989,0.0000000000,0.0207688268,0.1239223778,0.1247482374,0.2726887167,0.2333825380,0.0000000000,0.0311507508,0.0108413827,0.0497999862,0.0000000000,0.0000000000,0.0451534502,0.0466518886,0.1239271834,0.1321647912,0.0612212457,0.0219545159,0.3921930492,0.3060214520,0.0602648444,0.0606165193,0.0943710729,0.0940493494,0.1467025429,0.1587739736,0.1955198348,0.1956984103,0.1117920280,0.0000000000,0.0000000000,0.0156872775,0.2186299562,0.2322294265,0.2736256123,0.2689231634,0.0000003181,-0.1048225239,0.1637141407,0.0129337050,-0.0534206778,0.1639915258,-0.0088354927,0.0143993217,0.1639759988,0.0023824491
21:57:28:03.328,61,0.0666902363,0.1664919108,0.0576046407,0.0000000000,0.0000000000,0.1259497553,0.0000000000,0.0666877776,0.1665344089,0.0545315593,0.0000000000,0.0000000000,0.1259493679,0.0000000000,0.0523031279,0.0000000000,0.0212485343,0.1312476546,0.1354203969,0.2653089166,0.2299312055,0.0000000000,0.0312425643,0.0000000000,0.0280478895,0.0003194921,0.0000000000,0.0434840433,0.0448470861,0.1237426698,0.1325687766,0.0641205460,0.0220681336,0.3787272274,0.2983967960,0.0609135777,0.0610886291,0.0886171088,0.0890653431,0.1383634657,0.1511433274,0.2091552764,0.2093684226,0.1065354645,0.0000000000,0.0000000000,0.0171304438,0.2306311727,0.2464629710,0.2633566260,0.2636675239,0.0000002348,-0.1012095287,0.1591117978,0.0091254823,-0.0331391543,0.1017861590,-0.0033841727,0.0350067653,0.1017666981,0.0035741276
21:57:28:04.329,61,0.0248306021,0.1437089145,0.0711796358,0.0000000000,0.0000000000,0.1343225390,0.0000000000,0.0248307139,0.1438334584,0.0405667014,0.0000000000,0.0000000000,0.1343160719,0.0000000000,0.0520647168,0.0000000000,0.0237279665,0.1404051483,0.1497719586,0.2621257901,0.2968941629,0.0000000000,0.0317210704,0.0000000000,0.0136172948,0.0111126546,0.0000000000,0.0408739261,0.0418283902,0.1230874285,0.1327714473,0.0679363385,0.0223363861,0.3456330299,0.2434425205,0.0612127371,0.0612185672,0.0853362232,0.0863554850,0.1006818339,0.1110576168,0.2054934651,0.2056776285,0.1040747464,0.0000000000,0.0000000000,0.0234879851,0.2189107686,0.2229052186,0.2261142731,0.2210310847,0.0000002458,-0.0900971740,0.1536084116,0.0023585877,-0.0246851817,0.0878897160,-0.0021749528,0.0433136262,0.0878694057,0.0038145566
21:57:28:05.328,61,0.0048800828,0.0655728504,0.0831420049,0.0000000000,0.0000000000,0.1390143037,0.0205625240,0.0048818635,0.0656858608,0.0275627803,0.0000000000,0.0000000000,0.1390034258,0.0205509253,0.0520858429,0.0000000000,0.0315829255,0.1451245695,0.1562601477,0.2600606382,0.2619908154,0.0000000000,0.0320947766,0.0000000000,0.0084777316,0.0146833826,0.0000000000,0.0395500436,0.0401693024,0.1225595623,0.1331357062,0.0696966797,0.0227195937,0.2838138938,0.2116983533,0.0609444231,0.0607886948,0.0840181932,0.0855616704,0.0895183086,0.0993773341,0.1989103556,0.1992021650,0.1020855233,0.0000000000,0.0000000000,0.0256154053,0.2170428038,0.2184167951,0.1999615282,0.1986636519,0.0000004539,-0.0831067115,0.1506567448,-0.0034411401,-0.0168235898,0.0401308909,-0.0006754764,0.0507477894,0.0401078500,0.0020356001
21:57:28:06.328,61,0.0000000000,0.0661667734,0.0809526965,0.0000000000,0.0000000000,0.1412543654,0.0822601989,0.0000000000,0.0662745535,0.0294495746,0.0000000000,0.0000000000,0.1412396282,0.0821207762,0.0522581115,0.0000000000,0.0353381783,0.1472716480,0.1595619023,0.2361297011,0.2577818036,0.0000000000,0.0365753993,0.0000000000,0.0506233759,0.0001091491,0.0000000000,0.0386022814,0.0390683226,0.1172811985,0.1328212470,0.0777553543,0.0232511237,0.3006388247,0.2008100897,0.0609285682,0.0607135259,0.0833159909,0.0852804333,0.0833163932,0.0930230618,0.1973646879,0.1977320313,0.0977179334,0.0000000000,0.0000000000,0.0284910630,0.2161429673,0.2165255398,0.2150471807,0.2140717804,0.0000005468,-0.0714969561,0.1438099742,-0.0032556546,-0.0179749839,0.0404913686,-0.0007281904,0.0494107679,0.0404684059,0.0019998504
21:57:28:07.329,61,0.0000000000,0.0000000000,0.0976442024,0.0000000000,0.0087442100,0.1653036028,0.1376012713,0.0000000000,0.0000000000,0.0111027397,0.0000000000,0.0087017771,0.1652617007,0.1373480260,0.0528339781,0.0000000000,0.0372292884,0.1485468894,0.1615057290,0.2112637758,0.2559484541,0.0000000000,0.0401808470,0.0000000000,0.0103146471,0.0004900768,0.0000000000,0.0377115086,0.0380902253,0.1145961732,0.1326124966,0.0820435286,0.0238089859,0.2901946902,0.1940390468,0.0608710982,0.0605939552,0.0829165056,0.0852088183,0.0756259263,0.0845516399,0.2059826851,0.2068948746,0.0921040475,0.0000000000,0.0000000000,0.0314484313,0.2160210460,0.2170708328,0.2158111781,0.2139411569,0.0000005686,-0.0637250468,0.1405749321,-0.0004914987,-0.0067822305,-0.0037969539,0.0000257517,0.0596470200,-0.0038221781,-0.0002278475
21:57:28:08.329,61,0.0000000000,0.0000000000,0.0849592239,0.0000000000,0.0144041842,0.1712736338,0.1484777033,0.0000000000,0.0000000000,0.0230883975,0.0000000000,0.0143644335,0.1712292135,0.1482955515,0.0527905189,0.0000000000,0.0381485000,0.1415011138,0.1578376591,0.2016697079,0.1866756529,0.0000000000,0.0412238762,0.0510502607,0.0807335749,0.0000000000,0.0000000000,0.0370556191,0.0373882242,0.1133892611,0.1325322986,0.0835519359,0.0241767541,0.2421386689,0.1742670983,0.0603887402,0.0599940270,0.0831315741,0.0859830156,0.0724225566,0.0810683295,0.2010941207,0.2017644644,0.0900054500,0.0000000000,0.0000000000,0.0323212035,0.2058584839,0.2104847282,0.1686811298,0.1651889980,0.0000008497,-0.0595220365,0.1403418779,0.0024840592,-0.0141036240,-0.0062682899,0.0000884038,0.0518976152,-0.0062934835,-0.0003264745
21:57:28:09.329,61,0.0000000000,0.0000000000,0.0859985203,0.0000000000,0.0109758433,0.1732773036,0.1537172794,0.0000000000,0.0000000000,0.0228878781,0.0000000000,0.0109319445,0.1732387394,0.1535701454,0.0527287945,0.0000000000,0.0385157354,0.1393650770,0.1568325609,0.1906114817,0.1752565652,0.0000000000,0.0415669829,0.0634875223,0.0917088464,0.0000000000,0.0000000000,0.0364362001,0.0367504470,0.1124487817,0.1322737336,0.0843984336,0.0245872661,0.2291696519,0.1636132151,0.0598528795,0.0593762845,0.0833563730,0.0864331275,0.0677717775,0.0750313997,0.2001150101,0.2007443160,0.0864196867,0.0000000000,0.0000000000,0.0327966884,0.1999685168,0.2042795718,0.1565546691,0.1526511610,0.0000051368,-0.0556431115,0.1367089748,0.0043072095,-0.0139812510,-0.0047704265,0.0000666949,0.0525329076,-0.0047957310,-0.0002518198
21:57:28:10.329,61,0.0000000000,0.0152556133,0.0832717270,0.0000000000,0.0000000000,0.1664809138,0.1510120183,0.0000000000,0.0153136048,0.0257336721,0.0000000000,0.0000000000,0.1664618552,0.1509308964,0.0525456220,0.0000000000,0.0386582501,0.1367938519,0.1557406485,0.1870440245,0.1923900694,0.0000000000,0.0413558856,0.0705107599,0.0932900161,0.0000000000,0.0000000000,0.0358810984,0.0361751802,0.1117749587,0.1320350915,0.0844058022,0.0249055717,0.2246236801,0.1589873880,0.0594772138,0.0588944107,0.0836542472,0.0868767425,0.0657188296,0.0722377747,0.1995189339,0.2001061887,0.0846452042,0.0000000000,0.0000000000,0.0331459828,0.1967155486,0.1995796412,0.1514155567,0.1466428488,0.0000054415,-0.0516870432,0.1300345361,0.0054368447,-0.0157191176,0.0093557062,-0.0001470617,0.0508655980,0.0093311938,0.0004744458
21:57:28:11.330,61,0.0000000000,0.0000000000,0.0909455419,0.0000000000,0.0000634979,0.1639583260,0.1480908692,0.0000000000,0.0000000000,0.0174861327,0.0000000000,0.0000064633,0.1639472246,0.1480421722,0.0525512509,0.0000000000,0.0386974327,0.1354496181,0.1550826430,0.1853574663,0.1950387955,0.0000000000,0.0404431634,0.0744945779,0.0950854719,0.0000000000,0.0000000000,0.0354753472,0.0357263461,0.1112571433,0.1317165196,0.0845343694,0.0253882725,0.2220620066,0.1540574729,0.0593342930,0.0586450398,0.0840481296,0.0873415545,0.0627535135,0.0678307563,0.1969646960,0.1974233687,0.0836786479,0.0000000000,0.0000000000,0.0335347317,0.1955596805,0.1980026662,0.1533432901,0.1478162706,0.0000082746,-0.0502379984,0.1271591932,0.0052842600,-0.0106816711,-0.0000028203,0.0000000301,0.0555554740,-0.0000277490,-0.0000015408
21:57:28:12.330,61,0.0000000000,0.0143058747,0.0887391418,0.0000000000,0.0000000000,0.1616528332,0.1395210773,0.0000000000,0.0143660009,0.0202508606,0.0000000000,0.0000000000,0.1616468281,0.1395049840,0.0527822301,0.0000000000,0.0380874239,0.1342452765,0.1544521749,0.1841926128,0.1958989501,0.0000000000,0.0363966487,0.0770040154,0.0958655328,0.0000000000,0.0000000000,0.0351266712,0.0353377163,0.1110798046,0.1314419508,0.0848323852,0.0258844700,0.2208584398,0.1484944820,0.0592578836,0.0584822819,0.0844942555,0.0877049565,0.0600011684,0.0636894107,0.1957395226,0.1961093545,0.0830995813,0.0000000000,0.0000000000,0.0338795930,0.1952381879,0.1973259896,0.1569672525,0.1517001092,0.0000083642,-0.0470902398,0.1234042197,0.0057077510,-0.0123700695,0.0087763630,-0.0001085642,0.0542055853,0.0087518152,0.0004741771
21:57:28:13.330,61,0.0000000000,0.0162835605,0.0818559751,0.0000000000,0.0000000000,0.1608976126,0.1367443055,0.0000000000,0.0163417198,0.0269689150,0.0000000000,0.0000000000,0.1608944982,0.1367403865,0.0532070510,0.0000000000,0.0375559926,0.1337736994,0.1544611454,0.1878354102,0.1968663782,0.0000000000,0.0350783132,0.0788855702,0.0967970863,0.0000000000,0.0000000000,0.0348086990,0.0349931344,0.1110711172,0.1313075423,0.0850035921,0.0263989940,0.2204302847,0.1461076736,0.0593517646,0.0585117340,0.0875637457,0.0907805040,0.0587335601,0.0620467924,0.1945790499,0.1948805004,0.0824909136,0.0000000000,0.0000000000,0.0343059301,0.1957467347,0.1992294192,0.1703020781,0.1683817208,0.0000052497,-0.0419738740,0.1226638034,0.0079343040,-0.0164735541,0.0099839428,-0.0001644690,0.0500004925,0.0099595105,0.0004977894
21:57:28:14.330,61,0.0000000000,0.0132518616,0.0882981420,0.0000000000,0.0000000000,0.1607514024,0.1400203258,0.0000000000,0.0133102462,0.0203375872,0.0000000000,0.0000000000,0.1607499868,0.1400194168,0.0534411073,0.0000000000,0.0351029970,0.1331720948,0.1539808214,0.1883928180,0.2126458883,0.0000000000,0.0340977497,0.0790831596,0.0968621075,0.0000000000,0.0000000000,0.0344093926,0.0345636830,0.1107606590,0.1298372000,0.0853554159,0.0267019663,0.2492588907,0.1522968560,0.0595028587,0.0586527772,0.0882865787,0.0914184824,0.0580352768,0.0611972772,0.1944267154,0.1946958303,0.0818023682,0.0000000000,0.0000000000,0.0348868743,0.1967667937,0.2011855096,0.1745755970,0.1732543409,0.0000089911,-0.0360017158,0.1269412637,0.0114414981,-0.0124231130,0.0081313942,-0.0001010169,0.0539364964,0.0081068901,0.0004370548
21:57:28:15.330,61,0.0000000000,0.0173043981,0.0974971354,0.0000000000,0.0000000000,0.1602522880,0.1412256956,0.0000000000,0.0173745155,0.0108008049,0.0000000000,0.0000000000,0.1602518559,0.1412257701,0.0534449369,0.0000000000,0.0339343995,0.1326990426,0.1533866972,0.1938560605,0.2309015691,0.0000000000,0.0335110314,0.0791760534,0.0966532901,0.0000000000,0.0000000000,0.0340302810,0.0341640674,0.1105581373,0.1291366220,0.0851092041,0.0268461891,0.2569580972,0.1582883596,0.0596792847,0.0588121898,0.0885565504,0.0915957615,0.0578725711,0.0610528775,0.1960966736,0.1963071227,0.0812185109,0.0000000000,0.0000000000,0.0354371108,0.1968455613,0.2016305476,0.1766329110,0.1755907536,0.0000127570,-0.0362692326,0.1303541511,0.0096515343,-0.0065974654,0.0106137199,-0.0000700258,0.0595542863,0.0105894301,0.0006302967
21:57:28:16.330,61,0.0000000000,0.0233550351,0.0913111940,0.0000000000,0.0000000000,0.1537617892,0.1429357529,0.0000000000,0.0234295968,0.0172181819,0.0000000000,0.0000000000,0.1537649482,0.1429364979,0.0537953749,0.0000000000,0.0330748484,0.1326324642,0.1532649994,0.2086859047,0.2368621230,0.0000000000,0.0323839039,0.0453276150,0.0577926338,0.0000000000,0.0000000000,0.0336989462,0.0337875225,0.1124624535,0.1294342279,0.0849920064,0.0269704405,0.2606054246,0.1602658629,0.0595250838,0.0586745068,0.0886494890,0.0915161520,0.0578067750,0.0610216931,0.1820236295,0.1821289957,0.0825016424,0.0000000000,0.0000000000,0.0357848257,0.1958806366,0.2008267343,0.1758957356,0.1742741168,0.0000134566,-0.0349605344,0.1382206827,0.0069717164,-0.0105169117,0.0143131185,-0.0001505373,0.0557731576,0.0142890010,0.0007965837
21:57:28:17.330,61,0.0000000000,0.0145969894,0.0948667675,0.0000000000,0.0000000000,0.1524900198,0.1625105143,0.0000000000,0.0146609237,0.0133175142,0.0000000000,0.0000000000,0.1524940133,0.1625113636,0.0584940910,0.0000000000,0.0327065922,0.1365931630,0.1554280668,0.2036869377,0.2396584600,0.0000000000,0.0319499075,0.0386117473,0.0487255119,0.0000000000,0.0000000000,0.0335260555,0.0335576050,0.1133584678,0.1305247694,0.0867433175,0.0275012497,0.2450660169,0.1489445865,0.0597871803,0.0588701814,0.0888116434,0.0915990099,0.0548855811,0.0578925796,0.1777812839,0.1778520793,0.0856520832,0.0000000000,0.0000000000,0.0363959745,0.1975114644,0.2010555863,0.1759735197,0.1741290241,0.0000243952,-0.0306711867,0.1458100826,0.0029985071,-0.0081348801,0.0089561446,-0.0000728583,0.0579485036,0.0089317868,0.0005173078
21:57:28:18.331,61,0.0000000000,0.0262976810,0.1033592448,0.0000000000,0.0000000000,0.1484393179,0.1467649937,0.0000000000,0.0263892543,0.0047889338,0.0000000000,0.0000000000,0.1484418660,0.1467656046,0.0596572198,0.0000000000,0.0324738063,0.1373322010,0.1555656940,0.2018829733,0.2600635290,0.0000000000,0.0320770666,0.0352789573,0.0445564613,0.0000000000,0.0000000000,0.0332459174,0.0332612284,0.1134374738,0.1307381094,0.0873484239,0.0279743262,0.2451718301,0.1466845572,0.0613309555,0.0597739927,0.0883743837,0.0911784917,0.0530057959,0.0562007129,0.1838268042,0.1838632971,0.0866944417,0.0000000000,0.0000000000,0.0403198265,0.1954191625,0.1939408928,0.1758306772,0.1739003956,0.0000222436,-0.0214690231,0.1537320912,0.0012672516,-0.0029250134,0.0161203500,-0.0000471563,0.0631304160,0.0160964057,0.0010155854
21:57:28:19.331,61,0.0000000000,0.0247481260,0.1045968384,0.0000000000,0.0000000000,0.1467721313,0.1438071877,0.0000000000,0.0248379596,0.0035874438,0.0000000000,0.0000000000,0.1467741877,0.1438083202,0.0601470433,0.0000000000,0.0325819030,0.1377672851,0.1557209939,0.2013393193,0.2397842556,0.0000000000,0.0323404670,0.0361079685,0.0430040322,0.0000000000,0.0000000000,0.0331223086,0.0331437662,0.1145239621,0.1382969022,0.0874188766,0.0283042006,0.2423198074,0.1450114846,0.0618455075,0.0600343272,0.0881866366,0.0910591409,0.0518996045,0.0551336817,0.1835444421,0.1835646778,0.0869333148,0.0000000000,0.0000000000,0.0414946228,0.1881865412,0.1830225140,0.1721951514,0.1693935543,0.0000181397,-0.0175492764,0.1594303548,-0.0043558176,-0.0021911925,0.0151726855,-0.0000332488,0.0638872609,0.0151486769,0.0009672230
21:57:28:20.331,61,0.0000000000,0.0243198294,0.1098112389,0.0000000000,0.0000000000,0.1472327262,0.1355284601,0.0000000000,0.0244138725,0.0000000000,0.0018530143,0.0000000000,0.1472341865,0.1355308443,0.0599398836,0.0000000000,0.0327540077,0.1381382048,0.1556054801,0.2022729218,0.2465792745,0.0000000000,0.0327628516,0.0367347524,0.0424418785,0.0000000000,0.0000000000,0.0329999328,0.0330499113,0.1149919853,0.1406471133,0.0854927823,0.0285065547,0.2416736037,0.1464847028,0.0621507801,0.0601561256,0.0879619271,0.0909084380,0.0516695827,0.0549856126,0.2004463375,0.2004993409,0.0867221877,0.0000000000,0.0000000000,0.0421003625,0.1858046353,0.1794359088,0.1713479757,0.1682736874,0.0000171721,-0.0143260267,0.1654958427,-0.0063383025,0.0011318162,0.0149135971,0.0000168807,0.0670724511,0.0148896184,0.0009980081
21:57:28:21.331,61,0.0000000000,0.0400239602,0.1147930250,0.0000000000,0.0000000000,0.1474288106,0.1336736232,0.0000000000,0.0401606224,0.0000000000,0.0066002333,0.0000000000,0.1474273652,0.1336732954,0.0598376468,0.0000000000,0.0332600921,0.1398976296,0.1555654109,0.2028191239,0.1829210669,0.0000000000,0.0328900851,0.1354146451,0.1498776227,0.0000000000,0.0000000000,0.0336792544,0.0340279005,0.1156448722,0.1421610564,0.0827190951,0.0284677520,0.2414825410,0.1581697017,0.0621166863,0.0600380488,0.0986815766,0.1026929691,0.0743917599,0.0831369460,0.2082419693,0.2082818449,0.0840433910,0.0000000000,0.0000000000,0.0393747576,0.1959713250,0.1849551946,0.1862745434,0.1821029335,0.0000049429,-0.0176272318,0.1730131954,-0.0083190529,0.0040306393,0.0245329291,0.0000989030,0.0701020882,0.0245094579,0.0017170993
21:57:28:22.331,61,0.0000000000,0.0996673778,0.0932179987,0.0000000000,0.0000000000,0.1488908082,0.0972881243,0.0000000000,0.0998588800,0.0171102118,0.0000000000,0.0000000000,0.1488584727,0.0972853005,0.0595862307,0.0000000000,0.0338539407,0.1305862963,0.1411343515,0.1910731941,0.1348375529,0.0000000000,0.0324993953,0.2453492880,0.2676852643,0.0000000000,0.0000000000,0.0344336070,0.0351535305,0.1159416437,0.1423626989,0.0795339644,0.0283661354,0.2318347394,0.1611321867,0.0620306730,0.0599458814,0.1488207281,0.1539039761,0.1130333692,0.1225105450,0.2564245164,0.2564435005,0.0814510062,0.0000000000,0.0000000000,0.0354141705,0.2693633735,0.2613819242,0.2208613455,0.2299457788,0.0000031556,-0.0156115377,0.1790065765,-0.0084942672,-0.0104325935,0.0610036477,-0.0006372052,0.0568380170,0.0609819405,0.0034685133
21:57:28:23.331,61,0.0000000000,0.1189413220,0.0937398598,0.0000000000,0.0000000000,0.1763654053,0.0964501426,0.0000000000,0.1191637293,0.0175333582,0.0000000000,0.0000000000,0.1763188541,0.0963991731,0.0598987490,0.0000000000,0.0343389846,0.1285736412,0.1224071234,0.1862909496,0.0906182006,0.0000000000,0.0323373005,0.3443404436,0.3944126964,0.0000000000,0.0000000000,0.0387149788,0.0405424275,0.1216885671,0.1427064687,0.0775374770,0.0281943474,0.1885711253,0.1598352492,0.0615215376,0.0595292486,0.2094805986,0.2212866098,0.1398526728,0.1661907136,0.2809868753,0.2810347676,0.0803070813,0.0000000000,0.0000000000,0.0300603006,0.3577376902,0.3690200448,0.2322027981,0.2458629161,0.0000034386,-0.0060125329,0.1902819872,0.0004145764,-0.0106821554,0.0727971420,-0.0007789920,0.0571111888,0.0727760047,0.0041613895
21:57:28:24.331,61,0.0000000000,0.0693372115,0.1048227474,0.0000000000,0.0000000000,0.2142984569,0.0923632532,0.0000000000,0.0695162117,0.0044612158,0.0000000000,0.0000000000,0.2143127620,0.0922895819,0.0602316782,0.0000000000,0.0341568999,0.1257253289,0.1148247495,0.1149230003,0.0666829422,0.0000000000,0.0302290339,0.4634174705,0.5077304840,0.0000000000,0.0000000000,0.0413214490,0.0435626209,0.1231161281,0.1384343952,0.0765699223,0.0280543715,0.1734628528,0.1417649835,0.0607535094,0.0590501279,0.2394508123,0.2451638728,0.1472016573,0.1659638882,0.3062300682,0.3063813448,0.0749900490,0.0000000000,0.0000000000,0.0243717898,0.3384481668,0.3568466902,0.2368016690,0.2514554560,0.0000161809,0.0076490981,0.1998504549,0.0091247419,-0.0027227448,0.0424651988,-0.0001156913,0.0639750734,0.0424425751,0.0027150386
21:57:28:25.331,61,0.0000000000,0.0767741278,0.0906129330,0.0000000000,0.0000000000,0.2197548896,0.0737323239,0.0000000000,0.0769233331,0.0186091419,0.0000000000,0.0000000000,0.2198179513,0.0736804456,0.0604455248,0.0000000000,0.0336357541,0.0976164266,0.1050668731,0.0957204327,0.0560298115,0.0000000000,0.0300372094,0.5033045411,0.5492414236,0.0000000000,0.0000000000,0.0427734107,0.0459501743,0.1221016869,0.1322015971,0.0764884949,0.0277448576,0.1812056750,0.1426471025,0.0602895021,0.0588153601,0.2457557172,0.2558741570,0.1517653614,0.1713730693,0.3151298463,0.3153107464,0.0719412416,0.0000000000,0.0000000000,0.0213956311,0.3336087465,0.3609094620,0.2355801910,0.2520420551,0.0000161820,0.0152405445,0.1981005222,0.0118816327,-0.0113551300,0.0469928235,-0.0005339913,0.0552913733,0.0469704904,0.0025976445
21:57:28:26.331,61,0.0000000000,0.0626362115,0.1140598357,0.0000000000,0.0000000000,0.2199934274,0.0682635009,0.0000000000,0.0628254563,0.0000000000,0.0051098014,0.0000000000,0.2201123238,0.0682158619,0.0607874170,0.0000000000,0.0331112035,0.0985220447,0.0904606879,0.0857891142,0.0502604581,0.0000000000,0.0293426160,0.5236743093,0.5678105950,0.0000000000,0.0000000000,0.0438694283,0.0473664962,0.1188027114,0.1248603389,0.0753899515,0.0274696033,0.1563392133,0.1355642676,0.0581360646,0.0576769523,0.3010235727,0.3057670593,0.1539067477,0.1733928025,0.2847734392,0.2848694026,0.0703088418,0.0000000000,0.0000000000,0.0191771332,0.2848964036,0.2992483377,0.1820866466,0.1898979247,0.0000159413,0.0189959910,0.1993330121,0.0117739337,0.0031191017,0.0383780748,0.0001197637,0.0696241036,0.0383552536,0.0026695963
21:57:28:27.332,61,0.0000000000,0.0508028269,0.1054832861,0.0000000000,0.0000000000,0.2207639217,0.0657017455,0.0000000000,0.0509462468,0.0031737168,0.0000000000,0.0000000000,0.2209164500,0.0656576157,0.0611567274,0.0000000000,0.0294824950,0.1009164304,0.0788637251,0.0809751749,0.0471649431,0.0000000000,0.0256390963,0.4966332912,0.5306026340,0.0000000000,0.0000000000,0.0448161103,0.0485720299,0.1178421974,0.1223184913,0.0746501461,0.0270636901,0.1510560662,0.1338462234,0.0570881106,0.0569997579,0.3098691404,0.3042467237,0.1572664529,0.1749666780,0.2785448432,0.2786194980,0.0680754706,0.0000000000,0.0000000000,0.0177769735,0.2713846266,0.2829065621,0.1683325171,0.1740942001,0.0000131229,0.0188956521,0.1933870167,0.0040526660,-0.0019377744,0.0311213490,-0.0000603256,0.0644049868,0.0310981739,0.0020021363
21:57:28:28.332,61,0.0000000000,0.0378986001,0.1195774898,0.0000000000,0.0000000000,0.2173155248,0.0672672093,0.0000000000,0.0380371660,0.0000000000,0.0120933885,0.0000000000,0.2174844444,0.0672384202,0.0614555068,0.0000000000,0.0282426160,0.1058933362,0.0697187260,0.0815163925,0.0457628407,0.0000000000,0.0244903956,0.4910154641,0.5235334635,0.0000000000,0.0000000000,0.0456639007,0.0496447012,0.1174948663,0.1213369370,0.0734130517,0.0265161209,0.1543672681,0.1385910809,0.0563617982,0.0564722233,0.3053566515,0.3056908548,0.1743350774,0.1925402284,0.2631107569,0.2631247044,0.0675214306,0.0000000000,0.0000000000,0.0167699158,0.2643349469,0.2743935585,0.1612546891,0.1661205292,0.0000004697,0.0156227881,0.1901162863,-0.0022206986,0.0073854374,0.0232362151,0.0001716389,0.0730261430,0.0232128184,0.0016939389
21:57:28:29.332,61,0.0000000000,0.0636434481,0.1275264621,0.0000000000,0.0000000000,0.1935967803,0.0739114434,0.0000000000,0.0638690740,0.0000000000,0.0197962560,0.0000000000,0.1937323064,0.0738887936,0.0614692681,0.0000000000,0.0278520789,0.1072018296,0.0661976635,0.0878929421,0.0454412177,0.0000000000,0.0240718909,0.4115409255,0.4495802224,0.0000000000,0.0000000000,0.0462660193,0.0503593571,0.1174966320,0.1244142875,0.0727227926,0.0259687062,0.1874376088,0.1533918083,0.0557945222,0.0559901930,0.2415035516,0.2455114424,0.1787964851,0.1970566511,0.2499514818,0.2499990314,0.0667262748,0.0000000000,0.0000000000,0.0160771832,0.2557157874,0.2636786103,0.1592817605,0.1651930511,0.0000018729,0.0131299850,0.1940051764,-0.0070045176,0.0120836422,0.0390182547,0.0004717105,0.0778425038,0.0389957204,0.0030339886
21:57:29:00.332,61,0.0000000000,0.0631239191,0.1279335022,0.0000000000,0.0000000000,0.1859869808,0.0754145235,0.0000000000,0.0633485243,0.0000000000,0.0208831616,0.0000000000,0.1860962063,0.0753956139,0.0610815994,0.0000000000,0.0276589505,0.0951471850,0.0657407939,0.0919281095,0.0508832186,0.0000000000,0.0240233149,0.3227428198,0.3576121926,0.0000000000,0.0000000000,0.0464885235,0.0506277606,0.1176801473,0.1288941950,0.0732210577,0.0254195090,0.2605199516,0.2109419107,0.0558289252,0.0560205653,0.1643784791,0.1685448140,0.1753787696,0.1913249493,0.2557707429,0.2558235824,0.0666957349,0.0000000000,0.0000000000,0.0156820994,0.2524577975,0.2595731318,0.1833440512,0.1880822778,0.0000018075,0.0126420464,0.1949124038,-0.0112443967,0.0127472496,0.0387005657,0.0004935586,0.0780919269,0.0386781432,0.0030188784
21:57:29:01.332,61,0.0000000000,0.0648075864,0.1377663016,0.0000000000,0.0000000000,0.1817678660,0.1013556719,0.0000000000,0.0650622621,0.0000000000,0.0311047863,0.0000000000,0.1818569452,0.1013441756,0.0605178289,0.0000000000,0.0272201281,0.0840742886,0.0695005357,0.0931876004,0.0524898618,0.0000000000,0.0241715796,0.3084767759,0.3452914953,0.0000000000,0.0000000000,0.0465876535,0.0507084988,0.1180438027,0.1314511448,0.0803232267,0.0248855781,0.2803965509,0.2166156173,0.0561531335,0.0563341938,0.1382167786,0.1397529542,0.1239274889,0.1357509941,0.2594707310,0.2595192790,0.0671240762,0.0000000000,0.0000000000,0.0154330721,0.2508440316,0.2574172020,0.1897296906,0.1956883520,0.0000018047,0.0116471965,0.1989758611,-0.0146921407,0.0189858265,0.0397514477,0.0007550663,0.0840905383,0.0397291593,0.0033386548
21:57:29:02.332,61,0.0000000000,0.0728518441,0.1551193297,0.0000000000,0.0000000000,0.1691188067,0.0882135183,0.0000000000,0.0731845647,0.0000000000,0.0488078110,0.0000000000,0.1691286415,0.0882110819,0.0590144843,0.0000000000,0.0273349881,0.0801898092,0.0706339777,0.1124292240,0.0622854009,0.0000000000,0.0243005231,0.2200304568,0.2430702001,0.0000000000,0.0000000000,0.0463696979,0.0504459776,0.1186003089,0.1370962411,0.0819952488,0.0242703967,0.2874500453,0.2221269757,0.0562249944,0.0563355759,0.1250672340,0.1260315478,0.1392594278,0.1462707371,0.2608001232,0.2608451545,0.0688688979,0.0000000000,0.0000000000,0.0152569795,0.2019407153,0.1967849284,0.1908736229,0.1929266602,0.0000015677,0.0124845607,0.2054418176,-0.0183059238,0.0297852028,0.0447257720,0.0013328571,0.0946628973,0.0447029360,0.0042281840
21:57:29:03.333,61,0.0000000000,0.0885567665,0.1357409507,0.0000000000,0.0000000000,0.1534480602,0.0869846418,0.0000000000,0.0888847858,0.0000000000,0.0284695253,0.0000000000,0.1534370184,0.0869851336,0.0583515465,0.0000000000,0.0280418415,0.0781763569,0.0713700429,0.1266533136,0.0653904453,0.0000000000,0.0246486347,0.1961074620,0.2197613865,0.0000000000,0.0000000000,0.0460537598,0.0500991270,0.1194742918,0.1440792531,0.0827967376,0.0236422531,0.2842696905,0.2246942520,0.0562350117,0.0562667511,0.1213927567,0.1230528876,0.1515263170,0.1665833145,0.2613479793,0.2613907456,0.0695353970,0.0000000000,0.0000000000,0.0152037349,0.1898825914,0.1849985868,0.1919977218,0.1931535006,0.0000001230,0.0098715499,0.2115727663,-0.0269976519,0.0173654128,0.0543048307,0.0009439060,0.0827978551,0.0542823896,0.0044937166
21:57:29:04.333,61,0.0000000000,0.0837105811,0.1504246593,0.0000000000,0.0000000000,0.1474907398,0.0799044818,0.0000000000,0.0840714574,0.0000000000,0.0437598564,0.0000000000,0.1474675983,0.0799401104,0.0578094237,0.0000000000,0.0286148172,0.0760820881,0.0716807917,0.1318703592,0.0672447309,0.0000000000,0.0244770925,0.1905740350,0.2068144977,0.0000000000,0.0000000000,0.0456748530,0.0496761836,0.1220720559,0.1495794654,0.0832070485,0.0230343249,0.2829444408,0.2258866280,0.0565117039,0.0564179830,0.1234696209,0.1238201335,0.1567702889,0.1717643142,0.2611630261,0.2611986995,0.0703218356,0.0000000000,0.0000000000,0.0151833650,0.1887800395,0.1833594888,0.1924264878,0.1930174679,0.0000000766,0.0123637170,0.2143955529,-0.0272780228,0.0266961250,0.0513746552,0.0013725483,0.0917687491,0.0513521545,0.0047100172
21:57:29:05.333,61,0.0000000000,0.0733042732,0.1468804479,0.0000000000,0.0000000000,0.1441616863,0.0782060102,0.0000000000,0.0736148432,0.0000000000,0.0404518321,0.0000000000,0.1441337615,0.0782507211,0.0574454255,0.0000000000,0.0292869452,0.0748803094,0.0721215755,0.1348346919,0.0685257688,0.0000000000,0.0242364965,0.1913875937,0.2086869180,0.0000000000,0.0000000000,0.0453872159,0.0493134521,0.1313311458,0.1609785557,0.0837380290,0.0224360079,0.2829340994,0.2268670201,0.0568116270,0.0566025525,0.1235215813,0.1235734746,0.1592643112,0.1743876040,0.2319265008,0.2319405526,0.0722308308,0.0000000000,0.0000000000,0.0151942186,0.1953888088,0.1950936764,0.1926582456,0.1930616051,0.0000002038,0.0192848966,0.2225434780,-0.0244708676,0.0246856306,0.0449824557,0.0011110567,0.0896339864,0.0449596569,0.0040272111
21:57:29:06.333,61,0.0000000000,0.0663413331,0.1472163796,0.0000000000,0.0000000000,0.1423422843,0.0795155615,0.0000000000,0.0666273087,0.0000000000,0.0407893360,0.0000000000,0.1423130780,0.0795668960,0.0568690859,0.0000000000,0.0296425037,0.0739694238,0.0727624595,0.1354765147,0.0727210045,0.0000000000,0.0240066871,0.1891845465,0.2069121152,0.0000000000,0.0000000000,0.0449293964,0.0487709306,0.1337702274,0.1641347706,0.0858624056,0.0219249316,0.2829821706,0.2245572805,0.0578048937,0.0571069531,0.1114478558,0.1119553819,0.1213667393,0.1261630654,0.2246889621,0.2246961296,0.0747544914,0.0000000000,0.0000000000,0.0154739935,0.1968620569,0.1976687610,0.1929420233,0.1935315877,0.0000001965,0.0328208432,0.2312611192,-0.0187764429,0.0248961542,0.0407129303,0.0010140507,0.0898553431,0.0406898670,0.0036532835
21:57:29:07.333,61,0.0000000000,0.0544344820,0.1517973840,0.0000000000,0.0000000000,0.1396092921,0.0797733143,0.0000000000,0.0546860136,0.0000000000,0.0458645038,0.0000000000,0.1395856291,0.0798323005,0.0562805831,0.0000000000,0.0300573949,0.0737110972,0.0751667470,0.1301170439,0.1205260083,0.0000000000,0.0236036312,0.1315135807,0.1305042356,0.0000000000,0.0000000000,0.0435946956,0.0464274473,0.1279576123,0.1566461772,0.0885103270,0.0214966945,0.2932789922,0.2236916721,0.0613910295,0.0589377284,0.0799569190,0.0786635354,0.0963392854,0.0971615240,0.2124905139,0.2124759257,0.0774481967,0.0000000000,0.0000000000,0.0177848879,0.1932935268,0.1855889708,0.1930308938,0.1936685145,0.0000001955,0.0470340103,0.2409448475,-0.0109597379,0.0280013941,0.0334188938,0.0009360015,0.0926763341,0.0333954953,0.0030916836
21:57:29:08.333,61,0.0000000000,0.0672089905,0.1529406756,0.0000000000,0.0000000000,0.1288809776,0.0648617670,0.0000000000,0.0675132349,0.0000000000,0.0467198826,0.0000000000,0.1288274229,0.0649668872,0.0557181239,0.0000000000,0.0338161364,0.0739318505,0.0771210194,0.1288514584,0.2048979849,0.0000000000,0.0235493127,0.0097224321,0.0000000000,0.0000000000,0.0085059479,0.0397685356,0.0414130650,0.1117524430,0.1436439753,0.0898237303,0.0211730730,0.3493883610,0.2398298085,0.0710611939,0.0659922436,0.0671549588,0.0664721802,0.0858634114,0.0857003108,0.2209128290,0.2209039927,0.0803507939,0.0000000000,0.0000000000,0.0321138613,0.1599923968,0.1417288184,0.1931995451,0.1938752979,0.0000002688,0.0516464226,0.2486034781,-0.0075736763,0.0285152830,0.0412582681,0.0011769990,0.0933471844,0.0412352644,0.0038457694
21:57:29:09.334,61,0.0000000000,0.1047004089,0.1500811130,0.0000000000,0.0000000000,0.1136653647,0.0615680702,0.0000000000,0.1051419005,0.0000000000,0.0422130190,0.0000000000,0.1136021167,0.0616766028,0.0556240417,0.0000000000,0.0409164689,0.1308321804,0.1382284164,0.2048917413,0.4273829460,0.0000000000,0.0295134038,0.0000000000,0.0000000000,0.0614989623,0.0840575695,0.0361360200,0.0369662084,0.1069473699,0.1397387236,0.0899762064,0.0211553033,0.3604088724,0.2419638634,0.0746434107,0.0690936819,0.0616303496,0.0611774102,0.0782943666,0.0795313865,0.2217630148,0.2217523009,0.0842904299,0.0000000000,0.0000000000,0.0533585511,0.1489513516,0.1294962466,0.1930172592,0.1938685179,0.0000003898,0.0527624413,0.2541525364,-0.0083778771,0.0257332884,0.0642488375,0.0016554282,0.0914913565,0.0642268285,0.0058760210
21:57:29:10.334,61,0.0000000000,0.1074493825,0.1427399814,0.0000000000,0.0000000000,0.1055817083,0.0642860681,0.0000000000,0.1078705490,0.0000000000,0.0341887362,0.0000000000,0.1055154651,0.0643544942,0.0557642095,0.0000000000,0.0441187471,0.1972069293,0.2088057995,0.3619114161,0.5181097388,0.0000000000,0.0334319659,0.0000000000,0.0000000000,0.0738260075,0.1001314521,0.0344246514,0.0347869396,0.1046416610,0.1378809959,0.0863092318,0.0216402262,0.3146170974,0.2118321210,0.0760030299,0.0703066960,0.0702235699,0.0706943050,0.0751506314,0.0768545344,0.2221205831,0.2221098989,0.0866699740,0.0000000000,0.0000000000,0.0599207096,0.1417126358,0.1230721623,0.1929321438,0.1937951595,0.0000009021,0.0510322340,0.2616155148,-0.0073173111,0.0208393801,0.0659087077,0.0013753882,0.0870066583,0.0658866912,0.0057335873
21:57:29:11.333,61,0.0000000000,0.1256104261,0.1466923654,0.0000000000,0.0000000000,0.0948497057,0.0653788894,0.0000000000,0.1261160374,0.0000000000,0.0377716757,0.0000000000,0.0947986692,0.0654301420,0.0561141297,0.0000000000,0.0458112322,0.2179158628,0.2240718007,0.4000231922,0.4920724332,0.0000000000,0.0347415730,0.0000000000,0.0000000000,0.0792730153,0.1097492427,0.0333156884,0.0334260166,0.1047834903,0.1374643743,0.0802927837,0.0220321491,0.3025429249,0.2040272802,0.0733172297,0.0694410801,0.0755493939,0.0745888203,0.0779197365,0.0822468400,0.2225976139,0.2225868702,0.1035646722,0.0000000000,0.0000000000,0.0621646494,0.1351008564,0.1194914058,0.1922329664,0.1919299066,0.0000013402,0.0441371202,0.2654461861,-0.0095100254,0.0230049547,0.0770603493,0.0017761287,0.0893448889,0.0770389214,0.0068874033
21:57:29:12.334,61,0.0000000000,0.1055049598,0.1670890003,0.0000000000,0.0000000000,0.0907110423,0.0657604486,0.0000000000,0.1060225889,0.0000000000,0.0590641424,0.0000000000,0.0906636044,0.0658042356,0.0563975424,0.0000000000,0.0468801595,0.1806243509,0.1851069033,0.3304416537,0.4331019223,0.0000000000,0.0351952985,0.0000000000,0.0000000000,0.0810686871,0.1134872660,0.0325020514,0.0324729085,0.1067714468,0.1402668059,0.0768434852,0.0222698599,0.2967293859,0.2004113346,0.0707487613,0.0676593333,0.0777252540,0.0764629394,0.0796743110,0.0845694393,0.2126998156,0.2126873434,0.1082568094,0.0000000000,0.0000000000,0.0603031069,0.1290061176,0.1168664694,0.1813999861,0.1773087084,0.0000013752,0.0353016332,0.2662598193,-0.0113330744,0.0360045545,0.0648075789,0.0023361314,0.1018562242,0.0647855476,0.0065965434
21:57:29:13.334,61,0.0000000000,0.0827490389,0.1770630330,0.0000000000,0.0000000000,0.0889508948,0.0750962198,0.0000000000,0.0831959918,0.0000000000,0.0698962808,0.0000000000,0.0889066383,0.0751304105,0.0561734438,0.0000000000,0.0472536199,0.1479351819,0.1536026001,0.2798405290,0.2976923883,0.0000000000,0.0346904583,0.0000000000,0.0000000000,0.0685767606,0.0914314613,0.0319952108,0.0319096893,0.1162448600,0.1502910256,0.0701997429,0.0221962556,0.2778784037,0.1983017027,0.0667093098,0.0642832741,0.0826224983,0.0811412185,0.0892722309,0.0935422927,0.1919167787,0.1919165552,0.1083947048,0.0000000000,0.0000000000,0.0478919894,0.1263364702,0.1155769825,0.1705767065,0.1653088480,0.0000011397,0.0319656357,0.2648600340,-0.0104268808,0.0426420532,0.0508678257,0.0021703199,0.1080229729,0.0508451313,0.0054864404
21:57:29:14.334,61,0.0000000000,0.0689836890,0.1838521808,0.0000000000,0.0000000000,0.0886687785,0.0777611658,0.0000000000,0.0693813413,0.0000000000,0.0771365762,0.0000000000,0.0886310712,0.0777930245,0.0557766333,0.0000000000,0.0471287556,0.1342751682,0.1287237257,0.2598874867,0.2021632344,0.0000000000,0.0339764990,0.0328999795,0.0161634460,0.0000000000,0.0000000000,0.0318110436,0.0317524672,0.1205562726,0.1537715197,0.0669198781,0.0220121481,0.2540449500,0.1954645365,0.0638681129,0.0619102940,0.1021281853,0.1005091593,0.1201817095,0.1260397881,0.1855827272,0.1855856925,0.1037583873,0.0000000000,0.0000000000,0.0390725248,0.1253912598,0.1163797900,0.1669377536,0.1611167341,0.0000006398,0.0282647349,0.2573127747,-0.0109714009,0.0470777117,0.0424296930,0.0019979517,0.1122087985,0.0424065851,0.0047512255
21:57:29:15.334,61,0.0000000000,0.0681656152,0.1812613010,0.0000000000,0.0000000000,0.0907851830,0.0733049214,0.0000000000,0.0685511976,0.0000000000,0.0748760775,0.0000000000,0.0907560140,0.0733729750,0.0556475557,0.0000000000,0.0471580960,0.1279729754,0.1128511503,0.2632592022,0.1695525795,0.0000000000,0.0335920937,0.0945636556,0.1070751548,0.0000000000,0.0000000000,0.0319562890,0.0319949538,0.1230748966,0.1557795107,0.0642476454,0.0217430890,0.2465224117,0.1955412626,0.0625997186,0.0608117469,0.1259053946,0.1329973042,0.1715549827,0.1849043518,0.1846528798,0.1846557260,0.1020363048,0.0000000000,0.0000000000,0.0338447765,0.1480788738,0.1495262980,0.1721787155,0.1710347384,0.0000002117,0.0268386099,0.2488192320,-0.0115256952,0.0456990674,0.0419193432,0.0019161283,0.1106298789,0.0418962836,0.0046282071
21:57:29:16.335,61,0.0000000000,0.0795031488,0.1605409980,0.0000000000,0.0000000000,0.0946301967,0.0756228343,0.0000000000,0.0798810348,0.0000000000,0.0534976274,0.0000000000,0.0946118161,0.0757027939,0.0578857809,0.0000000000,0.0472667962,0.1284095049,0.0911902785,0.3650902212,0.1472718269,0.0000000000,0.0333643630,0.1157036871,0.1376185864,0.0000000000,0.0000000000,0.0328690298,0.0336523019,0.1266559213,0.1569299549,0.0612617508,0.0215987936,0.2422769219,0.2015551627,0.0618078224,0.0601758733,0.2004618943,0.2086436599,0.2351472229,0.2611924112,0.1769239306,0.1769279540,0.1016660258,0.0000000000,0.0000000000,0.0297973659,0.1695479602,0.1775423735,0.2168652564,0.2234029621,0.0000032031,0.0306389537,0.2432037145,-0.0095487330,0.0326409340,0.0488225780,0.0015945974,0.0979529247,0.0487998240,0.0047762003
21:57:29:17.335,61,0.0000000000,0.0829197839,0.1460978687,0.0000000000,0.0000000000,0.0999076962,0.0809985921,0.0000000000,0.0832645372,0.0000000000,0.0386345908,0.0000000000,0.0998983830,0.0810492486,0.1028865948,0.0000000000,0.0472178869,0.2174998671,0.0839122310,0.2951621115,0.1365676820,0.0000000000,0.0335534252,0.1097647101,0.1498031765,0.0000000000,0.0000000000,0.0370493829,0.0391289964,0.1583255082,0.1727557927,0.0599390417,0.0215214621,0.2284961194,0.2028800696,0.0598982386,0.0591998994,0.2333466560,0.2460221946,0.2527056038,0.2852133214,0.1736194342,0.1736743450,0.1022409350,0.0000000000,0.0000000000,0.0264754202,0.1785852164,0.1903591901,0.2088013142,0.2230091840,0.0000052357,0.0350797921,0.2403663099,-0.0056658536,0.0235700067,0.0508775599,0.0012001084,0.0891313627,0.0508548580,0.0045306389
21:57:29:18.335,61,0.0000000000,0.0896036625,0.1546945125,0.0000000000,0.0000000000,0.1035529152,0.0841076300,0.0000000000,0.0900045335,0.0000000000,0.0468520112,0.0000000000,0.1035418287,0.0841369852,0.1283635944,0.0000000000,0.0472861715,0.2447122931,0.0799345151,0.2341896147,0.1154648736,0.0000000000,0.0334982276,0.1277625114,0.2007672787,0.0000000000,0.0000000000,0.0435374454,0.0458144136,0.1827424318,0.1990323663,0.0591702424,0.0214461815,0.2032071650,0.1926196963,0.0578731373,0.0581949130,0.3131011426,0.3200387359,0.2528789341,0.2891530991,0.1722583175,0.1723291725,0.1022010893,0.0000000000,0.0000000000,0.0238587745,0.1828351021,0.1955522001,0.1970535368,0.2107830495,0.0000181266,0.0386958309,0.2380087376,-0.0047676647,0.0285770092,0.0550031215,0.0015731963,0.0943555608,0.0549805798,0.0051852087
21:57:29:19.335,61,0.0000000000,0.0760321841,0.1581071764,0.0000000000,0.0000000000,0.1158324927,0.0858407170,0.0000000000,0.0763892829,0.0000000000,0.0503439493,0.0000000000,0.1158094406,0.0858637020,0.1166173667,0.0000000000,0.0472004451,0.2377189845,0.0789199397,0.2362850755,0.1088214070,0.0000000000,0.0335146897,0.1317384988,0.2007220089,0.0000000000,0.0000000000,0.0459208339,0.0483650267,0.1908112913,0.2067277879,0.0586984605,0.0214482639,0.1945841014,0.1786131710,0.0562599674,0.0567535087,0.2522076070,0.2599044144,0.1984124929,0.2253354937,0.1745412648,0.1745885164,0.1022242010,0.0000000000,0.0000000000,0.0223961454,0.1857627928,0.1980522126,0.1854460686,0.1951445490,0.0000181837,0.0465110056,0.2375382483,-0.0045124628,0.0307198856,0.0466855988,0.0014349925,0.0964776948,0.0466625653,0.0044981521
21:57:29:20.335,61,0.0000000000,0.0722661167,0.1638080776,0.0000000000,0.0000000000,0.1194634587,0.0867300108,0.0000000000,0.0726244003,0.0000000000,0.0560286641,0.0000000000,0.1194359958,0.0867484659,0.0877008736,0.0000000000,0.0470786318,0.1932159364,0.0857369378,0.2318602800,0.1080388501,0.0000000000,0.0338190235,0.0719081983,0.1119369641,0.0000000000,0.0000000000,0.0470882729,0.0496444926,0.1831824183,0.2098004520,0.0592049919,0.0214709193,0.1916640103,0.1739445031,0.0548662394,0.0552931689,0.1842524260,0.1893206090,0.1645810604,0.1773741543,0.1933220923,0.1933616996,0.1020770445,0.0000000000,0.0000000000,0.0214094706,0.1675257385,0.1538253576,0.1716331393,0.1744606942,0.0000150825,0.0524541959,0.2356281132,-0.0050901677,0.0341922790,0.0443896838,0.0015184853,0.0999668464,0.0443665087,0.0044306759
21:57:29:21.335,61,0.0000000000,0.0585074089,0.1689159125,0.0000000000,0.0000000000,0.1213142723,0.1381744891,0.0000000000,0.0588170029,0.0000000000,0.0615851805,0.0000000000,0.1212784797,0.1381862760,0.0798131227,0.0000000000,0.0475874469,0.1674723774,0.1271555871,0.2311137170,0.1612689197,0.0000000000,0.0338234715,0.0000000000,0.0000000000,0.0508838966,0.0400514193,0.0473308042,0.0498455651,0.1746471524,0.2101388276,0.0695039108,0.0213574599,0.2779341340,0.2246156782,0.0540717281,0.0543952920,0.1184450313,0.1219180003,0.1508443207,0.1602220386,0.1637278795,0.1637521088,0.1052627191,0.0000000000,0.0000000000,0.0210292377,0.1630039662,0.1430404931,0.1672898084,0.1679029465,0.0000130483,0.0490915477,0.2311260998,-0.0093605760,0.0375959575,0.0359546803,0.0013520141,0.1031187251,0.0359310918,0.0037001814
21:57:29:22.335,61,0.0000000000,0.0461369194,0.1757920980,0.0000000000,0.0000000000,0.1219817400,0.1517187655,0.0000000000,0.0464022346,0.0000000000,0.0688611418,0.0000000000,0.1219411939,0.1517291516,0.0744985342,0.0000000000,0.0480637290,0.1206114069,0.1191322505,0.2249081582,0.1594027430,0.0000000000,0.0318083540,0.0000000000,0.0000000000,0.0167552270,0.0195859279,0.0470271967,0.0488806702,0.1621295363,0.1957207769,0.0723973960,0.0212079212,0.2668985724,0.2144014835,0.0536186732,0.0537926443,0.0993001908,0.1015159413,0.1396350861,0.1454865336,0.1348042786,0.1348035783,0.1337349862,0.0000000000,0.0000000000,0.0208839085,0.1530915499,0.1368737966,0.1551815718,0.1535068303,0.0000001636,0.0530457459,0.2317730337,-0.0130085461,0.0420479737,0.0283705965,0.0011928942,0.1073424742,0.0283466354,0.0030377626
21:57:29:23.335,61,0.0000000000,0.0520131476,0.1699873507,0.0000000000,0.0000000000,0.1214427352,0.1555567235,0.0000000000,0.0522952825,0.0000000000,0.0626884550,0.0000000000,0.1213957146,0.1556066126,0.0699075237,0.0000000000,0.0482688062,0.1062367335,0.1166576743,0.2229004055,0.1619467288,0.0000000000,0.0305031147,0.0000000000,0.0000000000,0.0072776405,0.0051661106,0.0464428775,0.0478413068,0.1559097469,0.1881458908,0.0737778991,0.0210221913,0.2682951391,0.2128023207,0.0532311872,0.0532499664,0.0936055332,0.0951975137,0.1346808821,0.1391598284,0.1251612455,0.1251507103,0.1428014785,0.0000000000,0.0000000000,0.0208170600,0.1493137628,0.1336498260,0.1509959698,0.1484470069,0.0000001500,0.0611089431,0.2295697927,-0.0130299479,0.0382746495,0.0319687985,0.0012237121,0.1037867740,0.0319449790,0.0033106313
21:57:29:24.335,61,0.0000000000,0.0483748950,0.1617011279,0.0000000000,0.0000000000,0.1212821752,0.1426599920,0.0000000000,0.0486239344,0.0000000000,0.0544798225,0.0000000000,0.1212314814,0.1427336186,0.0671080202,0.0000000000,0.0481932648,0.0984988436,0.1153861508,0.2093867660,0.1471305043,0.0000000000,0.0280677527,0.0055325013,0.0042696707,0.0000000000,0.0000000000,0.0455238968,0.0466287956,0.1528168768,0.1843028665,0.0745240226,0.0208098441,0.2689461410,0.2108652592,0.0528574064,0.0527459159,0.0906584933,0.0913596973,0.1310333014,0.1348269433,0.1204437762,0.1204280332,0.1463203579,0.0000000000,0.0000000000,0.0207345281,0.1472131461,0.1320540607,0.1487627774,0.1457356811,0.0000002134,0.0668827519,0.2283311784,-0.0127450284,0.0332651474,0.0297191180,0.0009887194,0.0987343341,0.0296952091,0.0029280277
21:57:29:25.335,61,0.0000000000,0.0565282889,0.1584792882,0.0000000000,0.0000000000,0.1207907200,0.1280802339,0.0000000000,0.0568051524,0.0000000000,0.0510378666,0.0000000000,0.1207379028,0.1281812340,0.0656196699,0.0000000000,0.0480234511,0.0941865370,0.1109020934,0.2052872330,0.1366801113,0.0000000000,0.0271564629,0.0028229428,0.0051118359,0.0000000000,0.0000000000,0.0448038802,0.0458433256,0.1514660716,0.1829418093,0.0749756694,0.0205512457,0.2691553831,0.2100939155,0.0525964759,0.0523586497,0.0943236575,0.0956819504,0.1292283684,0.1328689009,0.1235326603,0.1235087365,0.1427662373,0.0000000000,0.0000000000,0.0206781551,0.1436637640,0.1309257299,0.1475063264,0.1442988217,0.0000003983,0.0744841844,0.2284397334,-0.0099305995,0.0311584864,0.0347171538,0.0010819932,0.0967515931,0.0346934833,0.0033527482
21:57:29:26.336,61,0.0000000000,0.0557975061,0.1684818417,0.0000000000,0.0000000000,0.1208896190,0.1484448165,0.0000000000,0.0560935587,0.0000000000,0.0612607040,0.0000000000,0.1208344698,0.1485135108,0.0651103780,0.0000000000,0.0480256341,0.0987403020,0.1097446084,0.2032249719,0.1300076395,0.0000000000,0.0272080880,0.0000000000,0.0018928939,0.0256216638,0.0000000000,0.0443408675,0.0453959852,0.1596239954,0.2041575015,0.0754145309,0.0203646049,0.2623964846,0.2057772577,0.0522355884,0.0518931560,0.1066329405,0.1107212529,0.1260517538,0.1315465719,0.1252449304,0.1252383590,0.1377055645,0.0000000000,0.0000000000,0.0206198152,0.1423095167,0.1306799203,0.1461551487,0.1433372945,0.0000004149,0.0772316828,0.2266781479,-0.0053568389,0.0374000594,0.0342895947,0.0012826361,0.1028597057,0.0342659429,0.0035197362
21:57:29:27.336,61,0.0000000000,0.0594175495,0.1690914333,0.0000000000,0.0000000000,0.1206537634,0.1521521360,0.0000000000,0.0597317182,0.0000000000,0.0617550761,0.0000000000,0.1205974743,0.1522128880,0.0651766434,0.0000000000,0.0482653528,0.1287707388,0.0953736529,0.2137801051,0.1166055799,0.0000000000,0.0274684858,0.0000000000,0.0018514356,0.0236997213,0.0000000000,0.0441428162,0.0452637225,0.1621786207,0.2094661742,0.0752445906,0.0201448388,0.2215468436,0.2001083940,0.0517022572,0.0512834825,0.1610178649,0.1653514504,0.1439745724,0.1660406590,0.1293636858,0.1293623745,0.1312524974,0.0000000000,0.0000000000,0.0203764495,0.1412174702,0.1305408478,0.1418775171,0.1418551207,0.0000003336,0.0780100673,0.2263207436,-0.0002347189,0.0376989171,0.0365139954,0.0013768229,0.1032238081,0.0364904366,0.0037616484
21:57:29:28.336,61,0.0000000000,0.0593100265,0.1735243946,0.0000000000,0.0000000000,0.1206861287,0.1424821168,0.0000000000,0.0596343279,0.0000000000,0.0662034303,0.0000000000,0.1206315011,0.1425267607,0.0655353069,0.0000000000,0.0478698052,0.1369228959,0.0852120817,0.2170372903,0.1086794361,0.0000000000,0.0276138354,0.0000000000,0.0240437314,0.0111957230,0.0000000000,0.0439929329,0.0452129506,0.1638024151,0.2109605670,0.0737274364,0.0199282393,0.2079461664,0.1901966631,0.0510409437,0.0506186634,0.1802991480,0.1829625219,0.1541538239,0.1756877154,0.1397781223,0.1397783160,0.1248306036,0.0000000000,0.0000000000,0.0200346187,0.1389518678,0.1304014623,0.1364154220,0.1380657554,0.0000002697,0.0781149119,0.2246333510,0.0012431487,0.0404145308,0.0364583209,0.0014736970,0.1059301868,0.0364347473,0.0038540128
21:57:29:29.337,61,0.0000000000,0.0539557040,0.1827632785,0.0000000000,0.0000000000,0.1211537346,0.1395582408,0.0000000000,0.0542743690,0.0000000000,0.0756460726,0.0000000000,0.1211018264,0.1395909488,0.0666330531,0.0000000000,0.0466815494,0.1466901600,0.0812292621,0.2154343128,0.1002823636,0.0000000000,0.0279540699,0.0527941287,0.1034224853,0.0000000000,0.0000000000,0.0441207737,0.0454730056,0.1650187671,0.2106329650,0.0711753666,0.0198688097,0.1625340283,0.1395862848,0.0494691543,0.0491177887,0.2089987397,0.2125388235,0.1534890831,0.1711729169,0.1426510811,0.1426527202,0.1201478764,0.0000000000,0.0000000000,0.0195704047,0.1380961388,0.1306849420,0.1309462488,0.1336076409,0.0000000705,0.0728635043,0.2199210972,0.0014804330,0.0461841449,0.0331897214,0.0015328558,0.1115828454,0.0331659988,0.0036944197
21:57:30:00.336,61,0.0000000000,0.0510121919,0.1753329784,0.0000000000,0.0000000000,0.1265385747,0.1177830026,0.0000000000,0.0513006672,0.0000000000,0.0680842921,0.0000000000,0.1265073419,0.1177940741,0.0707538351,0.0000000000,0.0446801484,0.1506332457,0.0794542208,0.1965266764,0.0920895413,0.0000000000,0.0283512976,0.0710803345,0.1272911876,0.0000000000,0.0000000000,0.0443822555,0.0459150486,0.1658468843,0.2078723460,0.0702378675,0.0200379156,0.1496340930,0.1260884255,0.0484203845,0.0481748693,0.2196706831,0.2233937383,0.1476060748,0.1644842178,0.1500048488,0.1500394046,0.1113847718,0.0000000000,0.0000000000,0.0190563630,0.1420780122,0.1429920346,0.1289685369,0.1320697665,0.0000000348,0.0683794990,0.2151727378,0.0003709396,0.0415698998,0.0313649103,0.0013038873,0.1070526317,0.0313410498,0.0033498218
21:57:30:01.337,61,0.0000000000,0.0368853547,0.1785870194,0.0000000000,0.0000000000,0.1330080479,0.1141618341,0.0000000000,0.0371100679,0.0000000000,0.0716534927,0.0000000000,0.1329907477,0.1141647622,0.0737513751,0.0000000000,0.0436867625,0.1533676982,0.0799681693,0.1918077767,0.0889028907,0.0000000000,0.0290482808,0.0798066407,0.1385163516,0.0000000000,0.0000000000,0.0446881130,0.0464028381,0.1708092839,0.2075991482,0.0697276369,0.0202157218,0.1582867205,0.1273562163,0.0476051643,0.0473871827,0.2180857360,0.2239597440,0.1427167803,0.1598691493,0.1525471359,0.1525898427,0.1084055528,0.0000000000,0.0000000000,0.0185815636,0.1513858587,0.1531994641,0.1281203330,0.1314877570,0.0000000162,0.0649710596,0.2088089436,-0.0016720581,0.0437593795,0.0226909742,0.0009927962,0.1090648025,0.0226666853,0.0024676570
21:57:30:02.337,61,0.0000000000,0.0488007888,0.1715673059,0.0000000000,0.0000000000,0.1349916160,0.1017463654,0.0000000000,0.0490716659,0.0000000000,0.0639933944,0.0000000000,0.1349795312,0.1017466560,0.0761894137,0.0000000000,0.0428324081,0.1549478620,0.0799916238,0.1888511330,0.0862207189,0.0000000000,0.0295076501,0.0967315435,0.1526992917,0.0000000000,0.0000000000,0.0450308360,0.0469397195,0.1723529100,0.2069772035,0.0692455545,0.0203909129,0.1585378647,0.1260208488,0.0466319881,0.0465234257,0.2217892110,0.2275324464,0.1411047429,0.1582575589,0.1543965936,0.1544378549,0.1063543558,0.0000000000,0.0000000000,0.0180279613,0.1542917937,0.1568170786,0.1277630180,0.1312503815,0.0000000138,0.0652005970,0.2076966316,-0.0017458816,0.0390737727,0.0299990792,0.0011722302,0.1047577709,0.0299750827,0.0031353114
21:57:30:03.337,61,0.0000000000,0.0494395532,0.1693724245,0.0000000000,0.0000000000,0.1365300417,0.1021423042,0.0000000000,0.0497092009,0.0000000000,0.0616684817,0.0000000000,0.1365210861,0.1021419838,0.0777682438,0.0000000000,0.0406521596,0.1572067291,0.0802616403,0.1801213622,0.0825287849,0.0000000000,0.0297891144,0.1316803396,0.1944595575,0.0000000000,0.0000000000,0.0455139205,0.0476127155,0.1740008444,0.2066324204,0.0689322576,0.0206469186,0.1559173018,0.1248967797,0.0456111915,0.0456681475,0.2403427213,0.2420837730,0.1398763359,0.1569890380,0.1597920507,0.1598156542,0.1052194089,0.0000000000,0.0000000000,0.0174269062,0.1577559114,0.1604364812,0.1277891397,0.1314021498,0.0000000110,0.0661674216,0.2066114694,-0.0029434648,0.0376537554,0.0303871743,0.0011442726,0.1034163684,0.0303631779,0.0031354092
21:57:30:04.337,61,0.0000000000,0.0521380380,0.1681364477,0.0000000000,0.0000000000,0.1375024766,0.1197946295,0.0000000000,0.0524177812,0.0000000000,0.0602398552,0.0000000000,0.1374955326,0.1197804585,0.0800553560,0.0000000000,0.0393368788,0.1584490836,0.0807106122,0.1694462001,0.0782811567,0.0000000000,0.0300715324,0.1510591209,0.2147918791,0.0000000000,0.0000000000,0.0460017286,0.0482749604,0.1745715141,0.2041695714,0.0688516945,0.0210026018,0.1521161199,0.1235041246,0.0447877459,0.0449349433,0.2570857108,0.2584512234,0.1390281469,0.1562021822,0.1620493978,0.1620854735,0.1038958281,0.0000000000,0.0000000000,0.0168506652,0.1629694849,0.1671114415,0.1303239465,0.1354533732,0.0000000076,0.0696722120,0.2057375610,-0.0034847967,0.0367795713,0.0320418812,0.0011786236,0.1026564538,0.0320179388,0.0032821877
21:57:30:05.337,61,0.0000000000,0.0491626523,0.1681733727,0.0000000000,0.0000000000,0.1399225891,0.1245510131,0.0000000000,0.0494290888,0.0000000000,0.0601683520,0.0000000000,0.1399181634,0.1245339662,0.0810756534,0.0000000000,0.0381277241,0.1586689353,0.0809733793,0.1616040170,0.0757280439,0.0000000000,0.0302819759,0.1591052413,0.2230654210,0.0000000000,0.0000000000,0.0463671423,0.0488088652,0.1745593697,0.2002699077,0.0687406883,0.0213458147,0.1484129429,0.1219931394,0.0440429971,0.0442447700,0.2630449831,0.2641025484,0.1382172108,0.1553530097,0.1710016280,0.1710221916,0.1030708626,0.0000000000,0.0000000000,0.0162938554,0.1649783105,0.1694830507,0.1311872154,0.1366717368,0.0000000027,0.0722154230,0.2040908933,-0.0027068362,0.0367379934,0.0302149057,0.0011101228,0.1026847959,0.0301908366,0.0030956252
21:57:30:06.337,61,0.0000000000,0.0492194816,0.1683975756,0.0000000000,0.0000000000,0.1410822421,0.1303829253,0.0000000000,0.0494867675,0.0000000000,0.0602954663,0.0000000000,0.1410788894,0.1303685755,0.0815952793,0.0000000000,0.0368839055,0.1588988602,0.0832868516,0.1590021700,0.0746138096,0.0000000000,0.0306359101,0.1236820072,0.1888938397,0.0000000000,0.0000000000,0.0465956219,0.0491921604,0.1751283258,0.1994179934,0.0686525106,0.0215777289,0.1473423541,0.1214858592,0.0433198996,0.0435671173,0.2411444783,0.2439536303,0.1359479725,0.1533738226,0.1736431271,0.1736611873,0.1023884639,0.0000000000,0.0000000000,0.0158065967,0.1657307595,0.1704095304,0.1315801293,0.1373083442,0.0000000037,0.0725403503,0.2006970495,-0.0018228525,0.0368155688,0.0302502532,0.0011137681,0.1028215587,0.0302261598,0.0031033626
21:57:30:07.337,61,0.0000000000,0.0411180742,0.1709545404,0.0000000000,0.0000000000,0.1435311437,0.1341939867,0.0000000000,0.0413521007,0.0000000000,0.0632569045,0.0000000000,0.1435283273,0.1341784447,0.0819068998,0.0000000000,0.0363547876,0.1587608308,0.0840337500,0.1579429209,0.0738891438,0.0000000000,0.0311543513,0.1152748317,0.1790420860,0.0000000000,0.0000000000,0.0468080677,0.0495557338,0.1757180393,0.2006178945,0.0687541887,0.0217015594,0.1504304409,0.1238864660,0.0428249091,0.0431021340,0.2357749492,0.2390393019,0.1353358924,0.1529273093,0.1762299985,0.1762755215,0.0997240394,0.0000000000,0.0000000000,0.0154013885,0.1659709066,0.1707025170,0.1319329590,0.1377731860,0.0000000040,0.0753737614,0.2000773251,-0.0003802200,0.0386291184,0.0252794251,0.0009764867,0.1043971255,0.0252551325,0.0026323304
21:57:30:08.337,61,0.0000000000,0.0157608092,0.1829802394,0.0000000000,0.0000000000,0.1480757892,0.1355634928,0.0000000000,0.0158832539,0.0000000000,0.0765022710,0.0000000000,0.1480647624,0.1355468035,0.0816424489,0.0000000000,0.0359355323,0.1518659443,0.0845329091,0.1567972898,0.0734783038,0.0000000000,0.0314817801,0.1165060326,0.1748536676,0.0000000000,0.0000000000,0.0468622968,0.0497211330,0.1751766950,0.2003338784,0.0689518526,0.0217584074,0.1567099392,0.1265715212,0.0424506180,0.0427368097,0.2180174589,0.2192676961,0.1345717460,0.1514036059,0.1775896996,0.1776457578,0.0955084339,0.0000000000,0.0000000000,0.0150329554,0.1657688916,0.1691971719,0.1321214736,0.1377932727,0.0000000051,0.0763934478,0.2007450014,0.0004480940,0.0467303805,0.0097131319,0.0004537474,0.1117710620,0.0096881855,0.0010806390
21:57:30:09.338,61,0.0000000000,0.0180779696,0.1862166673,0.0000000000,0.0000000000,0.1491007507,0.1346934736,0.0000000000,0.0182144232,0.0000000000,0.0799792632,0.0000000000,0.1490847617,0.1346781552,0.0790479332,0.0000000000,0.0359730981,0.1470512599,0.0863437876,0.1561745107,0.0741278753,0.0000000000,0.0316089354,0.1164815798,0.1709200591,0.0000000000,0.0000000000,0.0468710810,0.0497835018,0.1747620404,0.2004438341,0.0691891015,0.0216955394,0.1796213686,0.1369245499,0.0422262810,0.0424543582,0.1709430665,0.1742504239,0.1308920979,0.1427915096,0.1734042466,0.1734589189,0.0938084796,0.0000000000,0.0000000000,0.0147468215,0.1613630354,0.1561823487,0.1319962889,0.1372697651,0.0000000055,0.0736266449,0.2047597915,-0.0010866848,0.0488535240,0.0111398492,0.0005440269,0.1137463376,0.0111150322,0.0012616210
21:57:30:10.338,61,0.0000000000,0.0232779440,0.2037281692,0.0000000000,0.0000000000,0.1439994425,0.1361352652,0.0000000000,0.0234570485,0.0000000000,0.0983393714,0.0000000000,0.1439240575,0.1361236572,0.0686321035,0.0000000000,0.0363733172,0.1192502379,0.0926916748,0.1556056440,0.0919421464,0.0000000000,0.0314328521,0.0975351632,0.0983681008,0.0000000000,0.0000000000,0.0465463698,0.0494174547,0.1702549458,0.2002137154,0.0701617375,0.0214514602,0.2562276125,0.1949986666,0.0423814431,0.0424862579,0.1104863882,0.1115671098,0.1248475686,0.1296619624,0.1715489626,0.1715922952,0.0930573046,0.0000000000,0.0000000000,0.0147483405,0.1511680633,0.1394160241,0.1321599334,0.1368003041,0.0000000143,0.0737555176,0.2107240409,-0.0009926888,0.0600659326,0.0143549871,0.0008617863,0.1244378313,0.0143305063,0.0017787780
21:57:30:11.338,61,0.0000000000,0.0347970314,0.1947933882,0.0000000000,0.0000000000,0.1367936879,0.1368752271,0.0000000000,0.0350325517,0.0000000000,0.0889513567,0.0000000000,0.1367049962,0.1368676722,0.0614968315,0.0000000000,0.0366256088,0.1037603989,0.0946629569,0.1547809243,0.0999140665,0.0000000000,0.0310629364,0.0843068063,0.0788673013,0.0000000000,0.0000000000,0.0459977016,0.0486763045,0.1621806175,0.1967470199,0.0733353049,0.0211058483,0.2781103849,0.2107241899,0.0434975736,0.0429445840,0.0909904167,0.0916240290,0.1107725427,0.1134868637,0.1710226238,0.1710591167,0.0933303162,0.0000000000,0.0000000000,0.0150528708,0.1431143284,0.1307283938,0.1325128525,0.1365423352,0.0000002266,0.0716037229,0.2171294987,-0.0003759245,0.0543248467,0.0214317925,0.0011638839,0.1189654917,0.0214076284,0.0025411488
21:57:30:12.338,61,0.0000000000,0.0326969922,0.1967874169,0.0000000000,0.0000000000,0.1346229762,0.1368636191,0.0000000000,0.0329229422,0.0000000000,0.0912669972,0.0000000000,0.1345249414,0.1368578821,0.0573575459,0.0000000000,0.0366322845,0.0934408754,0.0952091664,0.1049686000,0.1034741625,0.0000000000,0.0309134256,0.0685418025,0.0684426203,0.0000000000,0.0000000000,0.0435021482,0.0456955656,0.1339198202,0.1650750488,0.0830436423,0.0207757670,0.2901649177,0.2186153680,0.0460466333,0.0445096418,0.0751878470,0.0754586533,0.0744737461,0.0769188777,0.1773595661,0.1773737967,0.0917126983,0.0000000000,0.0000000000,0.0163119771,0.1401973665,0.1271053106,0.1345166415,0.1368395090,0.0000006303,0.0712853596,0.2244108617,0.0019076521,0.0557405613,0.0201427694,0.0011223393,0.1201864928,0.0201186091,0.0024124887
21:57:30:13.338,61,0.0000000000,0.0256537218,0.1914506257,0.0000000000,0.0000000000,0.1338898391,0.1408267915,0.0000000000,0.0258338768,0.0000000000,0.0864057913,0.0000000000,0.1337894499,0.1408232749,0.0550881624,0.0000000000,0.0362248570,0.0874434710,0.0937631205,0.0919946358,0.1051797271,0.0000000000,0.0305846557,0.0496900231,0.0598031320,0.0000000000,0.0000000000,0.0419561677,0.0438409634,0.1260590106,0.1566590816,0.0873143896,0.0204096027,0.2966717184,0.2226588875,0.0482357256,0.0463566408,0.0679807216,0.0677599013,0.0639162287,0.0659863278,0.1805012822,0.1805101037,0.0909681693,0.0000000000,0.0000000000,0.0171369202,0.1387780011,0.1255546212,0.1355349422,0.1371859163,0.0000007695,0.0728766769,0.2260161042,0.0033836029,0.0527757145,0.0158030204,0.0008336980,0.1169361249,0.0157787353,0.0018410524
21:57:30:14.339,61,0.0000000000,0.0360232852,0.1950118542,0.0000000000,0.0000000000,0.1317053437,0.1411857456,0.0000000000,0.0362648405,0.0000000000,0.0898755193,0.0000000000,0.1316022277,0.1411834359,0.0533845499,0.0000000000,0.0361862406,0.0846721753,0.0934011787,0.0998112410,0.1158282012,0.0000000000,0.0302123148,0.0425216183,0.0488584340,0.0000000000,0.0000000000,0.0406853594,0.0423158966,0.1218322143,0.1522616446,0.0895298719,0.0200633220,0.3100139797,0.2251981497,0.0504987761,0.0483380854,0.0641834959,0.0637701526,0.0600252450,0.0617373325,0.1832407117,0.1832467169,0.0902807638,0.0000000000,0.0000000000,0.0185729247,0.1381380707,0.1248647049,0.1396121383,0.1388438791,0.0000009349,0.0723099187,0.2301404029,0.0049994146,0.0548883528,0.0221863538,0.0012173603,0.1190969869,0.0221623890,0.0026336638
21:57:30:15.338,61,0.0000000000,0.0582725406,0.1862021387,0.0000000000,0.0000000000,0.1287599653,0.1259559989,0.0000000000,0.0586192384,0.0000000000,0.0801162794,0.0000000000,0.1286624968,0.1259562969,0.0525326170,0.0000000000,0.0375108644,0.1132168919,0.0953550115,0.2129120976,0.1427848041,0.0000000000,0.0301925354,0.0538720712,0.0624494776,0.0000000000,0.0000000000,0.0400581993,0.0416129194,0.1267034709,0.1638034731,0.0771284997,0.0198197365,0.2671796978,0.2225629836,0.0512159802,0.0489617698,0.1067276001,0.1082305983,0.1258729696,0.1345545352,0.1842962950,0.1843010783,0.0894278735,0.0000000000,0.0000000000,0.0190700144,0.1385220438,0.1277541816,0.1415934712,0.1403504610,0.0000007668,0.0721862093,0.2305161655,0.0054624458,0.0489088558,0.0358513407,0.0017534986,0.1136720553,0.0358279981,0.0040655946
21:57:30:16.339,61,0.0000000000,0.0580772236,0.1898255497,0.0000000000,0.0000000000,0.1261829585,0.1242338791,0.0000000000,0.0584319532,0.0000000000,0.0834569037,0.0000000000,0.1261065602,0.1242353395,0.0573723316,0.0000000000,0.0381775573,0.2089618742,0.0957035720,0.2437132001,0.1502057761,0.0000000000,0.0302981380,0.0558890328,0.0665043890,0.0000000000,0.0000000000,0.0400715321,0.0416152403,0.1543283165,0.1832269728,0.0682670027,0.0197303426,0.2002160847,0.1758073568,0.0510881282,0.0488738827,0.1674944907,0.1689694524,0.1425783932,0.1534147561,0.1784503460,0.1784548908,0.0892198980,0.0000000000,0.0000000000,0.0191094615,0.1385070384,0.1288713813,0.1359873265,0.1383733302,0.0000003635,0.0718353838,0.2291169316,0.0049658497,0.0509484224,0.0357404463,0.0018209050,0.1158845425,0.0357170179,0.0041315262
21:57:30:17.339,61,0.0000000000,0.0707270727,0.1843392700,0.0000000000,0.0000000000,0.1248776242,0.1229835898,0.0000000000,0.0711367875,0.0000000000,0.0769152269,0.0000000000,0.1248098910,0.1229854748,0.0725030825,0.0000000000,0.0383332372,0.2355311662,0.0946479216,0.2371804416,0.1283663958,0.0000000000,0.0304368027,0.0573788099,0.0993862227,0.0000000000,0.0000000000,0.0405629277,0.0424894206,0.1661013067,0.1903204918,0.0647890940,0.0196939036,0.1800855547,0.1633384973,0.0500692315,0.0484691896,0.2111350596,0.2109375894,0.1512850523,0.1638798565,0.1768464893,0.1768506914,0.0890936553,0.0000000000,0.0000000000,0.0188628323,0.1385609359,0.1304525137,0.1337815523,0.1376684159,0.0000002285,0.0739766359,0.2286937237,0.0042669526,0.0469404534,0.0435029455,0.0020425837,0.1125009432,0.0434797481,0.0048842398
21:57:30:18.339,61,0.0000000000,0.0628436655,0.1769690961,0.0000000000,0.0000000000,0.1256353706,0.1219624579,0.0000000000,0.0631938949,0.0000000000,0.0694534853,0.0000000000,0.1255853325,0.1219644919,0.0784607604,0.0000000000,0.0370438844,0.2312745005,0.0932165906,0.2354229540,0.1188167408,0.0000000000,0.0304606091,0.0586061999,0.1105918139,0.0000000000,0.0000000000,0.0411085971,0.0432512090,0.1731182188,0.1940595806,0.0628085881,0.0196934864,0.1700074971,0.1569223851,0.0492744446,0.0480002761,0.2270738930,0.2264350355,0.1558776498,0.1696648300,0.1765716821,0.1765765101,0.0886963010,0.0000000000,0.0000000000,0.0185011439,0.1393039078,0.1390482634,0.1328019202,0.1374640465,0.0000001092,0.0764292702,0.2236052752,0.0048283120,0.0423951000,0.0386376902,0.0016383721,0.1080243140,0.0386142097,0.0041652117
21:57:30:19.339,61,0.0000000000,0.0451600067,0.1829740405,0.0000000000,0.0000000000,0.1315659732,0.1122409701,0.0000000000,0.0454340689,0.0000000000,0.0758160353,0.0000000000,0.1315454841,0.1122412533,0.0830010772,0.0000000000,0.0345107727,0.2313986123,0.0906095430,0.2030545324,0.1089413241,0.0000000000,0.0305413324,0.0754054561,0.1442453563,0.0000000000,0.0000000000,0.0418522581,0.0446773991,0.1765909642,0.1959176958,0.0615334883,0.0198176429,0.1610834897,0.1455116421,0.0482977107,0.0474338345,0.2475021929,0.2479349077,0.1556693763,0.1721343845,0.1766734719,0.1766807884,0.0881007463,0.0000000000,0.0000000000,0.0180603396,0.1395065337,0.1415927708,0.1312577724,0.1369193643,0.0000003002,0.0776985735,0.2216347456,0.0050896606,0.0462955423,0.0277838763,0.0012861403,0.1117297858,0.0277598128,0.0030959346
21:57:30:20.339,61,0.0000000000,0.0397556871,0.1797024012,0.0000000000,0.0000000000,0.1381716281,0.1091583595,0.0000000000,0.0399965122,0.0000000000,0.0726955235,0.0000000000,0.1381705254,0.1091580167,0.0851560086,0.0000000000,0.0333856381,0.2179610729,0.0892360061,0.1948398054,0.1033292115,0.0000000000,0.0308258235,0.1190700755,0.1828810424,0.0000000000,0.0000000000,0.0425434858,0.0458063185,0.1784371883,0.1969713718,0.0608039536,0.0198961422,0.1578716338,0.1419177055,0.0476334058,0.0469953716,0.2537166476,0.2551796734,0.1563490480,0.1742372215,0.1777066141,0.1777391136,0.0875085369,0.0000000000,0.0000000000,0.0176540464,0.1501951814,0.1571759135,0.1310541928,0.1373978704,0.0000003005,0.0790519342,0.2183655053,0.0056471988,0.0443939082,0.0244565792,0.0010855827,0.1097414568,0.0244323742,0.0026763920
21:57:30:21.340,61,0.0000000000,0.0463843383,0.1762527674,0.0000000000,0.0000000000,0.1411451250,0.1058832780,0.0000000000,0.0466520637,0.0000000000,0.0690979660,0.0000000000,0.1411538720,0.1058799103,0.0864727348,0.0000000000,0.0308375508,0.1941377521,0.0858559459,0.1791442037,0.0869431421,0.0000000000,0.0309273880,0.1954382658,0.2635352015,0.0000000000,0.0000000000,0.0432709679,0.0470769927,0.1793234795,0.1971538067,0.0604682751,0.0199047904,0.1568212807,0.1402093172,0.0469463170,0.0465078875,0.2572100461,0.2589733303,0.1570954025,0.1769148707,0.1883864999,0.1884272844,0.0871285647,0.0000000000,0.0000000000,0.0171370786,0.1718691438,0.1778813004,0.1313809156,0.1386823207,0.0000003018,0.0798171610,0.2165158242,0.0062932987,0.0421923958,0.0285235178,0.0012034443,0.1076233014,0.0284995157,0.0030621144
21:57:30:22.340,61,0.0000000000,0.0564799756,0.1740861833,0.0000000000,0.0000000000,0.1433577240,0.1027188972,0.0000000000,0.0567922816,0.0000000000,0.0666693896,0.0000000000,0.1433824003,0.1027142629,0.0870000422,0.0000000000,0.0251916517,0.1754489690,0.0792189538,0.1586980671,0.0777477026,0.0000000000,0.0310716387,0.2509838343,0.3325418830,0.0000000000,0.0000000000,0.0439429320,0.0482415594,0.1761570275,0.1869835258,0.0603499189,0.0198585074,0.1574103981,0.1397440732,0.0464359485,0.0461909510,0.2598610222,0.2616721988,0.1652399153,0.1929334700,0.1982015967,0.1982358843,0.0843934193,0.0000000000,0.0000000000,0.0165940356,0.1903162301,0.2028151453,0.1366596222,0.1474698186,0.0000002570,0.0784163028,0.2153761089,0.0044968314,0.0407014936,0.0347211994,0.0014133818,0.1062796712,0.0346975103,0.0036821628
21:57:30:23.339,61,0.0000000000,0.0645729378,0.1671719253,0.0000000000,0.0000000000,0.1446887702,0.0998772383,0.0000000000,0.0649061203,0.0000000000,0.0595799237,0.0000000000,0.1447205395,0.0998684689,0.0875321180,0.0000000000,0.0227571074,0.1687633097,0.0739449561,0.1420653611,0.0725034997,0.0000000000,0.0310845021,0.2729700804,0.3568810821,0.0000000000,0.0000000000,0.0446581170,0.0494325459,0.1717488468,0.1789445132,0.0604169406,0.0198219493,0.1578509957,0.1401656121,0.0460924692,0.0460380055,0.2815623283,0.2806649506,0.1722005308,0.2009530514,0.2020933777,0.2021284550,0.0829294771,0.0000000000,0.0000000000,0.0160430223,0.1993691325,0.2129527628,0.1401213855,0.1521267742,0.0000000269,0.0774836317,0.2145948559,0.0036213249,0.0363666900,0.0396751426,0.0014432919,0.1020398214,0.0396517254,0.0040411334
21:57:30:24.340,61,0.0000000000,0.0805104822,0.1612724066,0.0000000000,0.0000000000,0.1457735747,0.0986065343,0.0000000000,0.0808970705,0.0000000000,0.0531619489,0.0000000000,0.1458107084,0.0985939354,0.0878240466,0.0000000000,0.0215785131,0.1654377580,0.0711883828,0.1355024427,0.0693235099,0.0000000000,0.0313591436,0.2921053469,0.3728841543,0.0000000000,0.0000000000,0.0453552492,0.0504412949,0.1695003361,0.1758086830,0.0605275929,0.0197521802,0.1589181125,0.1422712654,0.0458314493,0.0459435545,0.2884612083,0.2897026837,0.1775274277,0.2093744576,0.2064735144,0.2065376937,0.0811051279,0.0000000000,0.0000000000,0.0155176232,0.2088941187,0.2240350693,0.1452596039,0.1600330472,0.0000000399,0.0772927850,0.2149176002,0.0009592892,0.0324351378,0.0494432375,0.0016047233,0.0983962193,0.0494203046,0.0048588458
21:57:30:25.340,61,0.0000000000,0.0756360367,0.1718146652,0.0000000000,0.0000000000,0.1477000117,0.0965510234,0.0000000000,0.0760337487,0.0000000000,0.0639647394,0.0000000000,0.1477345526,0.0965365842,0.0879592299,0.0000000000,0.0210320987,0.1637737006,0.0696547851,0.1326060742,0.0676864684,0.0000000000,0.0315741897,0.2763031721,0.3470622003,0.0000000000,0.0000000000,0.0460907742,0.0514770113,0.1684048027,0.1743937135,0.0607428923,0.0197024792,0.1621114016,0.1453009993,0.0456585884,0.0459027253,0.2896098793,0.2923045754,0.1798590720,0.2125483155,0.2118107229,0.2118600905,0.0802659094,0.0000000000,0.0000000000,0.0150433043,0.2126840055,0.2280954719,0.1472995430,0.1628360003,0.0000000425,0.0782637298,0.2131674439,-0.0004794316,0.0390316769,0.0464817993,0.0018151074,0.1048431844,0.0464587174,0.0048654242
21:57:30:26.340,61,0.0000000000,0.0756356269,0.1663655192,0.0000000000,0.0000000000,0.1492385864,0.0958301723,0.0000000000,0.0760169700,0.0000000000,0.0583228953,0.0000000000,0.1492735147,0.0958156660,0.0878818557,0.0000000000,0.0207684115,0.1611848474,0.0688877776,0.1312596500,0.0665752143,0.0000000000,0.0314300619,0.2561355531,0.3134648204,0.0000000000,0.0000000000,0.0467729010,0.0522757173,0.1676522046,0.1738184690,0.0612301640,0.0198057257,0.1632009000,0.1461370587,0.0454636589,0.0458001792,0.2811233401,0.2811979055,0.1767994612,0.1987098753,0.2137747407,0.2138203532,0.0797967091,0.0000000000,0.0000000000,0.0146084037,0.2142004371,0.2274047136,0.1482784152,0.1638690531,0.0000000768,0.0805337355,0.2142885923,-0.0003236218,0.0355890095,0.0464655757,0.0016545043,0.1015180871,0.0464424565,0.0047100079
21:57:30:27.340,61,0.0000000000,0.0551848449,0.1874149740,0.0000000000,0.0000000000,0.1541618854,0.0987232551,0.0000000000,0.0555201694,0.0000000000,0.0803053528,0.0000000000,0.1541862935,0.0987076089,0.0860484540,0.0000000000,0.0211941153,0.1457990706,0.0689070448,0.1314299107,0.0660636574,0.0000000000,0.0316672735,0.2418832779,0.3003769517,0.0000000000,0.0000000000,0.0472475514,0.0527809970,0.1660916954,0.1736528873,0.0618578941,0.0199171081,0.1703799814,0.1470828056,0.0453839786,0.0457429513,0.2197594643,0.2253832519,0.1617979407,0.1828940064,0.2131043524,0.2131710202,0.0805438459,0.0000000000,0.0000000000,0.0142997047,0.2148846090,0.2267541885,0.1485431045,0.1636550277,0.0000000753,0.0814340413,0.2140852213,-0.0002827207,0.0490275249,0.0339561664,0.0016647582,0.1144199520,0.0339324698,0.0038755541
21:57:30:28.340,61,0.0000000000,0.0500333831,0.2033186406,0.0000000000,0.0000000000,0.1553833634,0.1181903183,0.0000000000,0.0503725186,0.0000000000,0.0967135653,0.0000000000,0.1554039419,0.1181710735,0.0735924914,0.0000000000,0.0214402266,0.1076081023,0.0960126221,0.1238270774,0.0675410479,0.0000000000,0.0319818929,0.2114459127,0.2479522526,0.0000000000,0.0000000000,0.0472669117,0.0527430288,0.1530402005,0.1730631143,0.0784644559,0.0200791042,0.2291889489,0.1509643197,0.0456086956,0.0458994508,0.1219881400,0.1248608530,0.0880000219,0.0985259116,0.2091364413,0.2092054635,0.0806213096,0.0000000000,0.0000000000,0.0142745348,0.2053983361,0.1964843422,0.1490972489,0.1636794060,0.0000000610,0.0824148729,0.2128755152,0.0007400636,0.0590509661,0.0308245700,0.0018197373,0.1241419837,0.0308007617,0.0038150428
21:57:30:29.340,61,0.0000000000,0.0275775455,0.2183487564,0.0000000000,0.0000000000,0.1605192125,0.1341541559,0.0000000000,0.0277987216,0.0000000000,0.1126475781,0.0000000000,0.1605314165,0.1341436058,0.0693514645,0.0000000000,0.0211238749,0.0945904925,0.1013314724,0.0740958229,0.0679597780,0.0000000000,0.0323472023,0.2226600051,0.2657423913,0.0000000000,0.0000000000,0.0471550748,0.0525773540,0.1333129257,0.1570823193,0.0903024524,0.0203564055,0.2450048774,0.1542603225,0.0489957072,0.0483717434,0.0920385420,0.0942369625,0.0664689913,0.0732362270,0.2084643990,0.2085325569,0.0806177855,0.0000000000,0.0000000000,0.0144829005,0.2039730847,0.1966315806,0.1514009535,0.1641781479,0.0000000696,0.0810163915,0.2098179162,-0.0008284644,0.0688025579,0.0170215499,0.0011703148,0.1333626360,0.0169971064,0.0022602794
21:57:31:00.341,61,0.0000000000,0.0430923514,0.1991274208,0.0000000000,0.0000000000,0.1623270512,0.1299417466,0.0000000000,0.0433826223,0.0000000000,0.0927221179,0.0000000000,0.1623373777,0.1299380511,0.0667128861,0.0000000000,0.0199292116,0.0847275928,0.0940079316,0.0605859421,0.0681015477,0.0000000000,0.0329632387,0.3051699698,0.3459551036,0.0000000000,0.0000000000,0.0470294692,0.0524585880,0.1132123768,0.1324953288,0.0949003547,0.0207346994,0.2527959645,0.1561403126,0.0577066354,0.0562651195,0.0769492090,0.0786823854,0.0555635095,0.0606872030,0.2304630280,0.2304676324,0.0798207000,0.0000000000,0.0000000000,0.0148671605,0.2219826132,0.2355717421,0.1708070487,0.1897063851,0.0000000736,0.0795959681,0.2058925033,-0.0015616834,0.0566208139,0.0265434831,0.0015024625,0.1215976775,0.0265194830,0.0032175099
21:57:31:01.341,61,0.0000000000,0.0776984170,0.1645388156,0.0000000000,0.0000000000,0.1632510275,0.0991176143,0.0000000000,0.0780817643,0.0000000000,0.0572155267,0.0000000000,0.1632626504,0.0991286635,0.0624219999,0.0000000000,0.0173180345,0.0746803507,0.0852384567,0.0535271242,0.0679005310,0.0000000000,0.0330247357,0.4166142046,0.4443804920,0.0000000000,0.0000000000,0.0468319543,0.0522370152,0.1021996215,0.1175847203,0.0970641822,0.0209095106,0.2569518685,0.1633318663,0.0647175461,0.0633788109,0.0714205801,0.0710366219,0.0521707051,0.0569770858,0.2778832912,0.2778711915,0.0785579532,0.0000000000,0.0000000000,0.0151818777,0.2751624882,0.2809523344,0.2128387094,0.2295246273,0.0000002960,0.0801350623,0.2017458677,-0.0027669398,0.0349112116,0.0477265380,0.0016671172,0.1003974751,0.0477036647,0.0047848793
21:57:31:02.341,61,0.0000000000,0.0956762061,0.1475129426,0.0000000000,0.0000000000,0.1638262868,0.0688095167,0.0000000000,0.0960738659,0.0000000000,0.0394345596,0.0000000000,0.1638411134,0.0688780248,0.0608404502,0.0000000000,0.0160702672,0.0708278865,0.0825780779,0.0503102466,0.0677098706,0.0000000000,0.0319249593,0.4774065912,0.4935392439,0.0000000000,0.0000000000,0.0468350872,0.0521484800,0.0976476520,0.1117093712,0.0984118953,0.0210361909,0.2587673664,0.1656409651,0.0675735697,0.0661789775,0.0832588226,0.0776012391,0.0579180308,0.0616358817,0.2961013615,0.2960355878,0.0786628351,0.0000000000,0.0000000000,0.0153964404,0.3379079998,0.3338537812,0.2362883985,0.2522861063,0.0000003348,0.0758888498,0.2098701596,-0.0011675305,0.0240477212,0.0587051772,0.0014132127,0.0899562612,0.0586828142,0.0052777813
21:57:31:03.341,61,0.0000000000,0.0957150757,0.1510002762,0.0000000000,0.0000000000,0.1673811823,0.0572102107,0.0000000000,0.0961262286,0.0000000000,0.0430176668,0.0000000000,0.1674004793,0.0573003925,0.0601866171,0.0000000000,0.0156003973,0.0688942000,0.0812709332,0.0489806198,0.0676721036,0.0000000000,0.0301894154,0.5197321773,0.5309436321,0.0000000000,0.0000000000,0.0470618494,0.0522427447,0.0954210311,0.1088296920,0.0995542854,0.0211658757,0.2600905597,0.1687903851,0.0729383603,0.0706760734,0.0912114978,0.0845268071,0.0644468069,0.0669019297,0.3149268329,0.3148725927,0.0779677108,0.0000000000,0.0000000000,0.0157330427,0.3702037930,0.3584254384,0.2907812297,0.3064131141,0.0000003334,0.0758888498,0.2098701596,-0.0011675305,0.0262326971,0.0587404035,0.0015425158,0.0920827612,0.0587180667,0.0054054456
21:57:31:04.341,61,0.0368792042,0.1323327869,0.1367309541,0.0000000000,0.0000000000,0.1696129292,0.0000000000,0.0363667794,0.1328084022,0.0000000000,0.0283048470,0.0000000000,0.1696324348,0.0000000000,0.0597795285,0.0000000000,0.0156793911,0.0678630397,0.0805274546,0.0485013500,0.0678838193,0.0000000000,0.0275804158,0.5468701124,0.5551850796,0.0000000000,0.0000000000,0.0474459454,0.0524556711,0.0944204256,0.1075148210,0.1024934649,0.0211460311,0.2973783314,0.2054540068,0.0781172812,0.0751533434,0.0941252708,0.0868651345,0.0861725137,0.0881258771,0.3573654890,0.3572871387,0.0779273808,0.0000000000,0.0000000000,0.0160284787,0.4280207455,0.4003236294,0.3187079430,0.3379991353,0.0000003752,0.0785486400,0.2499651313,0.0031246047,0.0172335729,0.0811401084,0.0014013406,0.0832508057,0.0811190605,0.0067601604
21:57:31:05.341,61,0.0837522298,0.1183927804,0.1262611747,0.0000000000,0.0000000000,0.1865423024,0.0000000000,0.0838303566,0.1187720299,0.0000000000,0.0185396839,0.0000000000,0.1865600049,0.0000000000,0.0596086644,0.0000000000,0.0159996357,0.0674447268,0.0802979246,0.0484498106,0.0680636913,0.0000000000,0.0262967143,0.5720089078,0.5908626914,0.0000000000,0.0000000000,0.0479780808,0.0528114252,0.0942296535,0.1070974097,0.1067971289,0.0210928321,0.3073676825,0.2154184580,0.0825156271,0.0795813948,0.0962686017,0.0899089947,0.0964189693,0.0997001752,0.3984439969,0.3983880281,0.0781218410,0.0000000000,0.0000000000,0.0162976608,0.4470087886,0.4184915125,0.3315706849,0.3522067070,0.0000008510,0.0784015730,0.2653152943,0.0033701737,0.0112954527,0.0725583509,0.0008210030,0.0769265369,0.0725369304,0.0055842530
21:57:31:06.342,61,0.1441867203,0.1221002564,0.1171538979,0.0000000000,0.0000000000,0.2260114402,0.0000000000,0.1440389007,0.1224451661,0.0000000000,0.0095392568,0.0000000000,0.2260783911,0.0000000000,0.0597338565,0.0000000000,0.0160376802,0.0675777495,0.0803747773,0.0484120324,0.0680452138,0.0000000000,0.0258000046,0.5837460160,0.6088890433,0.0000000000,0.0000000000,0.0498991646,0.0545412600,0.0950422212,0.1076317653,0.1114876792,0.0211735163,0.3121230006,0.2203640938,0.0889204070,0.0864889324,0.0976898000,0.0923594460,0.1007738858,0.1045308858,0.4439580142,0.4439249635,0.0780825689,0.0000000000,0.0000000000,0.0165954251,0.4817983508,0.4750581682,0.3633458018,0.3947535455,0.0000008690,0.0808482394,0.2694342136,0.0040400890,0.0058109071,0.0747987702,0.0004354586,0.0713659227,0.0747775137,0.0053419471
21:57:31:07.342,61,0.1124903560,0.0872235373,0.1494455189,0.0000000000,0.0000000000,0.2668505311,0.0000000000,0.1123624519,0.0875943601,0.0000000000,0.0427698493,0.0000000000,0.2669200003,0.0000000000,0.0600165278,0.0000000000,0.0162726641,0.0708471090,0.0845054314,0.0486425795,0.0678856522,0.0000000000,0.0257541519,0.5960684419,0.6293271184,0.0000000000,0.0000000000,0.0517878830,0.0560081191,0.1016238555,0.1129798740,0.1135049015,0.0212740786,0.3040445149,0.2164148390,0.0911645666,0.0889233872,0.1006507948,0.0978699774,0.1031880826,0.1074074358,0.4673615098,0.4673519433,0.0782825574,0.0000000000,0.0000000000,0.0168063417,0.5009245872,0.4921309352,0.3735567033,0.4076483846,0.0000048684,0.0822652131,0.2707975209,0.0030614492,0.0260892119,0.0535265878,0.0013976423,0.0911611617,0.0535042137,0.0048753680
21:57:31:08.342,61,0.1128583774,0.0870085806,0.1432922035,0.0000000000,0.0000000000,0.3008022606,0.0000000000,0.1128017604,0.0873566568,0.0000000000,0.0369452424,0.0000000000,0.3008946478,0.0000000000,0.0602266081,0.0000000000,0.0168289654,0.0748317689,0.0902575552,0.0489187650,0.0676404163,0.0000000000,0.0257045217,0.6467443705,0.6713992357,0.0000000000,0.0000000000,0.0558155179,0.0590482056,0.1062427834,0.1168610379,0.1147961393,0.0213602427,0.2996885777,0.2138095051,0.0924128518,0.0903508067,0.1045838818,0.1029915810,0.1049912646,0.1107181311,0.4819284379,0.4819287658,0.0783707723,0.0000000000,0.0000000000,0.0170272496,0.5227945447,0.5048762560,0.3913668692,0.4219102859,0.0000192399,0.0846121237,0.2691892684,0.0010281948,0.0225364342,0.0533767119,0.0012039619,0.0874083042,0.0533544049,0.0046620728
21:57:31:09.342,61,0.1119899303,0.0910808071,0.1451534480,0.0000000000,0.0000000000,0.3149145544,0.0000000000,0.1119425073,0.0914500505,0.0000000000,0.0387285538,0.0000000000,0.3150032163,0.0000000000,0.0602243692,0.0000000000,0.0169225261,0.0761334673,0.0919767767,0.0488722064,0.0671598911,0.0000000000,0.0255753621,0.6619318128,0.6858235002,0.0000000000,0.0000000000,0.0589112900,0.0619474761,0.1082967594,0.1185512170,0.1158031151,0.0212220494,0.3125630915,0.2244965583,0.0934729055,0.0921293497,0.1058765799,0.1046110541,0.1128686145,0.1194607988,0.5008116364,0.5008005500,0.0787568241,0.0000000000,0.0000000000,0.0171829760,0.5346593857,0.5122023821,0.3995732069,0.4277555645,0.0000186111,0.0824884251,0.2622050345,-0.0007366282,0.0236210153,0.0558792688,0.0013211769,0.0885316283,0.0558570921,0.0049437648
21:57:31:10.342,61,0.1105401069,0.0942946896,0.1472837329,0.0000000000,0.0000000000,0.3278782070,0.0000000000,0.1103925332,0.0946834981,0.0000000000,0.0408361554,0.0000000000,0.3279980123,0.0000000000,0.0600949153,0.0000000000,0.0161633715,0.0764325708,0.0912675634,0.0479972400,0.0653511658,0.0000000000,0.0253578946,0.6708685756,0.6951311827,0.0000000000,0.0000000000,0.0614915416,0.0649340153,0.1092226654,0.1191553548,0.1170268282,0.0209965110,0.3399376571,0.2580426633,0.0958136171,0.0964938030,0.1060552001,0.1030643359,0.1166079938,0.1234468818,0.5157385468,0.5157202482,0.0789770931,0.0000000000,0.0000000000,0.0172859747,0.5461931825,0.5276748538,0.4034109712,0.4308099747,0.0000250694,0.0797600225,0.2554135025,-0.0021258560,0.0249036662,0.0578568242,0.0014423068,0.0898209065,0.0578347407,0.0051935324
21:57:31:11.342,61,0.1561432928,0.1249288544,0.1354656219,0.0000000000,0.0000000000,0.3456358314,0.0000000000,0.1558899581,0.1253717840,0.0000000000,0.0284344628,0.0000000000,0.3457432389,0.0000000000,0.0595840663,0.0000000000,0.0157902818,0.0756519958,0.0892355368,0.0461739749,0.0613316000,0.0000000000,0.0250222832,0.7175202370,0.7363650203,0.0000000000,0.0000000000,0.0662953258,0.0696464181,0.1095420793,0.1192011237,0.1196887046,0.0206122212,0.3647266328,0.2849068344,0.1004528478,0.1026768386,0.1059504375,0.1024215668,0.1347133070,0.1414012760,0.5577044487,0.5576750636,0.0790415704,0.0000000000,0.0000000000,0.0172916483,0.5892732143,0.5649096966,0.4245508909,0.4486565888,0.0000211865,0.0732960328,0.2465409935,-0.0047499835,0.0173187088,0.0765967742,0.0013290902,0.0825098455,0.0765757188,0.0063233646
21:57:31:12.342,61,0.1208138093,0.0959399119,0.1402780116,0.0000000000,0.0000000000,0.3719215691,0.0000000000,0.1205314323,0.0963076204,0.0000000000,0.0340267867,0.0000000000,0.3720372617,0.0000000000,0.0593202859,0.0000000000,0.0156179806,0.0753441155,0.0885482728,0.0452663004,0.0596856140,0.0000000000,0.0246468335,0.7302657962,0.7478512526,0.0000000000,0.0000000000,0.0691432804,0.0723952800,0.1099332497,0.1194310859,0.1241691485,0.0202660933,0.3732658625,0.2942394316,0.1023217365,0.1051036865,0.1058139801,0.1019602939,0.1412642002,0.1476659030,0.5701068640,0.5700747371,0.0791732594,0.0000000000,0.0000000000,0.0172814187,0.6000869870,0.5753405690,0.4304154217,0.4534962177,0.0000067959,0.0732960328,0.2465409935,-0.0047499835,0.0207498167,0.0588436686,0.0012223183,0.0855434760,0.0588217042,0.0050314404
21:57:31:13.343,61,0.1148784012,0.0883436725,0.1415791512,0.0000000000,0.0000000000,0.3879101574,0.0000000000,0.1145880818,0.0886901096,0.0000000000,0.0354184099,0.0000000000,0.3881162405,0.0000000000,0.0593204275,0.0000000000,0.0153578464,0.0751519501,0.0883057490,0.0445937850,0.0584772080,0.0000000000,0.0243352614,0.7366676927,0.7539077401,0.0000000000,0.0000000000,0.0710357875,0.0743654743,0.1104631573,0.1197422594,0.1274443865,0.0199716557,0.3767277598,0.2968208492,0.1032778546,0.1063900962,0.1059536338,0.1018839553,0.1447534412,0.1515467316,0.5734094381,0.5733881593,0.0788950175,0.0000000000,0.0000000000,0.0172507521,0.5991708636,0.5798823237,0.4331502616,0.4558393955,0.0000071034,0.0698920935,0.2452436388,-0.0063265208,0.0216041245,0.0541903600,0.0011717911,0.0863595679,0.0541681461,0.0046766666
21:57:31:14.343,61,0.1230142415,0.0800429583,0.1383205205,0.0000000000,0.0000000000,0.3994611800,0.0000000000,0.1228485033,0.0803500488,0.0000000000,0.0324710757,0.0000000000,0.3998619318,0.0000000000,0.0595909916,0.0000000000,0.0150363371,0.0754460320,0.0894525275,0.0443406440,0.0577458590,0.0000000000,0.0242033601,0.7332025170,0.7564811110,0.0000000000,0.0000000000,0.0722452328,0.0756580085,0.1111256406,0.1202141345,0.1315014660,0.0197755024,0.3736245334,0.2911850512,0.1038364470,0.1071229577,0.1063135043,0.1022419482,0.1469241232,0.1550849527,0.5744524598,0.5744364858,0.0789467394,0.0000000000,0.0000000000,0.0172233079,0.5949000120,0.5814806223,0.4345951080,0.4571584761,0.0000015478,0.0713127032,0.2435862571,-0.0102100521,0.0198115632,0.0490926914,0.0009733211,0.0843939707,0.0490702540,0.0041396189
21:57:31:15.343,61,0.1512089521,0.1036011577,0.1291598976,0.0000000000,0.0000000000,0.4065741003,0.0000000000,0.1511390507,0.1039490402,0.0000000000,0.0227954779,0.0000000000,0.4070896506,0.0000000000,0.0596264862,0.0000000000,0.0146648940,0.0752866417,0.0894440711,0.0438749418,0.0570618138,0.0000000000,0.0238460004,0.7332534790,0.7578839064,0.0000000000,0.0000000000,0.0742630139,0.0778887421,0.1114454567,0.1203463525,0.1335860938,0.0195164960,0.3769444525,0.2946103811,0.1045860127,0.1080006659,0.1059889421,0.1018776223,0.1481613070,0.1565989256,0.5748897195,0.5748757124,0.0792597607,0.0000000000,0.0000000000,0.0172323063,0.5977649689,0.5888239741,0.4355718493,0.4578891993,0.0000033168,0.0713127032,0.2435862571,-0.0102100521,0.0138968993,0.0635050088,0.0008836823,0.0787410289,0.0634833202,0.0050002551
21:57:31:16.343,61,0.1587882191,0.1104522720,0.1289811134,0.0000000000,0.0000000000,0.4099647403,0.0000000000,0.1587423086,0.1108198091,0.0000000000,0.0223756302,0.0000000000,0.4105238914,0.0000000000,0.0595600307,0.0000000000,0.0142244278,0.0750055462,0.0891761258,0.0433958620,0.0565203167,0.0000000000,0.0235874914,0.7330420017,0.7582996488,0.0000000000,0.0000000000,0.0753610432,0.0791633651,0.1115580201,0.1203482226,0.1347847730,0.0192682445,0.3780377805,0.2956269085,0.1054870337,0.1088127121,0.1054867581,0.1013717949,0.1487313360,0.1572667658,0.5745368600,0.5745158195,0.0795304477,0.0000000000,0.0000000000,0.0172461364,0.5985697508,0.5911260247,0.4356428385,0.4578852355,0.0000037266,0.0733850375,0.2439484745,-0.0125037534,0.0136371860,0.0677022859,0.0009246528,0.0786104426,0.0676807836,0.0053230184
21:57:31:17.343,61,0.1630840302,0.1184497923,0.1268835217,0.0000000000,0.0000000000,0.4119665623,0.0000000000,0.1630495489,0.1188312396,0.0000000000,0.0199606661,0.0000000000,0.4125668406,0.0000000000,0.0596714281,0.0000000000,0.0136366645,0.0748178214,0.0890533924,0.0430184118,0.0558505319,0.0000000000,0.0234320406,0.7326792479,0.7583977580,0.0000000000,0.0000000000,0.0761749595,0.0800977945,0.1118904501,0.1204859018,0.1355718970,0.0190678686,0.3775605261,0.2956166267,0.1058713198,0.1092126966,0.1053626165,0.1012575328,0.1491294205,0.1577657610,0.5741257071,0.5741029382,0.0805042386,0.0000000000,0.0000000000,0.0171525441,0.5993828177,0.5934273601,0.4352786243,0.4575974941,0.0000038208,0.0767564178,0.2438940257,-0.0132329501,0.0121611655,0.0725952610,0.0008843751,0.0773055255,0.0725740045,0.0056145871
21:57:31:18.343,61,0.1661719680,0.1082402915,0.1339301616,0.0000000000,0.0000000000,0.4162754714,0.0000000000,0.1661015004,0.1086227000,0.0000000000,0.0273620170,0.0000000000,0.4168789685,0.0000000000,0.0598752089,0.0000000000,0.0131200189,0.0747902691,0.0890621990,0.0427724384,0.0554630719,0.0000000000,0.0231934208,0.7292807102,0.7543299198,0.0000000000,0.0000000000,0.0767255798,0.0807281509,0.1122725010,0.1207268983,0.1360032111,0.0189361162,0.3750685155,0.2931727469,0.1062895283,0.1096511260,0.1053348035,0.1011911109,0.1490218192,0.1575736403,0.5728726387,0.5728436708,0.0808392689,0.0000000000,0.0000000000,0.0170992240,0.5994129181,0.5934545398,0.4351244569,0.4572768509,0.0000029964,0.0785139203,0.2444720864,-0.0147191770,0.0166777186,0.0663630813,0.0011083607,0.0816341117,0.0663414821,0.0054176128
21:57:31:19.343,61,0.1405993551,0.0820619687,0.1422390044,0.0000000000,0.0000000000,0.4176528156,0.0000000000,0.1401596218,0.0823887885,0.0000000000,0.0361975022,0.0000000000,0.4182642996,0.0000000000,0.0601944514,0.0000000000,0.0126652569,0.0748197958,0.0890410766,0.0425924137,0.0552184992,0.0000000000,0.0229460783,0.7171536684,0.7423697710,0.0000000000,0.0000000000,0.0770028308,0.0810597390,0.1125964671,0.1209599748,0.1362940073,0.0188447423,0.3729479909,0.2907353342,0.1065881103,0.1099216118,0.1051145792,0.1009678096,0.1486172974,0.1569081843,0.5622883439,0.5622574687,0.0815083534,0.0000000000,0.0000000000,0.0170743819,0.5969069004,0.5873729587,0.4249694049,0.4455301762,0.0000022249,0.0776715577,0.2464914918,-0.0146966632,0.0220837966,0.0503407456,0.0011125638,0.0867794380,0.0503183156,0.0043647741
21:57:31:20.343,61,0.1327174306,0.0755294785,0.1427743435,0.0000000000,0.0000000000,0.4112528563,0.0000000000,0.1322436333,0.0758352578,0.0000000000,0.0367275514,0.0000000000,0.4118206501,0.0000000000,0.0605048127,0.0000000000,0.0122368541,0.0749348700,0.0890781283,0.0423608944,0.0547918975,0.0000000000,0.0225088056,0.7136945128,0.7386996746,0.0000000000,0.0000000000,0.0772734135,0.0813172907,0.1129763126,0.1212033406,0.1363335848,0.0187592637,0.3582426608,0.2770253122,0.1065215245,0.1098013520,0.1050222367,0.1007944271,0.1464166194,0.1523877531,0.5480352640,0.5479955673,0.0822058544,0.0000000000,0.0000000000,0.0169808771,0.5858010650,0.5682280660,0.4093366265,0.4292992055,0.0000019122,0.0789718851,0.2499574870,-0.0143655874,0.0224115122,0.0463367738,0.0010391338,0.0871228427,0.0463141203,0.0040327767
21:57:31:21.343,61,0.1787396520,0.0870043784,0.1407254636,0.0000000000,0.0000000000,0.4197666943,0.0000000000,0.1784634143,0.0873431489,0.0000000000,0.0346328542,0.0000000000,0.4204822779,0.0000000000,0.0607893355,0.0000000000,0.0119086588,0.0750578567,0.0891200528,0.0422255769,0.0543372333,0.0000000000,0.0220810305,0.7099128366,0.7334854007,0.0000000000,0.0000000000,0.0775554851,0.0815848932,0.1133283749,0.1215403229,0.1364057809,0.0186800174,0.3546297550,0.2736634314,0.1068477482,0.1100872084,0.1050208732,0.1007041112,0.1455636621,0.1508809328,0.5630940795,0.5630615354,0.0826595351,0.0000000000,0.0000000000,0.0168538019,0.5832338333,0.5670672059,0.4206117094,0.4382571578,0.0000015088,0.0792115033,0.2508434951,-0.0146686928,0.0211258940,0.0533668064,0.0011284087,0.0858426169,0.0533445701,0.0045779264
21:57:31:22.343,61,0.1799114645,0.0784664676,0.1317016035,0.0000000000,0.0000000000,0.4359660149,0.0000000000,0.1797974706,0.0787477121,0.0000000000,0.0258659236,0.0000000000,0.4371497035,0.0000000000,0.0608393550,0.0000000000,0.0116709117,0.0749157518,0.0887303352,0.0420066454,0.0540571474,0.0000000000,0.0218864288,0.6902734637,0.7156862020,0.0000000000,0.0000000000,0.0777191222,0.0817698687,0.1134397164,0.1218255311,0.1361171603,0.0185807794,0.3620246947,0.2815583050,0.1111065522,0.1139540300,0.1036790609,0.0996697545,0.1436784267,0.1492094100,0.5789681673,0.5789622068,0.0832011849,0.0000000000,0.0000000000,0.0167995803,0.5868605375,0.5847347975,0.4246357977,0.4429733455,0.0000014649,0.0782913789,0.2513037920,-0.0157473795,0.0157823153,0.0481102318,0.0007598455,0.0803593323,0.0480877422,0.0038631000
21:57:31:23.344,61,0.1673216522,0.0836609676,0.1370776445,0.0000000000,0.0000000000,0.4407293797,0.0000000000,0.1672112048,0.0839761347,0.0000000000,0.0310397334,0.0000000000,0.4420208037,0.0000000000,0.0610850751,0.0000000000,0.0114649301,0.0748495981,0.0884256214,0.0417692587,0.0536949076,0.0000000000,0.0218242202,0.6846984029,0.7104598284,0.0000000000,0.0000000000,0.0778090730,0.0819005370,0.1136238873,0.1221868545,0.1359353065,0.0185126364,0.3635712564,0.2832636535,0.1122032255,0.1149353683,0.1029802114,0.0990234017,0.1425971091,0.1481683999,0.5833522081,0.5833531022,0.0836438313,0.0000000000,0.0000000000,0.0166958440,0.5888858438,0.5891845226,0.4260420203,0.4445830882,0.0000003980,0.0779679045,0.2508676052,-0.0157535803,0.0189361535,0.0513073094,0.0009723580,0.0836263970,0.0512849614,0.0042875125
21:57:31:24.344,61,0.1646673232,0.0830066577,0.1343470365,0.0000000000,0.0000000000,0.4430007637,0.0000000000,0.1645646393,0.0833104849,0.0000000000,0.0284787528,0.0000000000,0.4443243146,0.0000000000,0.0611722022,0.0000000000,0.0112789739,0.0746573582,0.0880922452,0.0416356400,0.0535290726,0.0000000000,0.0216014478,0.6820952296,0.7078242898,0.0000000000,0.0000000000,0.0778474957,0.0819610283,0.1138212159,0.1225471720,0.1358160228,0.0183885209,0.3670592606,0.2855169177,0.1128690615,0.1155201122,0.1024250761,0.0984788463,0.1423002183,0.1478345543,0.5853038430,0.5853068233,0.0840656012,0.0000000000,0.0000000000,0.0166278668,0.5899037123,0.5911498666,0.4272404909,0.4456697404,0.0000007258,0.0780186728,0.2496173233,-0.0153544853,0.0173741560,0.0508991629,0.0008850499,0.0819622129,0.0508768186,0.0041688834
21:57:31:25.344,61,0.1152236462,0.0695119724,0.1354448795,0.0000000000,0.0000000000,0.4346070886,0.0000000000,0.1151105762,0.0697763190,0.0000000000,0.0295469202,0.0000000000,0.4358980954,0.0000000000,0.0613977499,0.0000000000,0.0109952902,0.0747962669,0.0881408304,0.0416695364,0.0534172840,0.0000000000,0.0216056798,0.6804859042,0.7064066529,0.0000000000,0.0000000000,0.0777267292,0.0818585306,0.1141854003,0.1229644194,0.1355330497,0.0183487758,0.3585706353,0.2757127285,0.1127372161,0.1153505594,0.1021263152,0.0982312486,0.1404168755,0.1469506472,0.5732900500,0.5732908845,0.0846161991,0.0000000000,0.0000000000,0.0165760890,0.5861678123,0.5859764218,0.4166661203,0.4404866993,0.0000012281,0.0764067471,0.2510715425,-0.0156127214,0.0180327948,0.0426308736,0.0007691779,0.0826638341,0.0426080376,0.0035202494
21:57:31:26.344,61,0.1780002415,0.0815075189,0.1281859875,0.0000000000,0.0000000000,0.4327022731,0.0000000000,0.1778711975,0.0817869157,0.0000000000,0.0220816731,0.0000000000,0.4339861274,0.0000000000,0.0614035465,0.0000000000,0.0107856672,0.0748288929,0.0880032703,0.0417982005,0.0533071533,0.0000000000,0.0215090420,0.6725398898,0.6980156302,0.0000000000,0.0000000000,0.0776223466,0.0817654729,0.1143705249,0.1232889071,0.1350358874,0.0182941686,0.3566229343,0.2734037042,0.1129653007,0.1155005097,0.1017203629,0.0978759676,0.1378927529,0.1443337500,0.5749220848,0.5749176741,0.0851845369,0.0000000000,0.0000000000,0.0165022686,0.5855240822,0.5850653648,0.4151242077,0.4395573437,0.0000013446,0.0764692128,0.2520631254,-0.0142758805,0.0134720951,0.0499653257,0.0006736779,0.0782071277,0.0499428995,0.0039051378
21:57:31:27.345,61,0.1881948411,0.0879201666,0.1188042015,0.0000000000,0.0000000000,0.4045790732,0.0000000000,0.1880361289,0.0881857127,0.0000000000,0.0123591349,0.0000000000,0.4056411088,0.0000000000,0.0616380982,0.0000000000,0.0106620630,0.0751694590,0.0881504342,0.0426942259,0.0533479415,0.0000000000,0.0212334357,0.6024300456,0.6277948618,0.0000000000,0.0000000000,0.0771173388,0.0812617615,0.1145633683,0.1236216053,0.1344259381,0.0184314717,0.3031739295,0.2237381637,0.1126000956,0.1143278778,0.1019488424,0.0981632844,0.1226496845,0.1257492602,0.5526639223,0.5525956750,0.0869535804,0.0000000000,0.0000000000,0.0164193101,0.5247803330,0.5207868814,0.3672348857,0.3853194118,0.0000013317,0.0752692744,0.2521541715,-0.0135226175,0.0075388146,0.0538711287,0.0004065138,0.0724685416,0.0538488589,0.0039026863
21:57:31:28.344,61,0.1582418978,0.0579586141,0.1113264114,0.0000000000,0.0000000000,0.3936578333,0.0000000000,0.1583656222,0.0581305586,0.0000000000,0.0052333474,0.0000000000,0.3944486678,0.0000000000,0.0630391762,0.0000000000,0.0111060767,0.0756406039,0.0881396979,0.0441661589,0.0536737852,0.0000000000,0.0218007322,0.4647957981,0.4953385293,0.0000000000,0.0000000000,0.0739455894,0.0789051205,0.1149547175,0.1296110600,0.1344344616,0.0188442208,0.2891181111,0.2103991657,0.1121768057,0.1134600192,0.1016071364,0.0980296135,0.0952589884,0.1036330909,0.5061057210,0.5060682893,0.0908729807,0.0000000000,0.0000000000,0.0163342860,0.4822911918,0.4909715950,0.3437511921,0.3633572757,0.0000011362,0.0724827424,0.2552565634,-0.0119294934,0.0031948548,0.0355101228,0.0001134972,0.0679627582,0.0354868732,0.0024109369
21:57:31:29.344,61,0.1333465278,0.0476252325,0.1165043116,0.0000000000,0.0000000000,0.3623592854,0.0000000000,0.1332833618,0.0477836505,0.0000000000,0.0105669769,0.0000000000,0.3628068864,0.0000000000,0.0646733865,0.0000000000,0.0116465772,0.0768639296,0.0884291083,0.0517440438,0.0552415326,0.0000000000,0.0223563537,0.3578831255,0.3870839775,0.0000000000,0.0000000000,0.0692587197,0.0743874609,0.1180984080,0.1400652230,0.1348736733,0.0193852279,0.2819472253,0.2030716538,0.1086992994,0.1074396670,0.1013436168,0.0979410261,0.0866791829,0.0955147222,0.4701473415,0.4701490402,0.0924462974,0.0000000000,0.0000000000,0.0163099281,0.4211014211,0.4200627506,0.3316290677,0.3496321440,0.0000007790,0.0720558837,0.2606889904,-0.0087443125,0.0064522494,0.0291899815,0.0001883933,0.0711382627,0.0291663893,0.0020736819
21:57:32:00.345,61,0.0646506175,0.0225454457,0.1304347515,0.0000000000,0.0000000000,0.3248414993,0.0000000000,0.0646359846,0.0226542912,0.0000000000,0.0252576452,0.0000000000,0.3250343502,0.0000000000,0.0662630722,0.0000000000,0.0151353618,0.0851349235,0.0925156474,0.0657126233,0.0615423620,0.0000000000,0.0228618365,0.2711354792,0.2851642966,0.0000000000,0.0000000000,0.0645831898,0.0685677528,0.1223866045,0.1491899788,0.1356446594,0.0202844832,0.2774784863,0.1897155643,0.1027775332,0.0996049792,0.1010778993,0.0978091508,0.0801759958,0.0854265094,0.4258686900,0.4258744717,0.0943314582,0.0000000000,0.0000000000,0.0163997076,0.3789777458,0.3533903658,0.2934183180,0.2978372276,0.0000006400,0.0705078542,0.2650455236,-0.0066977297,0.0154275419,0.0138403680,0.0002135280,0.0796704814,0.0138160568,0.0010996375
21:57:32:01.345,61,0.0434685536,0.0021500678,0.1430220902,0.0000000000,0.0000000000,0.3082557321,0.0000000000,0.0434405804,0.0021984335,0.0000000000,0.0384512804,0.0000000000,0.3082805574,0.0000000000,0.0704378113,0.0000000000,0.0177342854,0.1000806764,0.1039638445,0.0779097229,0.0692978278,0.0000000000,0.0232170559,0.1993509680,0.2022870183,0.0000000000,0.0000000000,0.0623156540,0.0657102838,0.1300475001,0.1603468060,0.1385620385,0.0227131695,0.2670905590,0.1737552285,0.1001516283,0.0963294581,0.1008490697,0.0976297036,0.0718527734,0.0738755316,0.4112817049,0.4112907052,0.0998780802,0.0000000000,0.0000000000,0.0166307073,0.3568152189,0.3300891519,0.2819842100,0.2830616832,0.0000007643,0.0669579878,0.2683766782,-0.0059079393,0.0234885290,0.0013433173,0.0000315497,0.0873671547,0.0013184302,0.0001150411
21:57:32:02.345,61,0.0315112695,0.0173055492,0.1423043013,0.0000000000,0.0000000000,0.2714647055,0.0000000000,0.0314684920,0.0174194574,0.0000000000,0.0371186100,0.0000000000,0.2713720798,0.0000000000,0.0724076927,0.0000000000,0.0202766266,0.1053831354,0.1087219343,0.0887216851,0.0800411850,0.0000000000,0.0234138258,0.1613719612,0.1599770039,0.0000000000,0.0000000000,0.0603685267,0.0630159900,0.1339273304,0.1650811136,0.1401266903,0.0242966842,0.2636814415,0.1681741327,0.0985881686,0.0944483951,0.1005373225,0.0972709656,0.0678299144,0.0686053410,0.4034028649,0.4034119248,0.1066146418,0.0000000000,0.0000000000,0.0170453843,0.3299985528,0.3080320656,0.2759322524,0.2755219042,0.0000006641,0.0644270629,0.2682042122,-0.0048103086,0.0226731841,0.0106436769,0.0002413145,0.0869238824,0.0106114252,0.0009212595
21:57:32:03.345,61,0.0160045139,0.0061877747,0.1367372572,0.0000000000,0.0000000000,0.2454109192,0.0000000000,0.0160002410,0.0062613925,0.0000000000,0.0319252275,0.0000000000,0.2451619357,0.0000000000,0.0744474679,0.0000000000,0.0237210523,0.1083352044,0.1112229452,0.0955894813,0.0933024213,0.0000000000,0.0236443933,0.1179351881,0.1139426008,0.0000000000,0.0000000000,0.0591270961,0.0613287389,0.1379040182,0.1703921854,0.1434166580,0.0256257094,0.2677001357,0.1672366112,0.0979137644,0.0935972035,0.1001220047,0.0967856273,0.0655796081,0.0657609925,0.3677487969,0.3677478731,0.1077024564,0.0000000000,0.0000000000,0.0183974374,0.3154903054,0.2911875546,0.2724364996,0.2714357674,0.0000016533,0.0604579821,0.2669528127,-0.0036381136,0.0195018724,0.0038255947,0.0000746019,0.0835274458,0.0037931208,0.0003164629
21:57:32:04.345,61,0.0546199679,0.0247923341,0.1278810650,0.0000000000,0.0000000000,0.2343933135,0.0000000000,0.0545468889,0.0249182656,0.0000000000,0.0225097425,0.0000000000,0.2340833247,0.0000000000,0.0800166801,0.0000000000,0.0271964893,0.1144715175,0.1188571975,0.1124189347,0.1065981984,0.0000000000,0.0247125644,0.0992177725,0.0966062769,0.0000000000,0.0000000000,0.0581840836,0.0602276139,0.1429766268,0.1808211803,0.1448919028,0.0277892947,0.2687487304,0.1663656235,0.0978848562,0.0934487358,0.1000411883,0.0967737511,0.0638025478,0.0639704987,0.3577629328,0.3577589393,0.1083973050,0.0000000000,0.0000000000,0.0198059361,0.3091498017,0.2846651375,0.2705508471,0.2695428431,0.0000022698,0.0573024862,0.2690550089,-0.0006879116,0.0137488274,0.0152231418,0.0002093099,0.0781091154,0.0151910977,0.0011854477
21:57:32:05.345,61,0.0623001233,0.0341827497,0.1281699687,0.0000000000,0.0000000000,0.2267981470,0.0000000000,0.0622284822,0.0343367159,0.0000000000,0.0224001538,0.0000000000,0.2264280766,0.0000000000,0.0886058584,0.0000000000,0.0325792767,0.1263238639,0.1316106170,0.1259177178,0.1251626313,0.0000000000,0.0264833998,0.0562898703,0.0566511266,0.0000000000,0.0000000000,0.0574125051,0.0593599342,0.1449853033,0.1844547391,0.1469114572,0.0312550515,0.2691534758,0.1655670553,0.0983415991,0.0937091112,0.1001103744,0.0970454738,0.0618427508,0.0625642538,0.3530629575,0.3530580401,0.1091243178,0.0000000000,0.0000000000,0.0235536918,0.3058604300,0.2813954353,0.2696616948,0.2688230276,0.0000266986,0.0568897687,0.2717840374,0.0022801654,0.0136804655,0.0209770706,0.0002870092,0.0782774836,0.0209452026,0.0016381019
21:57:32:06.345,61,0.0636130273,0.0484662093,0.1211254522,0.0000000000,0.0000000000,0.2132611722,0.0000000000,0.0635538697,0.0486485958,0.0000000000,0.0150502613,0.0000000000,0.2129136920,0.0000000000,0.0916327834,0.0000000000,0.0357284099,0.1302976459,0.1359479278,0.1371856332,0.1395075768,0.0000000000,0.0274792667,0.0410732776,0.0396540575,0.0000000000,0.0000000000,0.0563366562,0.0579045564,0.1456345767,0.1857933402,0.1477298439,0.0327239968,0.2698476017,0.1652877033,0.0991807356,0.0941919610,0.0998504311,0.0970338956,0.0607331283,0.0616339445,0.3572460711,0.3572438061,0.1097835675,0.0000000000,0.0000000000,0.0282220654,0.3038280904,0.2795477211,0.2716376781,0.2729442120,0.0000342671,0.0555013269,0.2748000324,0.0041287462,0.0091896225,0.0297189970,0.0002731829,0.0739588514,0.0296875108,0.0021942940
21:57:32:07.346,61,0.0094950125,0.0436821878,0.1321198791,0.0000000000,0.0000000000,0.2051755339,0.0000000000,0.0094834613,0.0438710563,0.0000000000,0.0260358676,0.0000000000,0.2047987729,0.0000000000,0.0932424366,0.0000000000,0.0390629284,0.1326956600,0.1385692358,0.1431597024,0.1503200978,0.0000000000,0.0281895008,0.0325317942,0.0267495122,0.0000000000,0.0000000000,0.0546921752,0.0557777435,0.1434787065,0.1822755486,0.1480438262,0.0336600617,0.2705608010,0.1653570384,0.0995843560,0.0944263041,0.0993719622,0.0968037620,0.0599762611,0.0609723851,0.3575364351,0.3575347662,0.1096259728,0.0000000000,0.0000000000,0.0316771269,0.2925530970,0.2671956122,0.2720225453,0.2738256156,0.0000444920,0.0539939553,0.2764887512,0.0053724018,0.0158986971,0.0268026944,0.0004262119,0.0806786492,0.0267710332,0.0021580206
21:57:32:08.346,61,0.0449287184,0.0586569272,0.1305926144,0.0000000000,0.0000000000,0.2005980909,0.0000000000,0.0448599644,0.0588887520,0.0000000000,0.0241118576,0.0000000000,0.2002224922,0.0000000000,0.0936709419,0.0000000000,0.0406241529,0.1336426288,0.1396947503,0.1482280791,0.1633357108,0.0000000000,0.0284013469,0.0157597400,0.0072574383,0.0000000000,0.0000000000,0.0516626053,0.0522762351,0.1374419779,0.1711437851,0.1477267891,0.0340560339,0.2855342031,0.1721208394,0.0999787748,0.0947252363,0.0954999775,0.0940428451,0.0597132035,0.0607133918,0.3595745265,0.3595732450,0.1092460677,0.0000000000,0.0000000000,0.0349515826,0.2820587158,0.2578837276,0.2725545168,0.2744005919,0.0000467799,0.0533084348,0.2742937505,0.0058128326,0.0147195663,0.0359769948,0.0005297752,0.0797231868,0.0359457023,0.0028638970
21:57:32:09.346,61,0.0500360243,0.0499131680,0.1213914454,0.0000000000,0.0000000000,0.1922762394,0.0000000000,0.0499427468,0.0501000397,0.0000000000,0.0151498951,0.0000000000,0.1919862181,0.0000000000,0.0932115093,0.0000000000,0.0416721590,0.1339585781,0.1401213855,0.1614298522,0.2281869799,0.0000000000,0.0284062196,0.0000000000,0.0000000000,0.0330642909,0.0578676239,0.0480783805,0.0482670590,0.1308607310,0.1627220213,0.1417410970,0.0342577063,0.2931272984,0.1767985970,0.1009388864,0.0953315198,0.0900260210,0.0896508992,0.0593500324,0.0603173897,0.3598101735,0.3598091304,0.1082295701,0.0000000000,0.0000000000,0.0457600169,0.2428786159,0.2257373333,0.2726216614,0.2743574381,0.0000286338,0.0521234386,0.2713190317,0.0059120208,0.0092502115,0.0306056831,0.0002831934,0.0741192922,0.0305741932,0.0022647651
21:57:32:10.347,61,0.0456224792,0.0528271198,0.1311019659,0.0000000000,0.0000000000,0.1798822731,0.0000000000,0.0454421490,0.0530420877,0.0000000000,0.0249529239,0.0000000000,0.1796583980,0.0000000000,0.0919923410,0.0000000000,0.0423324555,0.1337618083,0.1400417686,0.1675610542,0.2463933080,0.0000000000,0.0282897521,0.0000000000,0.0000000000,0.0501795262,0.0779585317,0.0443738215,0.0444791242,0.1281300038,0.1593324393,0.1332694441,0.0341540724,0.3014558554,0.1845522076,0.1012705564,0.0955491811,0.0856875330,0.0855488181,0.0590990745,0.0599974357,0.3565251529,0.3565202653,0.1076333374,0.0000000000,0.0000000000,0.0498550534,0.2282270193,0.2083403617,0.2680501938,0.2670752108,0.0000229136,0.0530006923,0.2708405852,0.0073403353,0.0152348746,0.0324053317,0.0004938449,0.0800438598,0.0323739424,0.0025894681
21:57:32:11.347,61,0.0271794237,0.0581169911,0.1371411681,0.0000000000,0.0000000000,0.1631603390,0.0000000000,0.0270450786,0.0583623089,0.0000000000,0.0307235662,0.0000000000,0.1629905999,0.0000000000,0.0858193263,0.0000000000,0.0427796841,0.1308677346,0.1367387325,0.1706616580,0.3105136752,0.0000000000,0.0281587150,0.0000000000,0.0000000000,0.0652008802,0.0949876979,0.0395863727,0.0396055840,0.1167467460,0.1472392827,0.1263735145,0.0338608585,0.3238033354,0.2050901055,0.1013944075,0.0955877379,0.0775083750,0.0775985047,0.0588821247,0.0596861392,0.3510790169,0.3510755599,0.1069813296,0.0000000000,0.0000000000,0.0605089888,0.2011676878,0.1817636639,0.2633099258,0.2597079873,0.0000154919,0.0550370254,0.2717274129,0.0083928648,0.0187560320,0.0356577821,0.0006690428,0.0837218687,0.0356264934,0.0029804856
21:57:32:12.347,61,0.0199126434,0.0764310881,0.1347664595,0.0000000000,0.0000000000,0.1456510872,0.0000000000,0.0198144373,0.0767298117,0.0000000000,0.0278619397,0.0000000000,0.1455424577,0.0000000000,0.0779378340,0.0000000000,0.0428672321,0.1169362292,0.1203054711,0.1719713360,0.3232786953,0.0000000000,0.0279955100,0.0000000000,0.0000000000,0.0746209696,0.1035484597,0.0364141576,0.0364769846,0.1100820154,0.1394069493,0.1208657846,0.0333571397,0.3431758285,0.2257332057,0.1015730277,0.0957388058,0.0712579116,0.0707654878,0.0587612912,0.0594758503,0.3500494957,0.3500467837,0.1064503193,0.0000000000,0.0000000000,0.0649871379,0.1841271669,0.1678897738,0.2596037090,0.2561336756,0.0000153329,0.0542825833,0.2735702395,0.0080370735,0.0170011986,0.0468783565,0.0007975340,0.0822342336,0.0468475297,0.0038509290
21:57:32:13.347,61,0.0162760783,0.0697013810,0.1342467666,0.0000000000,0.0000000000,0.1361862868,0.0000000000,0.0161899142,0.0699770302,0.0000000000,0.0275035594,0.0000000000,0.1360978633,0.0000000000,0.0746664777,0.0000000000,0.0430781804,0.1130551472,0.1157435179,0.1724209934,0.3301299810,0.0000000000,0.0280933287,0.0000000000,0.0000000000,0.0841728672,0.1107808799,0.0346991867,0.0347748399,0.1070936397,0.1362276077,0.1183735058,0.0328819714,0.3495643735,0.2323802859,0.1013493165,0.0954788625,0.0673774257,0.0671479553,0.0584781840,0.0591679886,0.3216886222,0.3216875792,0.1060739532,0.0000000000,0.0000000000,0.0673451498,0.1717065722,0.1575463265,0.2454389632,0.2456309199,0.0000127081,0.0534915701,0.2750226557,0.0080562197,0.0167856198,0.0427525640,0.0007180321,0.0819321945,0.0427215546,0.0034984704
21:57:32:14.347,61,0.0148658454,0.0814361870,0.1418191046,0.0000000000,0.0000000000,0.1292645782,0.0000000000,0.0147825433,0.0817740336,0.0000000000,0.0348240472,0.0000000000,0.1291864067,0.0000000000,0.0723744109,0.0000000000,0.0429324396,0.1106603146,0.1130454913,0.1722745150,0.3206001222,0.0000000000,0.0279942285,0.0000000000,0.0000000000,0.0899693370,0.1160100251,0.0334602632,0.0335614979,0.1052979380,0.1343317628,0.1160980985,0.0323308483,0.3526201546,0.2357038110,0.1010356620,0.0951816216,0.0650684088,0.0646246597,0.0582678951,0.0588889681,0.3133311868,0.3133285940,0.1059080064,0.0000000000,0.0000000000,0.0686120316,0.1645693183,0.1506992429,0.2386155874,0.2381258905,0.0000118533,0.0543995984,0.2776464820,0.0070547396,0.0212462619,0.0499642044,0.0010623565,0.0865249261,0.0499334931,0.0043186657
21:57:32:15.347,61,0.0136011913,0.0770182014,0.1416911483,0.0000000000,0.0000000000,0.1250195056,0.0000000000,0.0135225663,0.0773400664,0.0000000000,0.0348763987,0.0000000000,0.1249386519,0.0000000000,0.0709177032,0.0000000000,0.0429410078,0.1095893830,0.1118797138,0.1716905087,0.3026696742,0.0000000000,0.0281822458,0.0000000000,0.0000000000,0.0923556909,0.1179955900,0.0326043852,0.0327508040,0.1043058932,0.1335754693,0.1147948578,0.0318816900,0.3369038999,0.2262140363,0.1005145088,0.0946597308,0.0637331679,0.0632623285,0.0580163449,0.0586010739,0.2923050225,0.2923052907,0.1051427126,0.0000000000,0.0000000000,0.0689460263,0.1610341072,0.1473496854,0.2323068082,0.2313517630,0.0000089530,0.0529764667,0.2787906528,0.0064487127,0.0212810058,0.0472550690,0.0010063084,0.0864581913,0.0472242571,0.0040808506
21:57:32:16.347,61,0.0116053438,0.0798651353,0.1437571794,0.0000000000,0.0000000000,0.1206702963,0.0000000000,0.0115577802,0.0802036077,0.0000000000,0.0368466489,0.0000000000,0.1205900535,0.0000000000,0.0698202252,0.0000000000,0.0428319424,0.1089004949,0.1112483665,0.1668675840,0.2413202375,0.0000000000,0.0284170136,0.0000000000,0.0000000000,0.0514152907,0.0706655458,0.0321122818,0.0323243104,0.1036392674,0.1331191659,0.1139134020,0.0315080807,0.3153865337,0.2085034698,0.0999394134,0.0941461250,0.0630791485,0.0625405163,0.0578829050,0.0584504828,0.2845704854,0.2845715880,0.1049559414,0.0000000000,0.0000000000,0.0663499609,0.1597210020,0.1460221559,0.2293708175,0.2284373492,0.0000070741,0.0541029274,0.2804732323,0.0062750210,0.0224813242,0.0490059927,0.0011025091,0.0877115056,0.0489752516,0.0042935940
21:57:32:17.347,61,0.0107613169,0.0775090605,0.1411053240,0.0000000000,0.0000000000,0.1186946258,0.0000000000,0.0107215419,0.0778308436,0.0000000000,0.0342583023,0.0000000000,0.1186120734,0.0000000000,0.0685194135,0.0000000000,0.0428510681,0.1082153469,0.1106607094,0.1585863680,0.2231069803,0.0000000000,0.0289694425,0.0000000000,0.0000000000,0.0414339304,0.0589276254,0.0317941532,0.0321055502,0.1032112315,0.1331098676,0.1132508069,0.0311330538,0.3084427416,0.2030262053,0.0994704813,0.0936983973,0.0626351237,0.0620854460,0.0577832274,0.0583781153,0.2805343270,0.2805358469,0.1044690087,0.0000000000,0.0000000000,0.0637545511,0.1591579169,0.1453689784,0.2246300280,0.2245088965,0.0000036506,0.0554666705,0.2801454663,0.0061872383,0.0209035575,0.0475545712,0.0009947368,0.0860995129,0.0475237593,0.0040897760
21:57:32:18.348,61,0.0104580922,0.0742644519,0.1446783394,0.0000000000,0.0000000000,0.1177089736,0.0000000000,0.0104213804,0.0745854452,0.0000000000,0.0380180739,0.0000000000,0.1176249683,0.0000000000,0.0676014498,0.0000000000,0.0426658429,0.1076258421,0.1101714075,0.1526130289,0.2116450071,0.0000000000,0.0295385197,0.0000000000,0.0000000000,0.0362587571,0.0526788235,0.0316528417,0.0320799164,0.1030235738,0.1333010942,0.1127796248,0.0308741815,0.2979994416,0.1954779625,0.0991869643,0.0934456065,0.0624585934,0.0618880764,0.0574670993,0.0581054240,0.2784022689,0.2784039974,0.1040644497,0.0000000000,0.0000000000,0.0619091541,0.1591063291,0.1452908963,0.2212884575,0.2221783847,0.0000037327,0.0545898713,0.2791896462,0.0064850263,0.0231998172,0.0455739312,0.0010579441,0.0882878006,0.0455430821,0.0040184343
21:57:32:19.347,61,0.0104806628,0.0791994780,0.1464248598,0.0000000000,0.0000000000,0.1163041666,0.0000000000,0.0104427338,0.0795438737,0.0000000000,0.0396391936,0.0000000000,0.1162214726,0.0000000000,0.0668386668,0.0000000000,0.0423851088,0.1069646627,0.1096259356,0.1502473056,0.2067867219,0.0000000000,0.0300017633,0.0000000000,0.0000000000,0.0378566869,0.0527915545,0.0314750038,0.0320059955,0.1029492393,0.1335444748,0.1122095883,0.0305267964,0.2948643565,0.1930953860,0.0989000350,0.0932000577,0.0622638464,0.0616760105,0.0572765395,0.0579568371,0.2778497934,0.2778510749,0.1039934903,0.0000000000,0.0000000000,0.0608148873,0.1589607000,0.1451362669,0.2195569873,0.2208161205,0.0000033433,0.0559858568,0.2788682580,0.0076583042,0.0241856221,0.0486048125,0.0011763490,0.0893409327,0.0485740863,0.0043372684
21:57:32:20.348,61,0.0128865549,0.0862186626,0.1460805535,0.0000000000,0.0000000000,0.1154087037,0.0000000000,0.0128182834,0.0865876973,0.0000000000,0.0391574167,0.0000000000,0.1153260320,0.0000000000,0.0661763698,0.0000000000,0.0422541536,0.1058904529,0.1087551937,0.1488924772,0.2306633890,0.0000000000,0.0302503482,0.0000000000,0.0000000000,0.0406921841,0.0617086031,0.0312240347,0.0318224765,0.1024850234,0.1332530975,0.1118492037,0.0301487911,0.3259015679,0.2108824551,0.0990065634,0.0933226570,0.0618904606,0.0612949319,0.0573144145,0.0579795875,0.2815971375,0.2815977931,0.1039281338,0.0000000000,0.0000000000,0.0604162253,0.1593802869,0.1454019845,0.2192372978,0.2205505669,0.0000027945,0.0568370931,0.2773177028,0.0076119509,0.0238864440,0.0529085211,0.0012648561,0.0891114697,0.0528779887,0.0047101579
21:57:32:21.348,61,0.0690186918,0.1175294444,0.1429578960,0.0000000000,0.0000000000,0.1147534326,0.0000000000,0.0689633116,0.1179995090,0.0000000000,0.0348992050,0.0000000000,0.1146696582,0.0000000000,0.0657381788,0.0000000000,0.0422520265,0.1058855504,0.1088541374,0.1561501026,0.3032018542,0.0000000000,0.0306664016,0.0000000000,0.0000000000,0.0469170548,0.0701158494,0.0309280753,0.0315716341,0.1017682552,0.1327046305,0.1116717309,0.0299907513,0.3334029913,0.2150573283,0.0993632898,0.0936904252,0.0615652613,0.0609960221,0.0571902096,0.0578782558,0.2829265594,0.2829271555,0.1036318019,0.0000000000,0.0000000000,0.0618000142,0.1607702971,0.1459888518,0.2252847999,0.2271077633,0.0000032599,0.0563638769,0.2782264054,0.0075792992,0.0212633461,0.0720981359,0.0015355925,0.0871024802,0.0720683411,0.0062801903
21:57:32:22.348,61,0.1588377804,0.2250384986,0.1276160926,0.0000000000,0.0000000000,0.1130606532,0.0000000000,0.1587409079,0.2257472277,0.0000000000,0.0167793427,0.0000000000,0.1129840091,0.0000000000,0.0646063089,0.0000000000,0.0422356427,0.1071049571,0.1113647893,0.2073350549,0.4447512627,0.0000000000,0.0310376119,0.0000000000,0.0000000000,0.0488511659,0.0730546191,0.0305190980,0.0311863180,0.0968475491,0.1243634447,0.1110882759,0.0298974831,0.3432860970,0.2178522050,0.1076688394,0.1014737189,0.0611848570,0.0606808551,0.0571304597,0.0578743480,0.2837426662,0.2837428153,0.1059557796,0.0000000000,0.0000000000,0.0942948684,0.1665936261,0.1528724283,0.2427347749,0.2497804314,0.0000022264,0.0552114211,0.2761188745,0.0074855234,0.0101526082,0.1379083097,0.0014090482,0.0772193447,0.1378817111,0.0107040685
21:57:32:23.348,61,0.1862188578,0.2683977783,0.1206522956,0.0000000000,0.0000000000,0.1111771315,0.0000000000,0.1861120313,0.2691524327,0.0000000000,0.0090947654,0.0000000000,0.1111148745,0.0000000000,0.0635570958,0.0000000000,0.0421505012,0.1095750704,0.1148469076,0.2207887173,0.4833532572,0.0000000000,0.0307113864,0.0000000000,0.0000000000,0.0466632843,0.0742337927,0.0301344376,0.0307957139,0.0931283459,0.1180131659,0.1101076007,0.0299068075,0.3473712206,0.2193646580,0.1127404571,0.1065265015,0.0608520396,0.0603959970,0.0570781082,0.0577740632,0.2835129499,0.2835112810,0.1066661850,0.0000000000,0.0000000000,0.1027549058,0.1704256833,0.1562937051,0.2481241077,0.2562806010,0.0000016134,0.0542058870,0.2733881772,0.0067041707,0.0054807523,0.1644183546,0.0009093406,0.0727121457,0.1643931717,0.0120510291
21:57:32:24.349,61,0.1537690014,0.2397544086,0.1189796403,0.0000000000,0.0000000000,0.1074497625,0.0000000000,0.1537046731,0.2404204458,0.0000000000,0.0074249548,0.0000000000,0.1074045300,0.0000000000,0.0600600988,0.0000000000,0.0418989956,0.1119497195,0.1163621843,0.2201855481,0.6662339568,0.0000000000,0.0307934992,0.0000000000,0.0000000000,0.0463844873,0.0754180923,0.0295289587,0.0301985033,0.0802829191,0.1017012149,0.1044003516,0.0299720895,0.3498593271,0.2199126482,0.1148694977,0.1086170375,0.0569206215,0.0579692125,0.0562457778,0.0569604225,0.2831914425,0.2831864357,0.1059069261,0.0000000000,0.0000000000,0.1647092551,0.1681400687,0.1569948345,0.2517838478,0.2599809766,0.0000013485,0.0532035269,0.2708360851,0.0071585849,0.0044868188,0.1468660086,0.0006637381,0.0719010904,0.1468398124,0.0106249228
21:57:32:25.348,61,0.1318518668,0.2034916133,0.1266379207,0.0000000000,0.0000000000,0.1038798690,0.0000000000,0.1318630576,0.2041315436,0.0000000000,0.0155904600,0.0000000000,0.1038428321,0.0000000000,0.0556156598,0.0000000000,0.0417720638,0.1184548661,0.1204583719,0.2188487500,0.7496403456,0.0000000000,0.0315576382,0.0000000000,0.0000000000,0.0459239110,0.0765962377,0.0288297310,0.0295138657,0.0717513934,0.0924103335,0.1007606015,0.0302479435,0.3500430286,0.2132673711,0.1155890375,0.1093507037,0.0527570099,0.0551522337,0.0525464080,0.0533970855,0.2601938844,0.2600848377,0.0996152759,0.0000000000,0.0000000000,0.1869070828,0.1471160352,0.1434264779,0.2500489056,0.2529533505,0.0000006940,0.0540431440,0.2693620026,0.0072091836,0.0094497204,0.1247024834,0.0011845321,0.0767606199,0.1246749759,0.0096102841
21:57:32:26.349,61,0.1054653451,0.1725970060,0.1306201071,0.0000000000,0.0000000000,0.1017639935,0.0000000000,0.1054534167,0.1731775105,0.0000000000,0.0200707447,0.0000000000,0.1017303467,0.0000000000,0.0529250689,0.0000000000,0.0416019633,0.1207470223,0.1221180484,0.2186325938,0.7791349888,0.0000000000,0.0320718326,0.0000000000,0.0000000000,0.0454131179,0.0774926692,0.0281068757,0.0287831351,0.0681740493,0.0883651450,0.0959959328,0.0304961037,0.3495109379,0.2094084024,0.1153149381,0.1093499064,0.0502066873,0.0530119911,0.0493280739,0.0500290170,0.2419191748,0.2418361753,0.0922045410,0.0000000000,0.0000000000,0.1962897182,0.1355482042,0.1290803254,0.2360054851,0.2321436107,0.0000005752,0.0551367402,0.2702050805,0.0066819931,0.0121919764,0.1057960317,0.0012946641,0.0793472901,0.1057675481,0.0084147677
21:57:32:27.349,61,0.0913407356,0.1768933088,0.1377442777,0.0000000000,0.0000000000,0.0928012878,0.0000000000,0.0913376436,0.1775392741,0.0000000000,0.0268584210,0.0000000000,0.0927709267,0.0000000000,0.0511901043,0.0000000000,0.0415473990,0.1240943745,0.1248720065,0.2153866738,0.7946216464,0.0000000000,0.0337079354,0.0000000000,0.0000000000,0.0451671407,0.0823480263,0.0273567829,0.0280102901,0.0659587160,0.0859897509,0.0939381197,0.0307178106,0.3493503928,0.2079610825,0.1148821563,0.1090292037,0.0481865853,0.0511027388,0.0477347746,0.0484053046,0.2344335169,0.2343413383,0.0895773843,0.0000000000,0.0000000000,0.2001665086,0.1255068183,0.1184202135,0.2292925268,0.2251118422,0.0000006511,0.0546590090,0.2716880441,0.0077282959,0.0163104702,0.1084670573,0.0017760390,0.0836512819,0.1084386557,0.0090958867
21:57:32:28.349,61,0.0594647937,0.1517476887,0.1485941708,0.0000000000,0.0000000000,0.0894598216,0.0000000000,0.0594618320,0.1523763537,0.0000000000,0.0388159119,0.0000000000,0.0894218534,0.0000000000,0.0502602570,0.0000000000,0.0417083502,0.1256183833,0.1260502338,0.2141703218,0.6760602593,0.0000000000,0.0485154875,0.0000000000,0.0000000000,0.0485712253,0.1015617698,0.0267068502,0.0273348615,0.0650929511,0.0854424760,0.0927851126,0.0309589878,0.3482754230,0.2070568353,0.1143035963,0.1085187495,0.0472028889,0.0500514954,0.0465656370,0.0471985191,0.2296900153,0.2296093553,0.0883769169,0.0000000000,0.0000000000,0.1533144265,0.1211172268,0.1127706021,0.2152505517,0.2095465362,0.0000006817,0.0543761179,0.2735039890,0.0073360451,0.0236086305,0.0931074545,0.0022043050,0.0903802514,0.0930783972,0.0084251454
21:57:32:29.349,61,0.0395675823,0.1224641353,0.1519370824,0.0000000000,0.0000000000,0.0877676457,0.0000000000,0.0395693742,0.1229973882,0.0000000000,0.0433049649,0.0000000000,0.0877229348,0.0000000000,0.0502301082,0.0000000000,0.0421801321,0.1266779304,0.1267649084,0.2087527066,0.5252802372,0.0000000000,0.0580803379,0.0000000000,0.0000000000,0.0982111022,0.1430018395,0.0260930154,0.0267038196,0.0657783300,0.0953728557,0.0927355736,0.0312274322,0.3475147784,0.2068118453,0.1125684157,0.1069013253,0.0468361825,0.0495425537,0.0457483791,0.0464118123,0.2173283398,0.2173054665,0.0875016302,0.0000000000,0.0000000000,0.1245198995,0.1185798794,0.1090498641,0.2087373734,0.2029414028,0.0000006201,0.0553240292,0.2749991417,0.0077244379,0.0263788439,0.0751610249,0.0019861702,0.0925527588,0.0751312450,0.0069566639
21:57:33:00.349,61,0.0440277606,0.1475877017,0.1657889783,0.0000000000,0.0000000000,0.0866697654,0.0000000000,0.0440254807,0.1483029276,0.0000000000,0.0566415787,0.0000000000,0.0866215080,0.0000000000,0.0505443029,0.0000000000,0.0424905755,0.1265886575,0.1266449988,0.1728923172,0.3209726512,0.0000000000,0.0504733548,0.0000000000,0.0000000000,0.1104882509,0.1499048620,0.0258026514,0.0264145136,0.0858727992,0.1263282895,0.0929877460,0.0311989207,0.3005805910,0.2014043033,0.0972993523,0.0931508318,0.0470210835,0.0494738780,0.0453870483,0.0460552052,0.2032879889,0.2032861859,0.0875786617,0.0000000000,0.0000000000,0.0680645406,0.1151131541,0.1039173156,0.1850350499,0.1872813255,0.0000012140,0.0567469746,0.2749181390,0.0080223763,0.0344584323,0.0906470641,0.0031315093,0.1008620039,0.0906179920,0.0091492273
21:57:33:01.349,61,0.2434621304,0.3147707582,0.1240596175,0.0000000000,0.0000000000,0.0864363760,0.0000000000,0.2433513254,0.3156849146,0.0000000000,0.0118874321,0.0000000000,0.0863808915,0.0000000000,0.0510860644,0.0000000000,0.0427742228,0.1246967837,0.1262318790,0.1655958295,0.2625594437,0.0000000000,0.0443868563,0.0000000000,0.0000000000,0.1080023721,0.1436317414,0.0256772470,0.0263174139,0.0932553560,0.1357631981,0.0942465588,0.0310051367,0.2971959710,0.1996853203,0.0929376408,0.0891288593,0.0485041738,0.0498230271,0.0455475003,0.0461748652,0.1989302039,0.1989370286,0.0923712775,0.0000000000,0.0000000000,0.0510501005,0.1140350029,0.1020869762,0.1791471541,0.1827496141,0.0000016708,0.0590168759,0.2753576934,0.0087250536,0.0071270140,0.1928458959,0.0013916980,0.0743844435,0.1928224117,0.0145090250
21:57:33:02.349,61,0.2253258377,0.3065454960,0.1199899614,0.0000000000,0.0000000000,0.0863261446,0.0000000000,0.2253235728,0.3073871732,0.0000000000,0.0077910125,0.0000000000,0.0862681866,0.0000000000,0.0516545288,0.0000000000,0.0428151935,0.1211151779,0.1235053465,0.1614507437,0.2435712218,0.0000000000,0.0422764756,0.0000000000,0.0000000000,0.1090026274,0.1423798651,0.0255580489,0.0262499675,0.0968304276,0.1405681074,0.0951005071,0.0307214204,0.2998739779,0.1988866478,0.0904043689,0.0868141726,0.0492335409,0.0500825606,0.0457583256,0.0464294665,0.1972370446,0.1972491294,0.0940191299,0.0000000000,0.0000000000,0.0437094234,0.1130575612,0.1008856073,0.1762115508,0.1806400269,0.0000020343,0.0586495623,0.2738193572,0.0103024049,0.0046756030,0.1877742112,0.0008884206,0.0720140934,0.1877504140,0.0136691434
21:57:33:03.350,61,0.1247808710,0.2218638211,0.1272946447,0.0000000000,0.0000000000,0.0865366384,0.0000000000,0.1247801408,0.2225606889,0.0000000000,0.0164417308,0.0000000000,0.0864768699,0.0000000000,0.0519897677,0.0000000000,0.0426118001,0.1064430922,0.1083182171,0.1347711235,0.1990090758,0.0000000000,0.0406615064,0.0000000000,0.0000000000,0.1103604436,0.1418043822,0.0254233275,0.0261531267,0.0988526940,0.1427670270,0.0957261994,0.0302908681,0.2990761697,0.1981400847,0.0859566256,0.0828171596,0.0495482869,0.0500886887,0.0456852540,0.0464051403,0.1957578063,0.1957718432,0.0945054963,0.0000000000,0.0000000000,0.0398320556,0.1097036153,0.0986552462,0.1675611287,0.1698086709,0.0000019872,0.0580416359,0.2713608444,0.0100810509,0.0099510001,0.1359613538,0.0013613270,0.0770454109,0.1359346658,0.0105273174
21:57:33:04.350,61,0.0534074865,0.1194017678,0.1452997178,0.0000000000,0.0000000000,0.0874592662,0.0000000000,0.0533835925,0.1198900789,0.0000000000,0.0370559730,0.0000000000,0.0873957425,0.0000000000,0.0522439443,0.0000000000,0.0422903709,0.0988890305,0.1000944749,0.1264025420,0.1863991022,0.0000000000,0.0377681740,0.0000000000,0.0000000000,0.1155658290,0.1438668221,0.0252450574,0.0259733722,0.0997146145,0.1411773711,0.0964671969,0.0297699366,0.3065907061,0.2081659883,0.0841166824,0.0810681060,0.0495599955,0.0498659350,0.0457851179,0.0464831702,0.1989543289,0.1989617497,0.0952525064,0.0000000000,0.0000000000,0.0398173071,0.1083182991,0.0975019857,0.1622910649,0.1597685814,0.0000013408,0.0575981736,0.2681301832,0.0111789834,0.0225755163,0.0732553825,0.0016566005,0.0885219350,0.0732256249,0.0064851162
21:57:33:05.350,61,0.0160829574,0.0722243637,0.1328909695,0.0000000000,0.0000000000,0.0881993771,0.0000000000,0.0160840377,0.0725045428,0.0000000000,0.0257439651,0.0000000000,0.0881360397,0.0000000000,0.0523247905,0.0000000000,0.0418690778,0.0953809470,0.0964338258,0.1221362278,0.2022725046,0.0000000000,0.0353148095,0.0000000000,0.0000000000,0.1171194315,0.1447187662,0.0250330456,0.0257364493,0.1000531092,0.1393608302,0.0968158841,0.0293001495,0.3081681728,0.2104732394,0.0826989412,0.0792604685,0.0495123863,0.0496773161,0.0455653109,0.0461925380,0.1930602640,0.1930599809,0.0948642120,0.0000000000,0.0000000000,0.0421957038,0.1061019748,0.0957315043,0.1514704078,0.1447352618,0.0000007687,0.0530437566,0.2630473673,0.0098059038,0.0157106705,0.0442959741,0.0006963464,0.0810993239,0.0442649387,0.0035882511
21:57:33:06.350,61,0.0000070309,0.0339220911,0.1279700100,0.0000000000,0.0000000000,0.0893272758,0.0213226844,0.0000130985,0.0340760238,0.0000000000,0.0208934229,0.0000000000,0.0892710686,0.0213537253,0.0527631938,0.0000000000,0.0398872420,0.0939962789,0.0950550810,0.1201765314,0.2045714706,0.0000000000,0.0279683787,0.0000000000,0.0000000000,0.1244371384,0.1584980488,0.0248354748,0.0254855901,0.1025297344,0.1390984207,0.0972121209,0.0288734492,0.2959905863,0.2019628286,0.0745493174,0.0710674748,0.0497860350,0.0497701019,0.0452927500,0.0457766913,0.1811858118,0.1811316758,0.0944872573,0.0000000000,0.0000000000,0.0427501313,0.1045819446,0.0943353251,0.1434415430,0.1348354518,0.0000002707,0.0467725210,0.2552820146,0.0100514730,0.0127603011,0.0208175536,0.0002656694,0.0781556219,0.0207852870,0.0016230660
21:57:33:07.350,61,0.0000000000,0.0000000000,0.1584252417,0.0000000000,0.0317579955,0.0970351622,0.0493488871,0.0000000000,0.0000000000,0.0000000000,0.0528957546,0.0318135694,0.0970041752,0.0494048931,0.0530306399,0.0000000000,0.0347476564,0.0933232307,0.0945507735,0.1176535785,0.1847245991,0.0000000000,0.0230040774,0.0000000000,0.0000000000,0.1265188754,0.1617054194,0.0246314853,0.0252261814,0.1046641693,0.1389969736,0.0971798450,0.0284911171,0.2424911708,0.1623400003,0.0667504594,0.0636618510,0.0502279699,0.0500343032,0.0445859022,0.0443053432,0.1739381850,0.1738887727,0.0922821015,0.0000000000,0.0000000000,0.0427785851,0.1018941030,0.0921767429,0.1305943280,0.1225418225,0.0000002829,0.0425791591,0.2473990619,0.0104657244,0.0323090665,-0.0138885360,-0.0004486764,0.0967671573,-0.0139221763,-0.0013451942
21:57:33:08.350,61,0.0000000000,0.0000000000,0.1573692262,0.0000000000,0.0497270375,0.1021370962,0.0705963299,0.0000000000,0.0000000000,0.0000000000,0.0518806204,0.0498546287,0.1021201760,0.0706756711,0.0535982475,0.0000000000,0.0330577418,0.1111756563,0.1185524762,0.1409325153,0.2387577444,0.0000000000,0.0207206253,0.0000000000,0.0000000000,0.1275668740,0.1634124219,0.0245102905,0.0250333846,0.1140722781,0.1461375654,0.0970487073,0.0282827355,0.2316245884,0.1517034173,0.0636590272,0.0605538189,0.0519156680,0.0512434207,0.0439158082,0.0432767905,0.1680918187,0.1680564880,0.0896955207,0.0000000000,0.0000000000,0.0429631509,0.1005464271,0.0909930542,0.1261142045,0.1180307791,0.0000002319,0.0411387570,0.2400431931,0.0102004772,0.0316845663,-0.0217641126,-0.0006895798,0.0961086974,-0.0217981227,-0.0020920942
21:57:33:09.351,61,0.0000000000,0.0000000000,0.1786360741,0.0000000000,0.0107723065,0.1043787375,0.0826272666,0.0000000000,0.0000000000,0.0000000000,0.0725251138,0.0107496157,0.1043677852,0.0827360600,0.0543494821,0.0000000000,0.0321531184,0.1227081046,0.1391176283,0.2679669857,0.2535379827,0.0000000000,0.0178500190,0.0000000000,0.0000000000,0.1268385798,0.1639932692,0.0245452486,0.0250002872,0.1353398860,0.1661494970,0.0838514268,0.0279080514,0.2331177294,0.1593392044,0.0607342459,0.0577718131,0.0987235308,0.0911427662,0.0653075203,0.0615015291,0.1659173071,0.1658815145,0.0878630206,0.0000000000,0.0000000000,0.0426431820,0.0999692753,0.0905584469,0.1251624376,0.1166260242,0.0000001850,0.0443161428,0.2349030524,0.0098092165,0.0443025939,-0.0046950118,-0.0002079346,0.1091213673,-0.0047284300,-0.0005149532
21:57:33:10.351,61,0.0000000000,0.0312508866,0.1587556899,0.0000000000,0.0000000000,0.1047489196,0.1090386584,0.0000000000,0.0314368419,0.0000000000,0.0507133938,0.0000000000,0.1047420129,0.1091721058,0.0830081999,0.0000000000,0.0336808339,0.2410120666,0.1508208513,0.3992640376,0.2699107826,0.0000000000,0.0164342821,0.0000000000,0.0000000000,0.1165189445,0.1583658308,0.0254247561,0.0254420489,0.1624415815,0.1958517730,0.0726741999,0.0277722199,0.2031578422,0.1578933299,0.0561146177,0.0534875318,0.1740903705,0.1647979021,0.0987681821,0.1003961042,0.1609312892,0.1608727425,0.0875156224,0.0000000000,0.0000000000,0.0413915776,0.0998396575,0.0906903744,0.1247424632,0.1163619980,0.0000001647,0.0433566011,0.2337263674,0.0095455041,0.0309733376,0.0192128923,0.0005950654,0.0969606191,0.0191801824,0.0018570351
21:57:33:11.351,61,0.0000000000,0.0203643851,0.1753789783,0.0000000000,0.0000000000,0.1049541235,0.1175337508,0.0000000000,0.0205184333,0.0000000000,0.0675324947,0.0000000000,0.1049495637,0.1177050397,0.1588698179,0.0000000000,0.0343734697,0.2971802652,0.1536236405,0.4424965084,0.2445802689,0.0000000000,0.0134893078,0.0000000000,0.0000000000,0.1231327653,0.1577507854,0.0278777685,0.0271788742,0.2113436610,0.2289488316,0.0663921013,0.0277695097,0.1766893864,0.1522479355,0.0539107695,0.0514646620,0.2983321846,0.2819284201,0.1483439654,0.1421799213,0.1571414918,0.1570100635,0.0873731896,0.0000000000,0.0000000000,0.0372628421,0.1000122726,0.0911030397,0.1245546639,0.1165146977,0.0000021324,0.0455398336,0.2310542315,0.0093524419,0.0412500128,0.0125446701,0.0005173482,0.1071245894,0.0125116203,0.0013378093
21:57:33:12.351,61,0.0000000000,0.0182426013,0.1588966697,0.0000000000,0.0000000000,0.1048694625,0.1215575412,0.0000000000,0.0183742493,0.0000000000,0.0508439466,0.0000000000,0.1048687473,0.1217475161,0.1812588573,0.0000000000,0.0342040472,0.3378557861,0.1355450898,0.4692242146,0.2391337454,0.0000000000,0.0112279169,0.0000000000,0.0000000000,0.1356827766,0.1576083153,0.0293943714,0.0282773655,0.2308914214,0.2415257394,0.0624676459,0.0275575407,0.1673579365,0.1505835503,0.0524850339,0.0501696318,0.3652186990,0.3417688310,0.1946175545,0.1959145665,0.1511361897,0.1509700269,0.0877215117,0.0000000000,0.0000000000,0.0331842341,0.0998281911,0.0915122181,0.1243801489,0.1167543754,0.0000023391,0.0505414605,0.2309494615,0.0103253908,0.0310568437,0.0112296054,0.0003487147,0.0970584080,0.0111964708,0.0010850511
21:57:33:13.351,61,0.0000000000,0.0000000000,0.1711806208,0.0000000000,0.0107837738,0.1048097089,0.1273597777,0.0000000000,0.0000000000,0.0000000000,0.0638960078,0.0107574221,0.1048177481,0.1275450140,0.1926294267,0.0000000000,0.0134515362,0.4670512378,0.1368176639,0.4816137850,0.2366907597,0.0000000000,0.0093954066,0.0000000000,0.0000000000,0.1875629425,0.1695360988,0.0303890202,0.0291111525,0.3039992750,0.2924669385,0.0605988503,0.0271792989,0.1626093090,0.1496038437,0.0460762903,0.0447672643,0.3922233880,0.3662471771,0.1960535198,0.1899242699,0.1319011748,0.1315611750,0.0879640728,0.0000000000,0.0000000000,0.0287563857,0.0896119773,0.0904929861,0.1208398417,0.1163372472,0.0000087550,0.0452631526,0.2304814756,0.0112956464,0.0390314236,-0.0046973885,-0.0001833006,0.1045671403,-0.0047311517,-0.0004938256
21:57:33:14.351,61,0.0000000000,0.0000000000,0.1667324454,0.0000000000,0.0270204507,0.1029225886,0.1622940600,0.0000000000,0.0000000000,0.0000000000,0.0597121939,0.0270651914,0.1029483229,0.1624631882,0.1989848316,0.0000000000,0.0071652299,0.6337683201,0.1472174972,0.4387097061,0.2304065078,0.0000000000,0.0022230516,0.0000000000,0.0000000000,0.2016837597,0.1748302579,0.0327567048,0.0317449234,0.3712397218,0.3567685485,0.0600748397,0.0266015138,0.1604679376,0.1491305083,0.0387313291,0.0376472808,0.4063722789,0.3788930476,0.1716926545,0.1645711958,0.0878252685,0.0874622837,0.0891398937,0.0000000000,0.0000000000,0.0244061854,0.0777215511,0.0835879967,0.1037891433,0.1028304547,0.0001464730,0.0376642086,0.2259835750,0.0073670177,0.0364735611,-0.0118172755,-0.0004309426,0.1018439606,-0.0118513089,-0.0012049546
21:57:33:15.351,61,0.0000000000,0.0000000000,0.1561890692,0.0000000000,0.0457639471,0.1016152203,0.1989806294,0.0000000000,0.0000000000,0.0000000000,0.0491320789,0.0458734185,0.1016489789,0.1991627067,0.2004876286,0.0000000000,0.0032861349,0.7209385633,0.1495493501,0.4288079441,0.2169706374,0.0036632344,0.0000000000,0.0000000000,0.0000000000,0.2076216638,0.1790119708,0.0354350954,0.0349507146,0.3952760994,0.3831894398,0.0601351671,0.0260108914,0.1589694470,0.1473025233,0.0339340344,0.0328347795,0.4145080745,0.3855569959,0.1634127945,0.1544653624,0.0660890117,0.0657543018,0.0896925032,0.0000000000,0.0000000000,0.0218797233,0.0712412372,0.0779616460,0.0983654559,0.0969385952,0.0003471535,0.0352001265,0.2211199105,0.0061085667,0.0300070681,-0.0200250708,-0.0006008837,0.0953914002,-0.0200594980,-0.0019108570
21:57:33:16.351,61,0.0000000000,0.0000000000,0.1567752212,0.0000000000,0.0545389839,0.0998428762,0.2467863709,0.0000000000,0.0000000000,0.0000000000,0.0494569540,0.0546854585,0.0998762026,0.2469533086,0.1879104823,0.0000000000,0.0016011021,0.7580927610,0.1506707668,0.4348418415,0.2131269872,0.0062710107,0.0000000000,0.0000000000,0.0000000000,0.2113405317,0.1936729550,0.0373554081,0.0368419625,0.4058950245,0.3955430984,0.0605027154,0.0256223492,0.1559198052,0.1412421912,0.0309435744,0.0297947563,0.4181165695,0.3885394335,0.1434641480,0.1392475665,0.0499231964,0.0497230217,0.0920517072,0.0000000000,0.0000000000,0.0203720294,0.0675766543,0.0741422772,0.0939715728,0.0918411016,0.0004054460,0.0294147749,0.2160239965,0.0053984779,0.0302029345,-0.0238719210,-0.0007210293,0.0957413316,-0.0239066258,-0.0022857885
21:57:33:17.351,61,0.0000000000,0.0000000000,0.1621461213,0.0000000000,0.0865701586,0.0979409218,0.2787152231,0.0000000000,0.0000000000,0.0000000000,0.0553040728,0.0868657827,0.0979729444,0.2788844407,0.1793036014,0.0000000000,0.0004497569,0.8039120436,0.1507850885,0.4574111998,0.2234346867,0.0080761034,0.0000000000,0.0000000000,0.0000000000,0.2234302163,0.2167843580,0.0385488495,0.0380686410,0.4093936384,0.4019216597,0.0638735220,0.0254315697,0.1541929841,0.1376942545,0.0292183887,0.0280471426,0.4215497673,0.3906549215,0.1370625049,0.1337587237,0.0394298695,0.0393014364,0.0940134376,0.0000000000,0.0000000000,0.0193407182,0.0654420406,0.0718704015,0.0921076611,0.0897006318,0.0004458341,0.0292462744,0.2109611481,0.0061003217,0.0337590724,-0.0379239656,-0.0012806481,0.0989785343,-0.0379592255,-0.0037528025
21:57:33:18.351,61,0.0000000000,0.0000000000,0.1557503045,0.0000000000,0.0922144353,0.0959120244,0.2908341587,0.0000000000,0.0000000000,0.0000000000,0.0486507267,0.0925108567,0.0959407166,0.2910101414,0.1759495288,0.0000728266,0.0000000000,0.8271380663,0.1503010094,0.4638526142,0.2259166390,0.0094993236,0.0000000000,0.0000000000,0.0000000000,0.2480450273,0.2460146993,0.0404328071,0.0397911780,0.4126210809,0.4174057245,0.0670197979,0.0255080797,0.1504743248,0.1323419958,0.0279994067,0.0267992318,0.4285227954,0.3960748315,0.1310009807,0.1267542839,0.0273479540,0.0272695739,0.1038014591,0.0000000000,0.0000000000,0.0185732711,0.0640992895,0.0704834014,0.0910842940,0.0884090215,0.0003283738,0.0288613625,0.2081638277,0.0072922348,0.0296948235,-0.0403832868,-0.0011996500,0.0950652137,-0.0404187329,-0.0038387026
21:57:33:19.352,61,0.0000000000,0.0000000000,0.1564924121,0.0000000000,0.0655696541,0.0908867046,0.2974202633,0.0000000000,0.0000000000,0.0000000000,0.0489980765,0.0657605678,0.0909109339,0.2976462543,0.1712341011,0.0009716754,0.0000000000,0.8514823318,0.1464943886,0.4667235315,0.2273586094,0.0112769250,0.0000000000,0.0000000000,0.0000000000,0.2558690310,0.2556136847,0.0430290103,0.0423364155,0.4321921766,0.4311821163,0.0710872263,0.0257317703,0.1474208534,0.1274737716,0.0270667821,0.0258487146,0.4371292889,0.4004640281,0.1263642311,0.1215998456,0.0183174852,0.0182587393,0.1113470420,0.0000000000,0.0000000000,0.0179714058,0.0630830675,0.0695224404,0.0908357725,0.0878737420,0.0001403729,0.0277309492,0.2048684359,0.0086449031,0.0299188960,-0.0287063066,-0.0008589688,0.0955565423,-0.0287413131,-0.0027429913
21:57:33:20.352,61,0.0000000000,0.0000000000,0.1648247391,0.0000000000,0.0600614622,0.0878363922,0.3001609743,0.0000000000,0.0000000000,0.0000000000,0.0572759919,0.0602501296,0.0878562257,0.3004240692,0.1535283774,0.0019010880,0.0000000000,0.8738663793,0.1166586652,0.4205007553,0.2174174339,0.0126478430,0.0000000000,0.0000000000,0.0000000000,0.2612689734,0.2609026432,0.0463396423,0.0452099182,0.4857845902,0.4817140996,0.0728321746,0.0258273091,0.1419528723,0.1223236993,0.0262253080,0.0250002909,0.4841637611,0.4449655116,0.1240685284,0.1192009076,0.0136847561,0.0136356000,0.1144433990,0.0000000000,0.0000000000,0.0174525678,0.0619662032,0.0686796680,0.0910887495,0.0877751634,0.0001404257,0.0279930718,0.2040220797,0.0078000184,0.0349758156,-0.0263051689,-0.0009200692,0.1006510258,-0.0263400916,-0.0026472893
21:57:33:21.352,61,0.0000000000,0.0000000000,0.1701233834,0.0000000000,0.1011227071,0.0867695287,0.3131712377,0.0000000000,0.0000000000,0.0000000000,0.0634883568,0.1015127897,0.0867870450,0.3136808574,0.1447385550,0.0027014322,0.0000000000,0.8821949959,0.1054464355,0.3890303075,0.2033820301,0.0136564625,0.0000000000,0.0000000000,0.0000000000,0.2641716301,0.2637380064,0.0487127341,0.0471818820,0.5013766289,0.4964933991,0.0737535506,0.0257739387,0.1391339302,0.1201763824,0.0254665222,0.0242362674,0.4968757331,0.4569268823,0.1228613108,0.1180081218,0.0103263678,0.0102826403,0.1168703884,0.0000000000,0.0000000000,0.0169894937,0.0612755120,0.0681117550,0.0914692804,0.0877856389,0.0001270393,0.0287241377,0.2015632242,0.0050498103,0.0387447812,-0.0443266034,-0.0017181184,0.1038209647,-0.0443621278,-0.0046004346
21:57:33:22.353,61,0.0000000000,0.0000000000,0.1704820991,0.0000000000,0.0953430161,0.0861528516,0.3383502960,0.0000000000,0.0000000000,0.0000000000,0.0638157725,0.0957079232,0.0861685649,0.3389250040,0.1378593743,0.0033358433,0.0000000000,0.8867218494,0.0954207182,0.3587803245,0.1849820763,0.0144454166,0.0000000000,0.0000000000,0.0000000000,0.2655805051,0.2648566365,0.0507603809,0.0488364100,0.5114539266,0.5080574155,0.0740425810,0.0255340766,0.1352862716,0.1186761782,0.0247269701,0.0235083979,0.5036602616,0.4635629654,0.1223630086,0.1176755950,0.0073080715,0.0072731297,0.1184622347,0.0000000000,0.0000000000,0.0165377520,0.0606384762,0.0675915852,0.0920370221,0.0879916698,0.0001483925,0.0285723396,0.2015142888,0.0038754377,0.0389488377,-0.0417921729,-0.0016282916,0.1040511727,-0.0418275893,-0.0043468690
21:57:33:23.353,61,0.0000000000,0.0000000000,0.1682565063,0.0000000000,0.0928233862,0.0860468149,0.3451856673,0.0000000000,0.0000000000,0.0000000000,0.0615496784,0.0931684300,0.0860610604,0.3458112478,0.1346919090,0.0038129995,0.0000000000,0.8912234902,0.0886185244,0.3410414159,0.1762755513,0.0150459930,0.0000000000,0.0000000000,0.0000000000,0.2677985728,0.2664795518,0.0570036098,0.0543462001,0.5379782915,0.5374061465,0.0740557015,0.0253397264,0.1310772896,0.1168975532,0.0240791459,0.0228707381,0.5403720737,0.5133406520,0.1222193763,0.1177983508,0.0057044066,0.0056716553,0.1196351200,0.0000000000,0.0000000000,0.0161175765,0.0602023154,0.0673131570,0.0942861512,0.0884893313,0.0001635978,0.0295734759,0.2040665895,0.0028667666,0.0375674814,-0.0406811126,-0.0015287698,0.1026974693,-0.0407164916,-0.0041764188
21:57:33:24.352,61,0.0000000000,0.0000000000,0.1641838849,0.0000000000,0.0879217982,0.0860552937,0.3489902318,0.0000000000,0.0000000000,0.0000000000,0.0574102215,0.0882303491,0.0860682949,0.3496434987,0.1331519037,0.0040651839,0.0000000000,0.8942005634,0.0848748311,0.3339346349,0.1721500307,0.0154288020,0.0000000000,0.0000000000,0.0000000000,0.2781739831,0.2744939029,0.0602447614,0.0574383251,0.5464606285,0.5469658971,0.0739502758,0.0251215119,0.1292245090,0.1160062104,0.0234996211,0.0223041195,0.5521664023,0.5275126696,0.1241930947,0.1222521365,0.0050721215,0.0050407150,0.1203834414,0.0000000000,0.0000000000,0.0157220624,0.0599594973,0.0672453642,0.0986304507,0.0902162790,0.0001312934,0.0319432504,0.2054595053,0.0039969669,0.0350439176,-0.0385214090,-0.0013503321,0.1002201885,-0.0385566913,-0.0038595872
21:57:33:25.353,61,0.0000000000,0.0000000000,0.1645912975,0.0000000000,0.0796250179,0.0859001279,0.3508927822,0.0000000000,0.0000000000,0.0000000000,0.0577631183,0.0798986480,0.0859120339,0.3515851796,0.1310299337,0.0045911940,0.0000000000,0.9033238888,0.0791089311,0.3277809322,0.1693942547,0.0158897396,0.0000000000,0.0000000000,0.0000000000,0.2813190222,0.2770422697,0.0636745691,0.0606835596,0.5567558408,0.5541699529,0.0736979693,0.0248718951,0.1255896688,0.1140999869,0.0229469929,0.0217691232,0.5752103329,0.5439387560,0.1262178123,0.1257407516,0.0041805068,0.0041479347,0.1218241453,0.0000000000,0.0000000000,0.0153278941,0.0596808493,0.0671767965,0.1022525653,0.0923982188,0.0001093964,0.0328272991,0.2084368467,0.0047777579,0.0352640338,-0.0348840579,-0.0012303962,0.1004822329,-0.0349191763,-0.0035042656
21:57:33:26.353,61,0.0000000000,0.0000000000,0.1571196467,0.0000000000,0.0780194849,0.0857033730,0.3524887562,0.0000000000,0.0000000000,0.0000000000,0.0503318757,0.0782626420,0.0857144296,0.3532212377,0.1303802580,0.0050314534,0.0000000000,0.9059480429,0.0769033507,0.3252217174,0.1679735035,0.0164587982,0.0000000000,0.0000000000,0.0000000000,0.2825998962,0.2782846689,0.0652186722,0.0621808060,0.5602175593,0.5571527481,0.0734183341,0.0245652404,0.1243315637,0.1134680882,0.0224768873,0.0213148389,0.5805659890,0.5478855371,0.1321681142,0.1303860396,0.0038571067,0.0038240072,0.1227248311,0.0000000000,0.0000000000,0.0149601046,0.0595403314,0.0672282726,0.1045702249,0.0940466449,0.0000886933,0.0375952236,0.2106454521,0.0064008748,0.0307280663,-0.0341646560,-0.0010500567,0.0959231704,-0.0341997035,-0.0032767809
21:57:33:27.353,61,0.0000000000,0.0000000000,0.1392614394,0.0000000000,0.0514301695,0.0854164138,0.3530941606,0.0000000000,0.0000000000,0.0000000000,0.0318477079,0.0515276603,0.0854267180,0.3538399935,0.1315448135,0.0054013999,0.0000000000,0.9071140885,0.0758318156,0.3291335702,0.1674021035,0.0167234782,0.0000000000,0.0000000000,0.0000000000,0.2843548954,0.2794041634,0.0661495924,0.0631583929,0.5606336594,0.5584524274,0.0732671693,0.0243340209,0.1238687709,0.1133707464,0.0220740773,0.0209258646,0.5785795450,0.5482825041,0.1361492872,0.1351014823,0.0040116226,0.0039783679,0.1232404113,0.0000000000,0.0000000000,0.0146452021,0.0594973154,0.0674063936,0.1073285118,0.0967293903,0.0000882491,0.0392561629,0.2124366611,0.0064582354,0.0194497406,-0.0224874374,-0.0004374210,0.0850485042,-0.0225220621,-0.0019134808
21:57:33:28.353,61,0.0000000000,0.0000000000,0.1384409964,0.0000000000,0.0495702960,0.0849025175,0.3479698896,0.0000000000,0.0000000000,0.0000000000,0.0309956316,0.0496598519,0.0849125087,0.3486008644,0.1464457959,0.0055445735,0.0000000000,0.8723839521,0.0779662356,0.3302878439,0.1666818559,0.0170060620,0.0000000000,0.0000000000,0.0000000000,0.2608211040,0.2480239570,0.0661604106,0.0632485300,0.5099198818,0.5117215514,0.0728667155,0.0239681099,0.1239709854,0.1136320904,0.0217073373,0.0205721296,0.5105491877,0.4805463552,0.1386932582,0.1380171329,0.0045182491,0.0044863913,0.1233502477,0.0000000000,0.0000000000,0.0143037057,0.0593395531,0.0674036816,0.1083751321,0.0978362709,0.0000692326,0.0383161716,0.2145919949,0.0059306491,0.0189297106,-0.0216720812,-0.0004102859,0.0845489651,-0.0217066742,-0.0018333769
21:57:33:29.353,61,0.0000000000,0.0000000000,0.1381537020,0.0000000000,0.0400092900,0.0845506042,0.3107726872,0.0000000000,0.0000000000,0.0000000000,0.0307001006,0.0400663167,0.0845605731,0.3111676276,0.1966458708,0.0051436219,0.0000000000,0.7784117460,0.1047792584,0.3689448833,0.1666844189,0.0168253779,0.0000000000,0.0000000000,0.0000000000,0.2449914813,0.2386228144,0.0631160885,0.0619722754,0.4499814212,0.4822450578,0.0722278729,0.0234785043,0.1301013827,0.1197745800,0.0215075966,0.0203661267,0.4822873771,0.4543593824,0.1523626298,0.1468300074,0.0201790910,0.0201350581,0.1187678874,0.0000000000,0.0000000000,0.0140126729,0.0592122525,0.0672186613,0.1085202992,0.0982368737,0.0000693717,0.0389745571,0.2169967443,0.0051942933,0.0187507570,-0.0174852982,-0.0003278768,0.0843804106,-0.0175196845,-0.0014767146
21:57:34:00.354,61,0.0000000000,0.0000000000,0.1382916123,0.0000000000,0.0028815956,0.0846565664,0.2812615037,0.0000000000,0.0000000000,0.0000000000,0.0303913355,0.0028142035,0.0846676305,0.2814671695,0.2216629237,0.0000000000,0.0014447765,0.6086733937,0.1460894942,0.3905269206,0.1733346432,0.0146490550,0.0000000000,0.0000000000,0.0000000000,0.2382505685,0.2336847186,0.0607703179,0.0597019941,0.3963007331,0.4082284272,0.0711665601,0.0230753683,0.1451482177,0.1347300410,0.0215876158,0.0204497520,0.4390645325,0.4269897938,0.1566745788,0.1519705206,0.0436223596,0.0435685851,0.1160392538,0.0000000000,0.0000000000,0.0138138533,0.0607096329,0.0676079392,0.1082665473,0.0985574350,0.0000493489,0.0345268250,0.2214771360,0.0030615162,0.0185649972,-0.0012281395,-0.0000227991,0.0844774768,-0.0012618330,-0.0001064698
21:57:34:01.354,61,0.0000000000,0.0185091849,0.1487096399,0.0000000000,0.0000000000,0.0858687684,0.2402485311,0.0000000000,0.0186343770,0.0000000000,0.0405005366,0.0000000000,0.0858866796,0.2403438240,0.2326625735,0.0000000000,0.0090678800,0.4397581816,0.1435432285,0.3985219002,0.1748694479,0.0110456515,0.0000000000,0.0000000000,0.0000000000,0.2266808599,0.2198067605,0.0577921234,0.0567157753,0.3192256987,0.3337439001,0.0672668666,0.0228705406,0.1497072428,0.1394864619,0.0223478638,0.0214524120,0.4258872867,0.4173482060,0.1813974380,0.1926496625,0.0891019776,0.0890589803,0.1140874699,0.0000000000,0.0000000000,0.0137220453,0.0821058676,0.0839029402,0.1090118811,0.1040701792,0.0000209476,0.0345165133,0.2230604440,0.0015072059,0.0247387681,0.0113865770,0.0002816733,0.0908357427,0.0113534275,0.0010299232
21:57:34:02.354,61,0.0000000000,0.0925476775,0.1358921230,0.0000000000,0.0000000000,0.0861386061,0.1984555125,0.0000000000,0.0929066092,0.0000000000,0.0257704575,0.0000000000,0.0861573741,0.1984990090,0.1899572462,0.0000000000,0.0160979424,0.3599532843,0.0974837989,0.2935586870,0.1252531707,0.0083494596,0.0000000000,0.0000000000,0.0000000000,0.0869488195,0.0758025572,0.0566557087,0.0556805767,0.2498780638,0.2648603320,0.0601358414,0.0227236114,0.1508580446,0.1414968520,0.0241652131,0.0236803461,0.4285198748,0.4165591896,0.2101688534,0.2190752625,0.1067782938,0.1067285985,0.1116119027,0.0000000000,0.0000000000,0.0135474633,0.0952140018,0.0942771658,0.1569988579,0.1575169712,0.0000131220,0.0351784527,0.2260285169,0.0009578140,0.0157169309,0.0567604415,0.0008930222,0.0828788579,0.0567290932,0.0047012717
21:57:34:03.354,61,0.0000000000,0.1131464317,0.1376841664,0.0000000000,0.0000000000,0.0902162194,0.1679908782,0.0000000000,0.1135809049,0.0000000000,0.0273983683,0.0000000000,0.0902285576,0.1680076718,0.1717158556,0.0000000000,0.0200277586,0.3111785650,0.0743388161,0.1543343663,0.0809940845,0.0067477953,0.0000000000,0.2786720097,0.2893393040,0.0000000000,0.0000000000,0.0561445206,0.0552567355,0.2178117335,0.2220885754,0.0567030311,0.0224077292,0.1496381015,0.1414465606,0.0277285203,0.0281782113,0.4432601333,0.4304998517,0.2193517089,0.2286690474,0.1440891027,0.1440438479,0.1044582948,0.0000000000,0.0000000000,0.0133149261,0.1747569144,0.1709180027,0.1696436554,0.1717468798,0.0000008614,0.0391900577,0.2266093642,0.0025408415,0.0166964382,0.0693923235,0.0011604135,0.0839051977,0.0693616346,0.0058222492
21:57:34:04.354,61,0.0000000000,0.1321766078,0.1265063435,0.0000000000,0.0000000000,0.1090206429,0.1269984692,0.0000000000,0.1326137781,0.0000000000,0.0157207306,0.0000000000,0.1090700477,0.1270059943,0.1365877092,0.0000000000,0.0220006891,0.2455344647,0.0539916717,0.0856250748,0.0586373918,0.0054061827,0.0000000000,0.6038349867,0.6179372668,0.0000000000,0.0000000000,0.0561756641,0.0555074587,0.1991159320,0.2011319995,0.0548420437,0.0218453873,0.1397061199,0.1370167434,0.0354683325,0.0371345952,0.5044033527,0.4903127849,0.2627514005,0.2700533271,0.2088200599,0.2087421864,0.0962898508,0.0000000000,0.0000000000,0.0130671244,0.2447431087,0.2472713441,0.1950105131,0.1963212192,0.0000001879,0.0496070236,0.2241122276,0.0071380329,0.0095717525,0.0810128674,0.0007771241,0.0770260617,0.0809827298,0.0062451921
21:57:34:05.354,61,0.0000000000,0.1247338206,0.1346954107,0.0000000000,0.0000000000,0.1282438785,0.0947840214,0.0000000000,0.1251909286,0.0000000000,0.0246323925,0.0000000000,0.1283101439,0.0947845206,0.1209097803,0.0000000000,0.0235130340,0.2202343196,0.0461177789,0.0573962629,0.0486659780,0.0034679081,0.0000000000,0.6978583932,0.7181960344,0.0000000000,0.0000000000,0.0564809777,0.0565803200,0.1730743051,0.1802040040,0.0538261682,0.0212749839,0.1366147250,0.1351021379,0.0411079526,0.0426655859,0.4732368886,0.4778048694,0.2747748494,0.2818650603,0.2430755794,0.2430229336,0.0902171284,0.0000000000,0.0000000000,0.0128566939,0.2702753842,0.2742124200,0.2036998272,0.2052165717,0.0000003053,0.0549765117,0.2201889008,0.0080242362,0.0150030917,0.0764834136,0.0011496868,0.0820414796,0.0764532164,0.0062774546
21:57:34:06.354,61,0.0000000000,0.1200353950,0.1352311075,0.0000000000,0.0000000000,0.1463917345,0.0830432102,0.0000000000,0.1204802245,0.0000000000,0.0251488071,0.0000000000,0.1464996040,0.0830402449,0.1114958674,0.0000000000,0.0245735999,0.1971928477,0.0421637930,0.0454797558,0.0431577601,0.0000928203,0.0000000000,0.7434217334,0.7665189505,0.0000000000,0.0000000000,0.0570208319,0.0588742010,0.1634382159,0.1705387235,0.0536615103,0.0206974186,0.1350087225,0.1339876652,0.0441087484,0.0458794869,0.4667646885,0.4683884680,0.2806318402,0.2882276475,0.2620251477,0.2619927824,0.0847996771,0.0000000000,0.0000000000,0.0126658734,0.3132048845,0.3319138885,0.2181882858,0.2321435809,0.0000002691,0.0583194904,0.2178121060,0.0084279031,0.0153209437,0.0736058429,0.0011297072,0.0823855102,0.0735754520,0.0060655712
21:57:34:07.354,61,0.0000000000,0.1061137766,0.1301822662,0.0000000000,0.0000000000,0.1785252392,0.0782845169,0.0000000000,0.1064913273,0.0000000000,0.0204496067,0.0000000000,0.1786913425,0.0782838613,0.0995828956,0.0000000000,0.0253857151,0.1698507667,0.0399537496,0.0393398739,0.0395520926,0.0000000000,0.0017148964,0.7784677148,0.7979373932,0.0000000000,0.0000000000,0.0609177984,0.0655844063,0.1536556780,0.1588558853,0.0538782738,0.0200921316,0.1343530118,0.1334935874,0.0479430929,0.0497714132,0.4609749913,0.4611920416,0.2888509333,0.3053422570,0.2875086069,0.2874781787,0.0823395848,0.0000000000,0.0000000000,0.0125859892,0.3692156076,0.3744559586,0.2288883179,0.2424506247,0.0000003826,0.0657691061,0.2114950120,0.0071546971,0.0124655329,0.0650569201,0.0008120940,0.0793564767,0.0650261417,0.0051620631
21:57:34:08.355,61,0.0000000000,0.1023967713,0.1372028142,0.0000000000,0.0000000000,0.2005017400,0.0710611641,0.0000000000,0.1027922556,0.0000000000,0.0277471561,0.0000000000,0.2006494254,0.0710683241,0.0918903574,0.0000000000,0.0262199678,0.1529369205,0.0387348495,0.0378605463,0.0374213979,0.0000000000,0.0033154036,0.7983685732,0.8165931702,0.0000000000,0.0000000000,0.0647529140,0.0707413033,0.1468332410,0.1513151377,0.0543127880,0.0195132717,0.1342880577,0.1333381534,0.0516555086,0.0533161424,0.4574327767,0.4582857490,0.2966498137,0.3159064949,0.3037168980,0.3036904335,0.0806864128,0.0000000000,0.0000000000,0.0125634978,0.3879554868,0.3931027055,0.2381021380,0.2515244782,0.0000005934,0.0705838948,0.2053518295,0.0051520192,0.0169163644,0.0628012046,0.0010637158,0.0836481303,0.0627703965,0.0052513564
21:57:34:09.355,61,0.0000000000,0.1022172123,0.1268786788,0.0000000000,0.0000000000,0.2246308774,0.0568725914,0.0000000000,0.1025690287,0.0000000000,0.0172428917,0.0000000000,0.2248462439,0.0568816327,0.0863175839,0.0000000000,0.0269331839,0.1407381445,0.0379954875,0.0370960794,0.0356269516,0.0000000000,0.0048764171,0.8327111006,0.8494596481,0.0000000000,0.0000000000,0.0702042282,0.0771711245,0.1392150223,0.1419744790,0.0548295081,0.0189676266,0.1346121877,0.1334699392,0.0550303608,0.0569988936,0.4558433890,0.4569347501,0.3158395886,0.3405496180,0.3314360976,0.3314248919,0.0794758797,0.0000000000,0.0000000000,0.0125942659,0.4155462086,0.4376725852,0.2565073073,0.2727643251,0.0000005438,0.0748977959,0.2033414245,0.0045731314,0.0105124153,0.0626593307,0.0006595520,0.0773544461,0.0626284778,0.0048460602
21:57:34:10.355,61,0.0000000000,0.1104097068,0.1193572283,0.0000000000,0.0000000000,0.2401522845,0.0328542590,0.0000000000,0.1107513383,0.0000000000,0.0093460903,0.0000000000,0.2404094338,0.0328606777,0.0832014605,0.0000000000,0.0275947955,0.1304713190,0.0373579562,0.0374411903,0.0341448672,0.0000000000,0.0064131720,0.8437299132,0.8600648046,0.0000000000,0.0000000000,0.0741846710,0.0814862549,0.1359524429,0.1379830539,0.0553263202,0.0184303187,0.1350031793,0.1337083131,0.0580288619,0.0601890311,0.4583078325,0.4614154994,0.3310983479,0.3574363589,0.3666065335,0.3666167557,0.0789780840,0.0000000000,0.0000000000,0.0126714073,0.4353112876,0.4568648636,0.2641770840,0.2819648087,0.0000005244,0.0770995319,0.1994063705,0.0021945059,0.0056961407,0.0676552430,0.0003859607,0.0727451295,0.0676245764,0.0049224878
21:57:34:11.355,61,0.0000000000,0.0978126302,0.1204569414,0.0000000000,0.0000000000,0.2786656022,0.0255351476,0.0000000000,0.0981260464,0.0000000000,0.0107900985,0.0000000000,0.2788735926,0.0255416613,0.0796122625,0.0000000000,0.0283506829,0.1227623224,0.0368922502,0.0384981371,0.0331096724,0.0000000000,0.0076880376,0.8490331173,0.8651978374,0.0000000000,0.0000000000,0.0765797719,0.0838467032,0.1339638084,0.1357141584,0.0559791401,0.0179289542,0.1379361600,0.1355988234,0.0603397675,0.0625703260,0.4571001530,0.4608367383,0.3381688893,0.3644381464,0.3876854479,0.3876901269,0.0786308423,0.0000000000,0.0000000000,0.0128085259,0.4759811759,0.4849941134,0.2699730098,0.2873223424,0.0000004179,0.0756570324,0.1973674297,0.0012320472,0.0065794578,0.0599430911,0.0003948633,0.0734514147,0.0599120781,0.0044019111
21:57:34:12.355,61,0.0000000000,0.0928456411,0.1204724386,0.0000000000,0.0000000000,0.3151156306,0.0183354486,0.0000000000,0.0931460038,0.0000000000,0.0109259374,0.0000000000,0.3152808547,0.0183418822,0.0769211948,0.0000000000,0.0289125759,0.1158572063,0.0365463085,0.0392333530,0.0321879238,0.0000000000,0.0085557066,0.8523969650,0.8680436015,0.0000000000,0.0000000000,0.0797193944,0.0867086202,0.1328935325,0.1344572008,0.0566754043,0.0174421668,0.1398439854,0.1365619749,0.0625373572,0.0647669733,0.4564543068,0.4597134590,0.3444074392,0.3681888282,0.4131943882,0.4131853282,0.0785605684,0.0000000000,0.0000000000,0.0129723614,0.4948174059,0.5022466183,0.2744101584,0.2901631594,0.0000001172,0.0730616674,0.1960033625,-0.0000958882,0.0066634747,0.0569009222,0.0003795648,0.0734738782,0.0568697751,0.0041791671
21:57:34:13.355,61,0.0000542375,0.0822141767,0.1107209176,0.0000000000,0.0000000000,0.3289834559,0.0139797656,0.0000502820,0.0824535638,0.0000000000,0.0016360272,0.0000000000,0.3291590512,0.0139862169,0.0744322613,0.0000000000,0.0293619838,0.1119125560,0.0363219418,0.0399375707,0.0314516388,0.0000000000,0.0094311656,0.8538771272,0.8694157600,0.0000000000,0.0000000000,0.0811953843,0.0881284922,0.1319916844,0.1334352940,0.0573579818,0.0169903990,0.1415563077,0.1374246329,0.0637421235,0.0659872741,0.4477367103,0.4529955089,0.3467828035,0.3699735105,0.4090402424,0.4090345204,0.0785799623,0.0000000000,0.0000000000,0.0131307282,0.4987749159,0.5088173151,0.2760860324,0.2912940979,0.0000000554,0.0687331259,0.1926881224,-0.0014223849,0.0009981249,0.0503680520,0.0000503162,0.0675501525,0.0503366739,0.0034005246
21:57:34:14.356,61,0.0006190014,0.0795316473,0.1122096181,0.0000000000,0.0000000000,0.3388810456,0.0108684842,0.0006133992,0.0797698423,0.0000000000,0.0032110356,0.0000000000,0.3390524387,0.0108754486,0.0730819628,0.0000000000,0.0299526937,0.1101210266,0.0362207554,0.0404539108,0.0308080893,0.0000000000,0.0101082893,0.8585159779,0.8730292916,0.0000000000,0.0000000000,0.0829523280,0.0898396522,0.1312910914,0.1327185929,0.0579667352,0.0165874530,0.1428824514,0.1382129490,0.0647132695,0.0669597834,0.4450849593,0.4507232010,0.3483389914,0.3709881306,0.4096451998,0.4096398652,0.0784823224,0.0000000000,0.0000000000,0.0133124758,0.5017826557,0.5121300817,0.2774046063,0.2921625972,0.0000000709,0.0666154698,0.1922087967,-0.0005925575,0.0019591819,0.0487287231,0.0000955440,0.0684639588,0.0486972965,0.0033340300
21:57:34:15.355,61,0.0040295874,0.0725557730,0.1159113124,0.0000000000,0.0000000000,0.3601296544,0.0066074301,0.0039665774,0.0727888793,0.0000000000,0.0070771663,0.0000000000,0.3602705896,0.0066562057,0.0722171515,0.0000000000,0.0304822028,0.1092810780,0.0359395966,0.0408832654,0.0301845074,0.0000000000,0.0105686514,0.8602380753,0.8742946386,0.0000000000,0.0000000000,0.0841491148,0.0910139903,0.1309999526,0.1324618012,0.0584221967,0.0161877442,0.1436028481,0.1388559192,0.0661526546,0.0682174340,0.4490951002,0.4520028234,0.3573710918,0.3735874295,0.4128286541,0.4128211737,0.0787562653,0.0000000000,0.0000000000,0.0135189928,0.5036878586,0.5139245391,0.2784677148,0.2927607298,0.0000000711,0.0654068515,0.1908740550,-0.0011314284,0.0043189223,0.0444646180,0.0001921653,0.0707365349,0.0444329977,0.0031424738
21:57:34:16.356,61,0.0047123116,0.0710013956,0.1174994186,0.0000000000,0.0000000000,0.3660258055,0.0053032548,0.0046381722,0.0712353587,0.0000000000,0.0085916584,0.0000000000,0.3661853671,0.0053613964,0.0716507956,0.0000000000,0.0309918039,0.1092059389,0.0355946943,0.0412277989,0.0296584889,0.0000000000,0.0112087727,0.8611813784,0.8751161098,0.0000000000,0.0000000000,0.0849356800,0.0918407068,0.1307527423,0.1322781593,0.0586278550,0.0158126224,0.1437474489,0.1391298175,0.0669134110,0.0689369962,0.4574908018,0.4621507823,0.3600606024,0.3751154840,0.4083805084,0.4083773494,0.0786925331,0.0000000000,0.0000000000,0.0136891901,0.4976570308,0.5109935999,0.2788308859,0.2929612696,0.0000000981,0.0651804879,0.1894553304,-0.0011316636,0.0052433773,0.0435158052,0.0002283129,0.0717086941,0.0434841104,0.0031174724
21:57:34:17.356,61,0.0052866880,0.0660470277,0.1165768281,0.0000000000,0.0000000000,0.3690342307,0.0039829691,0.0052081607,0.0662661642,0.0000000000,0.0075670034,0.0000000000,0.3692019284,0.0040446166,0.0715275630,0.0000000000,0.0315312445,0.1165357828,0.0351688899,0.0414922908,0.0291507673,0.0000000000,0.0117825260,0.8618612885,0.8758208752,0.0000000000,0.0000000000,0.0856170654,0.0925570726,0.1308283210,0.1324084252,0.0584901571,0.0154657066,0.1417496055,0.1388588846,0.0675101131,0.0695042312,0.4860690236,0.4904308021,0.3615877628,0.3761107922,0.4072089493,0.4072070718,0.0787326992,0.0000000000,0.0000000000,0.0138409352,0.4952718616,0.5089596510,0.2791141272,0.2930455208,0.0000000916,0.0672117993,0.1901277304,0.0000948295,0.0046186331,0.0404801369,0.0001870644,0.0711546764,0.0404482409,0.0028772152
21:57:34:18.356,61,0.0052668476,0.0369378962,0.1238906831,0.0000000000,0.0000000000,0.3711320162,0.0080822222,0.0051894956,0.0370955057,0.0000000000,0.0158190485,0.0000000000,0.3713195324,0.0081615830,0.0718211532,0.0000000000,0.0319227427,0.1345235854,0.0347052589,0.0418953486,0.0288034342,0.0000000000,0.0123471357,0.8519478440,0.8696238399,0.0000000000,0.0000000000,0.0857940093,0.0927489474,0.1311511695,0.1328396350,0.0584043600,0.0151493894,0.1409384012,0.1388519257,0.0678437874,0.0698020607,0.4914263487,0.4968028069,0.3622253835,0.3767661750,0.4038116634,0.4038117528,0.0788819492,0.0000000000,0.0000000000,0.0139465472,0.4750453532,0.4906534553,0.2789183855,0.2926670611,0.0000001349,0.0681050196,0.1892664135,0.0001602045,0.0096608279,0.0226614159,0.0002189621,0.0756612048,0.0226288307,0.0017107818
21:57:34:19.356,61,0.0050620055,0.0395786092,0.1185187101,0.0000000000,0.0000000000,0.3634938896,0.0109048914,0.0049880976,0.0397347994,0.0000000000,0.0106047550,0.0000000000,0.3640313745,0.0110101756,0.0886389837,0.0000000000,0.0318374000,0.2084231526,0.0344356447,0.0449352525,0.0289123561,0.0000000000,0.0128521230,0.7830458879,0.8076672554,0.0000000000,0.0000000000,0.0850451365,0.0917922333,0.1605365425,0.1660857350,0.0582158640,0.0148347784,0.1407012492,0.1396771669,0.0675582737,0.0694836825,0.4729385376,0.4820725322,0.3622773886,0.3770627975,0.3893994987,0.3893970549,0.0791492313,0.0000000000,0.0000000000,0.0138892559,0.4216938913,0.4386956394,0.2770456374,0.2866209447,0.0000001680,0.0689560920,0.1924817413,0.0020055030,0.0064761681,0.0242731199,0.0001572266,0.0723777637,0.0242406763,0.0017532964
21:57:34:20.356,61,0.0047736201,0.0517216958,0.1186131388,0.0000000000,0.0000000000,0.3255232573,0.0221669450,0.0047041462,0.0519092381,0.0000000000,0.0103759617,0.0000000000,0.3260132372,0.0222632084,0.1480636597,0.0000000000,0.0314361453,0.3009689450,0.0344131552,0.0783550963,0.0310814381,0.0000000000,0.0136293769,0.6403285265,0.6815448403,0.0000000000,0.0000000000,0.0800364763,0.0853298381,0.2194926739,0.2199559659,0.0559429526,0.0145431431,0.1441572458,0.1523573101,0.0637159124,0.0664156601,0.5082889199,0.5037889481,0.3645573258,0.3930754364,0.3465080857,0.3465110660,0.0793510973,0.0000000000,0.0000000000,0.0136745153,0.3228815794,0.3424277902,0.2793757319,0.2882758379,0.0000001563,0.0671788901,0.2018031776,0.0032317000,0.0063351290,0.0317101851,0.0002009541,0.0724204332,0.0316780545,0.0022928964
21:57:34:21.356,61,0.0044547627,0.0591927320,0.1231340766,0.0000000000,0.0000000000,0.2836419642,0.0709494352,0.0043900460,0.0594101138,0.0000000000,0.0149983354,0.0000000000,0.2839975059,0.0710206628,0.2104526162,0.0000000000,0.0253257118,0.4340020418,0.0363738090,0.0924112499,0.0356754772,0.0000000000,0.0185198952,0.5679386854,0.6354198456,0.0000000000,0.0000000000,0.0779452398,0.0831907019,0.3054048717,0.3051497340,0.0529436991,0.0142021915,0.1551532149,0.1709668189,0.0543651171,0.0576122254,0.5680555701,0.5693089962,0.4138707817,0.4546778500,0.2928056419,0.2928495109,0.0791847184,0.0000000000,0.0000000000,0.0133292200,0.2816002369,0.3075274825,0.3036141992,0.3198993504,0.0000002670,0.0624662861,0.2119261771,0.0030017460,0.0091559291,0.0362930931,0.0003324383,0.0751690716,0.0362612270,0.0027243441
21:57:34:22.356,61,0.0041327048,0.0546648838,0.1277604252,0.0000000000,0.0000000000,0.2665211856,0.1372419447,0.0040727281,0.0548798293,0.0000000000,0.0199870169,0.0000000000,0.2667849660,0.1372915953,0.2396400869,0.0000000000,0.0148242377,0.5314045548,0.0398964100,0.1044798791,0.0411524139,0.0000000000,0.0217232946,0.4870138764,0.5647719502,0.0000000000,0.0000000000,0.0769818053,0.0823099986,0.3984063566,0.3977504373,0.0502439402,0.0138145927,0.1731638461,0.1967473477,0.0470709577,0.0501036905,0.6006270647,0.6017604470,0.4499322176,0.4951309264,0.2477285713,0.2478182614,0.0790644512,0.0000000000,0.0000000000,0.0129170651,0.2525925040,0.2834559977,0.3242895305,0.3378594518,0.0000002962,0.0574985743,0.2202460170,0.0028251596,0.0122025134,0.0335266776,0.0004092529,0.0780008063,0.0334947631,0.0026109405
21:57:34:23.356,61,0.0038209981,0.0733412802,0.1164953560,0.0000000000,0.0000000000,0.2285477966,0.1793161482,0.0037655777,0.0735773593,0.0000000000,0.0086491499,0.0000000000,0.2287104428,0.1793504208,0.2519791722,0.0000000000,0.0099729151,0.6425585151,0.0421668217,0.1091210917,0.0445883945,0.0000000000,0.0233025607,0.4583439231,0.5408738256,0.0000000000,0.0000000000,0.0766797066,0.0822270662,0.4297483861,0.4281691313,0.0472525768,0.0133601967,0.1788635403,0.2049341202,0.0409795530,0.0436253957,0.6138249040,0.6149415374,0.4624975324,0.5096408129,0.2130239606,0.2130350620,0.0787009150,0.0000000000,0.0000000000,0.0124852266,0.1884081364,0.2168739438,0.3277779520,0.3410875499,0.0000258345,0.0575245358,0.2242134362,0.0043334300,0.0052781301,0.0449464805,0.0002373922,0.0710914433,0.0449151732,0.0031925319
21:57:34:24.357,61,0.0035259353,0.0796583965,0.1142597124,0.0000000000,0.0000000000,0.1949554682,0.1974158287,0.0034748118,0.0799029246,0.0000000000,0.0062388727,0.0000000000,0.1950503290,0.1974377185,0.2581537068,0.0000000000,0.0068208128,0.6907612085,0.0447366796,0.1115205139,0.0467569754,0.0000000000,0.0242766459,0.3897373378,0.4824718237,0.0000000000,0.0000000000,0.0769155324,0.0835162625,0.4577392638,0.4446856380,0.0457561687,0.0129389418,0.1817263812,0.2087647766,0.0369909331,0.0393179171,0.6205563545,0.6216551661,0.4480336607,0.4895696938,0.1977791488,0.1977815926,0.0785851032,0.0000000000,0.0000000000,0.0120422896,0.1682069004,0.1965461075,0.3137386739,0.3269896209,0.0000438661,0.0530546866,0.2251351774,0.0049760221,0.0038065719,0.0488102809,0.0001859471,0.0697145388,0.0487791263,0.0034005453
21:57:34:25.357,61,0.0032499994,0.0659348965,0.1166021973,0.0000000000,0.0000000000,0.1826988459,0.2121721357,0.0032028861,0.0661528856,0.0000000000,0.0089745848,0.0000000000,0.1827672571,0.2121832967,0.2560662031,0.0000000000,0.0046419366,0.7611741424,0.0475958399,0.1128682792,0.0504923649,0.0000000000,0.0247044582,0.3653741479,0.4598068595,0.0000000000,0.0000000000,0.0790624022,0.0867064372,0.5253429413,0.5045056939,0.0449334197,0.0125881555,0.1811351031,0.1977607906,0.0342127718,0.0361539349,0.6140009165,0.6122705340,0.3869965374,0.4283222556,0.1884780079,0.1884850562,0.0786485597,0.0000000000,0.0000000000,0.0116580017,0.1578730345,0.1861305237,0.2548339069,0.2673135400,0.0001547933,0.0498588756,0.2232852578,0.0057014306,0.0054777865,0.0404111072,0.0002214829,0.0711703748,0.0403796136,0.0028729602
21:57:34:26.357,61,0.0029937050,0.0875595585,0.1091569737,0.0000000000,0.0000000000,0.1627481133,0.2181327641,0.0029503121,0.0878046602,0.0000000000,0.0012684844,0.0000000000,0.1627769172,0.2181393057,0.2202565819,0.0000000000,0.0029838411,0.7975149155,0.0489200763,0.1137529239,0.0525752269,0.0000000000,0.0249593016,0.3360965550,0.4248319566,0.0000000000,0.0000000000,0.0854148567,0.0934413746,0.5700147748,0.5505441427,0.0445491634,0.0123027703,0.1749504954,0.1810144931,0.0324423909,0.0340609923,0.6104035974,0.6088217497,0.3660600185,0.4073261321,0.1860448867,0.1860487312,0.0835073888,0.0000000000,0.0000000000,0.0113351159,0.1520857811,0.1802303493,0.2416891605,0.2552975416,0.0001926269,0.0502614006,0.2225223631,0.0061201169,0.0007737587,0.0536368340,0.0000415418,0.0665846989,0.0536059998,0.0035701080
21:57:34:27.357,61,0.0027565784,0.0851932168,0.1056649238,0.0000000000,0.0000000000,0.1544104218,0.2291967422,0.0027166251,0.0854212567,0.0023431338,0.0000000000,0.0000000000,0.1544244587,0.2292120755,0.2108698636,0.0000000000,0.0019965700,0.8218682408,0.0502330884,0.1145540997,0.0541008487,0.0000000000,0.0250978731,0.3248311281,0.4120083749,0.0000000000,0.0000000000,0.0920305401,0.0992989242,0.5908530354,0.5739377141,0.0444388613,0.0121369325,0.1582309604,0.1598951966,0.0310586430,0.0323756374,0.6054959297,0.6051166058,0.3254076838,0.3660119176,0.1843653321,0.1843694597,0.0853735954,0.0000000000,0.0000000000,0.0110850735,0.1488273591,0.1768280864,0.2372396886,0.2498061061,0.0001853768,0.0476127639,0.2203444242,0.0053162524,-0.0014293909,0.0521809310,-0.0000746547,0.0644595250,0.0521499813,0.0033622712
21:57:34:28.357,61,0.0025376761,0.0977218375,0.1004424691,0.0000000000,0.0000000000,0.1472554207,0.2349817604,0.0025008968,0.0979546458,0.0080188774,0.0000000000,0.0000000000,0.1472599655,0.2349919826,0.2063186914,0.0000000000,0.0016444686,0.8399184346,0.0511302613,0.1153391525,0.0549693257,0.0000000000,0.0253858585,0.3192886710,0.4056105912,0.0000000000,0.0000000000,0.1001815498,0.1069580242,0.6006280184,0.5846312642,0.0444813929,0.0120939985,0.1502285153,0.1511818618,0.0300094076,0.0310878586,0.6099108458,0.6150436997,0.3125513494,0.3530903161,0.1740902662,0.1741297096,0.0864929110,0.0000000000,0.0000000000,0.0108381668,0.1469588429,0.1747670472,0.2654483616,0.2742193341,0.0001701368,0.0484024622,0.2195735425,0.0055311327,-0.0048896871,0.0598378070,-0.0002929367,0.0612473935,0.0598071553,0.0036650971
21:57:34:29.358,61,0.0023358585,0.1249185503,0.0922404006,0.0000000000,0.0000000000,0.1367856711,0.2376067787,0.0023020050,0.1251587123,0.0167195126,0.0000000000,0.0000000000,0.1367873847,0.2376139760,0.2064968795,0.0000000000,0.0012638196,0.8466627002,0.0537835062,0.1167711318,0.0557549261,0.0000000000,0.0257159658,0.3182360828,0.4044633508,0.0000000000,0.0000000000,0.1030050591,0.1096858308,0.5930416584,0.5804064870,0.0446237735,0.0120278541,0.1469516009,0.1472211629,0.0291682240,0.0301441755,0.6102811098,0.6168735027,0.3071276844,0.3482027948,0.1712996662,0.1713464558,0.0888875946,0.0000000000,0.0000000000,0.0105819795,0.1460989118,0.1737739891,0.2715364397,0.2796106935,0.0001454093,0.0476596877,0.2163511664,0.0054092580,-0.0101835327,0.0764590800,-0.0007801309,0.0561823174,0.0764292255,0.0043000616
21:57:35:00.358,61,0.0021499314,0.1282189637,0.0907749385,0.0000000000,0.0000000000,0.1284218729,0.2386596501,0.0021187728,0.1284563988,0.0179949775,0.0000000000,0.0000000000,0.1284236312,0.2386649847,0.2060668021,0.0000000000,0.0008849546,0.8506402969,0.0549304932,0.1175236329,0.0564412437,0.0000000000,0.0258011855,0.3250149786,0.4067471027,0.0000000000,0.0000000000,0.1045351177,0.1111515611,0.5921434164,0.5803462863,0.0447528139,0.0119760931,0.1444551945,0.1438684314,0.0284149107,0.0293221995,0.6108464599,0.6179966331,0.3038649857,0.3448710144,0.1665523797,0.1665856838,0.0909695923,0.0000000000,0.0000000000,0.0103438292,0.1451455057,0.1718044877,0.2655870020,0.2762206495,0.0011436071,0.0447579958,0.2143776566,0.0052218265,-0.0109586809,0.0784742683,-0.0008617266,0.0552810840,0.0784445927,0.0043431786
21:57:35:01.358,61,0.0019787180,0.1059610844,0.0927936286,0.0000000000,0.0000000000,0.1255762726,0.2442661077,0.0019500410,0.1061759517,0.0155872721,0.0000000000,0.0000000000,0.1255778074,0.2442769259,0.2061580569,0.0000000000,0.0006262308,0.8581956029,0.0557869188,0.1177604869,0.0569341704,0.0000000000,0.0258481689,0.3525837064,0.4334981143,0.0000000000,0.0000000000,0.1064955667,0.1127457172,0.6041871309,0.5872361660,0.0449577942,0.0120482007,0.1335891038,0.1318363994,0.0277124364,0.0285855159,0.6221783161,0.6255644560,0.2862604260,0.3241392076,0.1604100019,0.1604357660,0.0920140967,0.0000000000,0.0000000000,0.0101397838,0.1446408480,0.1709586084,0.2526101470,0.2597236931,0.0135531202,0.0430258475,0.2133924216,0.0050506671,-0.0095017031,0.0648621395,-0.0006171571,0.0565655716,0.0648317784,0.0036704189
21:57:35:02.358,61,0.0018210936,0.1038239300,0.0887569562,0.0000000000,0.0000000000,0.1238505244,0.2385152131,0.0017947012,0.1040203944,0.0196921099,0.0000000000,0.0000000000,0.1238527969,0.2385237068,0.2134886682,0.0000000000,0.0000804157,0.8595083356,0.0567862540,0.1180603057,0.0574694909,0.0000000000,0.0260304734,0.3575722873,0.4397131503,0.0000000000,0.0000000000,0.1070389450,0.1132919341,0.6002489924,0.5829176903,0.0451333113,0.0121223563,0.1306924671,0.1285608113,0.0271594748,0.0280083772,0.6256306767,0.6283051372,0.2830115557,0.3210240901,0.1596096605,0.1596325487,0.0923641846,0.0000000000,0.0000000000,0.0099346517,0.1441584975,0.1703306437,0.2494350523,0.2567112148,0.8096822500,0.0420420058,0.2106945366,0.0056770961,-0.0120049501,0.0635470301,-0.0007638890,0.0541094281,0.0635155067,0.0034397247
21:57:35:03.358,61,0.0016760011,0.0974174216,0.0925048888,0.0000000000,0.0000000000,0.1241650954,0.2400194407,0.0016517115,0.0976202041,0.0158204846,0.0000000000,0.0000000000,0.1241684407,0.2400298864,0.2150499523,0.0001825150,0.0000000000,0.8668105602,0.0570811555,0.1181042865,0.0577362366,0.0000000000,0.0260249358,0.3606212735,0.4428839684,0.0000000000,0.0000000000,0.1102177724,0.1161048636,0.6048227549,0.5856692195,0.0453694984,0.0123362225,0.1274569929,0.1254363060,0.0266211517,0.0274612773,0.6490972042,0.6510967612,0.2805870175,0.3184896111,0.1587240696,0.1587461084,0.0922465846,0.0000000000,0.0000000000,0.0097612543,0.1438878030,0.1699457914,0.2478630394,0.2550339103,0.9912213683,0.0393776894,0.2107418180,0.0057225237,-0.0096470071,0.0596355684,-0.0005759787,0.0564078912,0.0596038327,0.0033643160
21:57:35:04.358,61,0.0015424555,0.0972018614,0.0945343077,0.0000000000,0.0000000000,0.1250996143,0.2379165888,0.0015201013,0.0974122882,0.0138155781,0.0000000000,0.0000000000,0.1251036823,0.2379315197,0.2157018036,0.0003814115,0.0000000000,0.8720405102,0.0571720116,0.1180461645,0.0578576177,0.0000000000,0.0257905629,0.3630938828,0.4448328018,0.0000000000,0.0000000000,0.1137074232,0.1193871051,0.6188534498,0.5975859165,0.0456173867,0.0125371385,0.1247180179,0.1226626709,0.0261621960,0.0269904155,0.6628287435,0.6649956107,0.2797425389,0.3174072206,0.1607558578,0.1607683152,0.0925094709,0.0000000000,0.0000000000,0.0096110431,0.1438737363,0.1696908027,0.2483288199,0.2560847700,0.9980084300,0.0409328938,0.2067478448,0.0066393074,-0.0084245196,0.0595079027,-0.0005019121,0.0576458462,0.0594761521,0.0034306874
21:57:35:05.358,61,0.0014195439,0.0881790593,0.0959894508,0.0000000000,0.0000000000,0.1281213313,0.2389896214,0.0013989710,0.0883805901,0.0121796252,0.0000000000,0.0000000000,0.1281261891,0.2390135229,0.2094604075,0.0005216328,0.0000000000,0.8835270405,0.0568981878,0.1179778576,0.0579410344,0.0000000000,0.0256538931,0.3630538285,0.4440940320,0.0000000000,0.0000000000,0.1203364059,0.1254639477,0.6365781426,0.6148413420,0.0457923301,0.0128109325,0.1210921109,0.1193551645,0.0256792586,0.0264964532,0.6781921983,0.6814697385,0.2789736986,0.3167001903,0.1562631279,0.1562692970,0.0927729160,0.0000000000,0.0000000000,0.0094746854,0.1437116414,0.1694290936,0.2504487634,0.2597019970,0.9825046062,0.0418481678,0.2046426982,0.0081119444,-0.0074292696,0.0539901257,-0.0004014937,0.0585514791,0.0539580807,0.0031605777
21:57:35:06.359,61,0.0013064229,0.0957934856,0.0959988013,0.0000000000,0.0000000000,0.1293786764,0.2426194251,0.0012874893,0.0960073993,0.0123190014,0.0000000000,0.0000000000,0.1293837279,0.2426464260,0.2077105343,0.0004763005,0.0000000000,0.8902276754,0.0563692041,0.1178191602,0.0578402616,0.0000000000,0.0253623445,0.3634319603,0.4439188540,0.0000000000,0.0000000000,0.1255047321,0.1302438825,0.6482136250,0.6269053817,0.0459290519,0.0130591104,0.1188736334,0.1176957414,0.0252532288,0.0260695387,0.6957648396,0.6989781260,0.2823272943,0.3199354708,0.1553149223,0.1553188413,0.0928518698,0.0000000000,0.0000000000,0.0093399789,0.1436911821,0.1692611575,0.2571534812,0.2654666007,0.9992898703,0.0450137183,0.2047321498,0.0101104854,-0.0075123119,0.0586492494,-0.0004410931,0.0585418493,0.0586174503,0.0034335339
21:57:35:07.359,61,0.0012023142,0.1023436561,0.0947418138,0.0000000000,0.0000000000,0.1299078017,0.2450320721,0.0011848895,0.1025629640,0.0136571927,0.0000000000,0.0000000000,0.1299132258,0.2450637072,0.2070026398,0.0004840302,0.0000000000,0.8954049945,0.0557565801,0.1178805977,0.0577084757,0.0000000000,0.0250375513,0.3634005487,0.4430334270,0.0000000000,0.0000000000,0.1289810538,0.1337305605,0.6555063128,0.6355869174,0.0460896678,0.0132722873,0.1176772043,0.1167639643,0.0248394329,0.0256466400,0.7085342407,0.7123445272,0.2907321453,0.3274809122,0.1544232965,0.1544259042,0.0931026712,0.0000000000,0.0000000000,0.0091948444,0.1437387615,0.1692446321,0.2703703940,0.2758153379,0.9993323684,0.0472557880,0.2040419728,0.0114275124,-0.0083263358,0.0626543313,-0.0005223587,0.0577612929,0.0626227632,0.0036198781
21:57:35:08.359,61,0.0011065009,0.1022315025,0.0954352021,0.0000000000,0.0000000000,0.1307145357,0.2463532537,0.0010904648,0.1024535000,0.0128729036,0.0000000000,0.0000000000,0.1307195872,0.2463855147,0.2064313591,0.0002175889,0.0000000000,0.8989102244,0.0551431477,0.1177584305,0.0575165972,0.0000000000,0.0249256548,0.3638167083,0.4428891242,0.0000000000,0.0000000000,0.1324135065,0.1371700466,0.6592266560,0.6406313181,0.0462356731,0.0134872263,0.1169098988,0.1162267700,0.0244780593,0.0252700504,0.7145928741,0.7193872929,0.2952137291,0.3326105177,0.1538711488,0.1538736820,0.0929688737,0.0000000000,0.0000000000,0.0090664402,0.1439490318,0.1693283767,0.2773404121,0.2832891047,0.9997079968,0.0450934730,0.2044263035,0.0108826412,-0.0078482144,0.0625872165,-0.0004918352,0.0581842773,0.0625556633,0.0036424394
21:57:35:09.359,61,0.0010183223,0.1001451463,0.0916691869,0.0000000000,0.0000000000,0.1315808743,0.2400180697,0.0010035643,0.1003485918,0.0164885037,0.0000000000,0.0000000000,0.1315875947,0.2400493026,0.2058977336,0.0002440105,0.0000000000,0.9020661116,0.0544664897,0.1175796390,0.0573803559,0.0000000000,0.0248839986,0.3639097214,0.4426480532,0.0000000000,0.0000000000,0.1344519854,0.1396034211,0.6640444398,0.6467058063,0.0464575402,0.0136895347,0.1161329299,0.1155213043,0.0241552666,0.0249250717,0.7196320295,0.7253809571,0.2972115874,0.3347535431,0.1542790681,0.1542814672,0.0929653347,0.0000000000,0.0000000000,0.0089539541,0.1441095918,0.1694718301,0.2799150348,0.2858619988,0.9999902844,0.0456980169,0.2045842409,0.0105595598,-0.0100533357,0.0613025650,-0.0006170580,0.0558926649,0.0612709895,0.0034270925
21:57:35:10.359,61,0.0009371706,0.1046587825,0.0915598944,0.0000000000,0.0000000000,0.1319530904,0.2304807007,0.0009235888,0.1048682630,0.0166897457,0.0000000000,0.0000000000,0.1319601983,0.2305119336,0.2054684460,0.0001898210,0.0000000000,0.9050526619,0.0535899699,0.1175074503,0.0571233891,0.0000000000,0.0249153059,0.3620792925,0.4408495128,0.0000000000,0.0000000000,0.1364177167,0.1418295950,0.6674183607,0.6506361961,0.0466269664,0.0139291296,0.1153580844,0.1147887334,0.0238482561,0.0245944988,0.7246859074,0.7315127254,0.2982161641,0.3360328078,0.1537856162,0.1537888348,0.0929141566,0.0000000000,0.0000000000,0.0088330284,0.1438573897,0.1691697985,0.2813828290,0.2874340415,0.9999977350,0.0422971323,0.2035183012,0.0091196448,-0.0101742735,0.0640636981,-0.0006526835,0.0558163822,0.0640322790,0.0035770694
21:57:35:11.359,61,0.0008624859,0.1063191295,0.0905120522,0.0000000000,0.0000000000,0.1322799623,0.2144512385,0.0008499864,0.1065265089,0.0177379251,0.0000000000,0.0000000000,0.1322873086,0.2145000249,0.2049967051,0.0001185294,0.0000000000,0.9067800045,0.0524778776,0.1170766875,0.0568615831,0.0000000000,0.0247434955,0.3630008996,0.4404577911,0.0000000000,0.0000000000,0.1373727620,0.1429234296,0.6687096953,0.6523451805,0.0467173345,0.0140866321,0.1144984886,0.1139767841,0.0236278400,0.0243354440,0.7296472192,0.7367540598,0.3005211651,0.3374004364,0.1551765651,0.1551761329,0.0927753523,0.0000000000,0.0000000000,0.0087273922,0.1434986740,0.1684936136,0.2820407152,0.2880978882,0.9999988079,0.0418215916,0.2022466362,0.0084052701,-0.0108125471,0.0650771484,-0.0007046310,0.0551739782,0.0650457665,0.0035920660
21:57:35:12.359,61,0.0007937528,0.1036837548,0.0919126123,0.0000000000,0.0000000000,0.1326669753,0.2100275457,0.0007822494,0.1038933024,0.0163083170,0.0000000000,0.0000000000,0.1326746196,0.2100798041,0.2048073560,0.0000000000,0.0000597909,0.9077236056,0.0518283360,0.1167484522,0.0565996021,0.0000000000,0.0247397330,0.3640640378,0.4409219921,0.0000000000,0.0000000000,0.1380070895,0.1436212808,0.6692955494,0.6531653404,0.0467423126,0.0142706558,0.1134789959,0.1129980609,0.0233914182,0.0240740012,0.7313349843,0.7386360765,0.3007788658,0.3376257718,0.1551291645,0.1551281512,0.0926923156,0.0000000000,0.0000000000,0.0086276866,0.1431868374,0.1680313349,0.2820305228,0.2882638574,0.9999994040,0.0416150093,0.2029653490,0.0082942201,-0.0099421283,0.0634679645,-0.0006318447,0.0560335256,0.0634364933,0.0035574690
21:57:35:13.359,61,0.0007304972,0.1024795920,0.0922977328,0.0000000000,0.0000000000,0.1329007298,0.2125942260,0.0007199105,0.1026889980,0.0159625374,0.0000000000,0.0000000000,0.1329085827,0.2126294076,0.2135568857,0.0000000000,0.0003409542,0.8951406479,0.0517429523,0.1163241342,0.0564234145,0.0000000000,0.0248326361,0.3690580428,0.4470024407,0.0000000000,0.0000000000,0.1351426542,0.1410593837,0.6460500360,0.6311894059,0.0466385297,0.0143021382,0.1135605127,0.1133810133,0.0232378282,0.0239089746,0.7103385329,0.7182006836,0.3014502525,0.3388006985,0.1556254476,0.1556252837,0.0922672227,0.0000000000,0.0000000000,0.0085353479,0.1429826766,0.1676942408,0.2766723931,0.2846611738,0.9999992847,0.0417862497,0.2038802356,0.0086706048,-0.0097317817,0.0627321303,-0.0006112877,0.0562709235,0.0627005994,0.0035309724
21:57:35:14.359,61,0.0006722825,0.0985631868,0.0942085013,0.0000000000,0.0000000000,0.1328754276,0.2253765613,0.0006625394,0.0987744480,0.0140373027,0.0000000000,0.0000000000,0.1328834593,0.2253906280,0.2187421024,0.0000000000,0.0006356466,0.8854967356,0.0520197898,0.1158410311,0.0563327707,0.0000000000,0.0250965897,0.3720611930,0.4521657825,0.0000000000,0.0000000000,0.1322883070,0.1383602172,0.6325935721,0.6186036468,0.0465697646,0.0143055841,0.1136770397,0.1136148870,0.0230737980,0.0237494539,0.6873358488,0.6959166527,0.2993716002,0.3384037614,0.1557941586,0.1557979435,0.0919981673,0.0000000000,0.0000000000,0.0084588369,0.1427146792,0.1673836708,0.2600533068,0.2696679235,0.9999978542,0.0434405729,0.2056113929,0.0089416495,-0.0085592968,0.0603401028,-0.0005170901,0.0574443042,0.0603084229,0.0034666604
21:57:35:15.360,61,0.0006187070,0.1018974632,0.0947071388,0.0000000000,0.0000000000,0.1317513436,0.2343516648,0.0006097403,0.1021159366,0.0135925850,0.0000000000,0.0000000000,0.1317592710,0.2343547642,0.2237002850,0.0000000000,0.0007980565,0.8752800226,0.0531905703,0.1155157313,0.0564155839,0.0000000000,0.0254784748,0.3734667897,0.4546566308,0.0000000000,0.0000000000,0.1281839609,0.1345510334,0.6135510802,0.6007076502,0.0465463474,0.0142870015,0.1144400164,0.1142835245,0.0229309723,0.0236162692,0.6627883911,0.6697579622,0.2968518138,0.3376081586,0.1550866961,0.1551098078,0.0916344151,0.0000000000,0.0000000000,0.0083966469,0.1423464715,0.1670312732,0.2555280626,0.2657946050,0.9998129010,0.0445208624,0.2075852901,0.0086524878,-0.0082870880,0.0623812191,-0.0005176244,0.0577411316,0.0623496585,0.0036027946
21:57:35:16.360,61,0.0005694010,0.1009491384,0.0967802927,0.0000000000,0.0000000000,0.1312128901,0.2412938625,0.0005611489,0.1011745930,0.0115492372,0.0000000000,0.0000000000,0.1312209070,0.2412845194,0.2281946689,0.0000000000,0.0008537706,0.8534983993,0.0543433838,0.1154885069,0.0565600730,0.0000000000,0.0258909818,0.3705418110,0.4546533525,0.0000000000,0.0000000000,0.1241015717,0.1309750825,0.6018515825,0.5898080468,0.0465048365,0.0141702378,0.1190572828,0.1197669208,0.0228032917,0.0235110465,0.6456128955,0.6517078876,0.2968088686,0.3392491937,0.1547108889,0.1547416896,0.0912699550,0.0000000000,0.0000000000,0.0083348248,0.1421565711,0.1668578386,0.2532095313,0.2638396919,0.8267527819,0.0479011387,0.2103446722,0.0087424098,-0.0070415586,0.0618055835,-0.0004357590,0.0590072125,0.0617739782,0.0036476203
21:57:35:17.360,61,0.0005240242,0.0962001234,0.0991402939,0.0000000000,0.0000000000,0.1314876229,0.2435660511,0.0005164298,0.0964269489,0.0093509667,0.0000000000,0.0000000000,0.1314958632,0.2435493916,0.2872402370,0.0000000000,0.0011848006,0.7627657056,0.0630948022,0.1172958836,0.0568023250,0.0000000000,0.0279814657,0.3451763690,0.4431872964,0.0000000000,0.0000000000,0.1156952456,0.1261114329,0.5494434237,0.5592850447,0.0465332456,0.0140538290,0.1348253340,0.1392609030,0.0227987915,0.0235467143,0.6366197467,0.6444113255,0.3045400977,0.3537843227,0.1560661495,0.1561168283,0.0907441974,0.0000000000,0.0000000000,0.0082848463,0.1431700438,0.1682581753,0.2521399260,0.2628927231,0.1116496921,0.0490464009,0.2121439576,0.0074625527,-0.0057022735,0.0589048341,-0.0003362787,0.0604566932,0.0588730052,0.0035611999
21:57:35:18.360,61,0.0004822637,0.1004073769,0.0975008160,0.0000000000,0.0000000000,0.1299217045,0.2397563010,0.0004752745,0.1006348804,0.0111344522,0.0000000000,0.0000000000,0.1299299747,0.2397349477,0.2880283892,0.0000000000,0.0013263632,0.7496715188,0.0665337592,0.1191647500,0.0573060475,0.0000000000,0.0289248172,0.3382510245,0.4363561273,0.0000000000,0.0000000000,0.1089674532,0.1201637909,0.5341702104,0.5424426794,0.0464483649,0.0138748847,0.1403513104,0.1451135278,0.0228061397,0.0235755388,0.6303157210,0.6384397149,0.3137906194,0.3600550294,0.1564186066,0.1564731151,0.0903627053,0.0000000000,0.0000000000,0.0082215639,0.1433709264,0.1684307754,0.2517365217,0.2625707686,0.0372853391,0.0483914241,0.2131320834,0.0058478331,-0.0067888023,0.0614757761,-0.0004178702,0.0594477355,0.0614440553,0.0036551433
21:57:35:19.360,61,0.0004438311,0.1052665114,0.0970049202,0.0000000000,0.0000000000,0.1283049881,0.2359415889,0.0004373989,0.1055000424,0.0118208900,0.0000000000,0.0000000000,0.1283131093,0.2359082997,0.2828229964,0.0000000000,0.0014519884,0.7429574728,0.0701945871,0.1218255460,0.0579113066,0.0000000000,0.0297519993,0.3348419368,0.4335049093,0.0000000000,0.0000000000,0.1050818563,0.1164563522,0.5224623084,0.5252022147,0.0463693701,0.0137075204,0.1430857629,0.1479363143,0.0228198413,0.0236108433,0.6218824983,0.6300995350,0.3164675534,0.3623708785,0.1569686830,0.1570244133,0.0901500285,0.0000000000,0.0000000000,0.0081561655,0.1436219066,0.1686409861,0.2516342998,0.2625679970,0.0151651800,0.0472956970,0.2157341838,0.0041781054,-0.0072059808,0.0644479990,-0.0004650510,0.0591343306,0.0644164160,0.0038122572
21:57:35:20.361,61,0.0004084613,0.1094959378,0.0944165438,0.0000000000,0.0000000000,0.1274566501,0.2225688249,0.0004025417,0.1097249314,0.0146009997,0.0000000000,0.0000000000,0.1274645925,0.2225320339,0.2825248241,0.0000000000,0.0015489756,0.7384437323,0.0718611851,0.1229644641,0.0583757758,0.0000000000,0.0304930117,0.3334707320,0.4321577549,0.0000000000,0.0000000000,0.1026446149,0.1143513694,0.5171699524,0.5188340545,0.0462519899,0.0135206636,0.1449170113,0.1497736424,0.0228914209,0.0237117447,0.6187211871,0.6270639300,0.3202485740,0.3661736846,0.1571633220,0.1572182924,0.0899098441,0.0000000000,0.0000000000,0.0080928849,0.1438657790,0.1688397825,0.2517960370,0.2627462447,0.0282503888,0.0452290922,0.2162956446,0.0030243732,-0.0088992156,0.0670298189,-0.0005973998,0.0575466715,0.0669983327,0.0038591612
21:57:35:21.361,61,0.0003759103,0.1046392322,0.0969531462,0.0000000000,0.0000000000,0.1270962507,0.2191916555,0.0003704623,0.1048715115,0.0119565232,0.0000000000,0.0000000000,0.1271038204,0.2191513777,0.2796195745,0.0000000000,0.0017243883,0.7369616628,0.0721884221,0.1223638281,0.0586294346,0.0000000000,0.0308838468,0.3402147889,0.4316255748,0.0000000000,0.0000000000,0.1010958925,0.1127680540,0.5165253282,0.5209335089,0.0460683331,0.0132888919,0.1457535028,0.1506559998,0.0229864102,0.0238319822,0.6181567907,0.6259298325,0.3247655630,0.3679713607,0.1576657295,0.1577187330,0.0894896463,0.0000000000,0.0000000000,0.0080765169,0.1435978562,0.1681352854,0.2509683073,0.2594654262,0.0133306049,0.0433717966,0.2176280618,0.0027588794,-0.0072888425,0.0640640706,-0.0004675886,0.0591042228,0.0640324280,0.0037875441
21:57:35:22.361,61,0.0003459532,0.1042046025,0.1007107645,0.0000000000,0.0000000000,0.1271103472,0.2169800997,0.0003409394,0.1044520959,0.0082671493,0.0000000000,0.0000000000,0.1271176636,0.2169380933,0.2790777683,0.0000000000,0.0019210643,0.7233882546,0.0723603517,0.1212202162,0.0587849431,0.0000000000,0.0309960824,0.3847932816,0.4506957233,0.0000000000,0.0000000000,0.0989534631,0.1103796884,0.5141337514,0.5191273093,0.0457604863,0.0130641581,0.1458876282,0.1507604569,0.0231483914,0.0240356047,0.6210250258,0.6258898973,0.3264809549,0.3685112596,0.1615169644,0.1615475863,0.0889737532,0.0000000000,0.0000000000,0.0080554960,0.1438006163,0.1679752022,0.2504295111,0.2581368089,0.0059707342,0.0410606191,0.2183550596,0.0027717014,-0.0050398381,0.0638069808,-0.0003220126,0.0613959543,0.0637753010,0.0039183800
21:57:35:23.361,61,0.0003183836,0.0974409357,0.1078995392,0.0000000000,0.0000000000,0.1278673708,0.2037154138,0.0003137693,0.0977047831,0.0011602658,0.0000000000,0.0000000000,0.1278758794,0.2036812454,0.2552314997,0.0000000000,0.0019934899,0.6071649194,0.0720703378,0.1208117157,0.0591853820,0.0000000000,0.0309282150,0.3666942716,0.4349928498,0.0000000000,0.0000000000,0.0870399922,0.0956429914,0.4292080104,0.4388795495,0.0452771597,0.0128335664,0.1459101886,0.1506396234,0.0233940519,0.0243397932,0.6213678718,0.6223129630,0.3271661401,0.3652864099,0.1682887524,0.1683051437,0.0883261859,0.0000000000,0.0000000000,0.0080419788,0.1440329105,0.1676757485,0.2490911782,0.2540584505,0.0032943534,0.0413397290,0.2179296166,0.0037492088,-0.0007075040,0.0596844777,-0.0000422772,0.0657951832,0.0596525036,0.0039266553
21:57:35:24.361,61,0.0002930110,0.0996121168,0.1087399349,0.0000000000,0.0000000000,0.1315945089,0.1799749732,0.0002887644,0.0998841301,0.0007470193,0.0000000000,0.0000000000,0.1316106170,0.1799424887,0.2490665019,0.0000000000,0.0024762757,0.4862488210,0.0716691986,0.1671444476,0.0597190335,0.0000000000,0.0308720805,0.2234168053,0.3028537333,0.0000000000,0.0000000000,0.0820678025,0.0895872340,0.3767427504,0.3801268637,0.0449247397,0.0127976974,0.1589036137,0.1630074978,0.0239513889,0.0252884291,0.6124953032,0.6099436879,0.3357380629,0.3739187419,0.2003937513,0.2004379928,0.0876553506,0.0000000000,0.0000000000,0.0080314688,0.1570797861,0.1756944656,0.2594383955,0.2663562298,0.0000566930,0.0393501781,0.2185889482,0.0044246456,-0.0004554789,0.0610157549,-0.0000278259,0.0663023442,0.0609837472,0.0040453970
21:57:35:25.361,61,0.0002696603,0.0898547024,0.1160559654,0.0000000000,0.0000000000,0.1386768967,0.1609319001,0.0002657522,0.0901328698,0.0000000000,0.0065148808,0.0000000000,0.1386917084,0.1609137356,0.2390161455,0.0000000000,0.0064180801,0.3916260004,0.0714091286,0.1837911159,0.0608051084,0.0000000000,0.0306391846,0.1319274753,0.2082344294,0.0000000000,0.0000000000,0.0783257857,0.0842890441,0.3329453170,0.3429309130,0.0448650829,0.0129589243,0.1805059165,0.1834125370,0.0252992641,0.0270695724,0.5345466137,0.5332186818,0.3352814019,0.3725451231,0.2094863802,0.2095367461,0.0870803893,0.0000000000,0.0000000000,0.0080197649,0.1828798354,0.1950356960,0.2619177699,0.2691031396,0.0000106043,0.0390695222,0.2175337821,0.0050367382,0.0039736838,0.0550594740,0.0002190097,0.0707876161,0.0550270639,0.0038958956
21:57:35:26.362,61,0.0002481706,0.0931730419,0.1193962842,0.0000000000,0.0000000000,0.1423103660,0.1469887942,0.0002445739,0.0934721008,0.0000000000,0.0097587043,0.0000000000,0.1423220187,0.1469676048,0.2319240719,0.0000000000,0.0095403362,0.3565807343,0.0716571137,0.1961881071,0.0618656315,0.0000000000,0.0302843694,0.0987737849,0.1749908626,0.0000000000,0.0000000000,0.0763445199,0.0815620944,0.3120585084,0.3165364563,0.0464014672,0.0133013222,0.2061485201,0.1999471784,0.0272354987,0.0294751059,0.4813111126,0.4761452675,0.3077958822,0.3404696286,0.2191515863,0.2192013562,0.0862621367,0.0000000000,0.0000000000,0.0080290474,0.1971328259,0.2070164531,0.2629748285,0.2702793777,0.0000061101,0.0417897776,0.2184339166,0.0051569375,0.0059515382,0.0570998676,0.0003401999,0.0728167295,0.0570675731,0.0041562924
21:57:35:27.361,61,0.0002283934,0.0936128125,0.1197650731,0.0000000000,0.0000000000,0.1441335231,0.1427487433,0.0002250833,0.0939143673,0.0000000000,0.0101938844,0.0000000000,0.1441440582,0.1427310705,0.1638382524,0.0000000000,0.0118470825,0.2693345845,0.0748359486,0.2020766288,0.0627128333,0.0000000000,0.0297623947,0.0856653899,0.1581529975,0.0000000000,0.0000000000,0.0740634203,0.0780306086,0.2485953569,0.2516904771,0.0585342497,0.0137771750,0.2182783633,0.2061253190,0.0290252250,0.0315956287,0.3381525874,0.3329346180,0.2351160049,0.2630004287,0.2232214361,0.2232717723,0.0855303705,0.0000000000,0.0000000000,0.0081031527,0.2105583698,0.2201237828,0.2248641402,0.2303907126,0.0000000207,0.0420270897,0.2189113796,0.0039848899,0.0062168445,0.0573701337,0.0003570507,0.0730405226,0.0573378615,0.0041888314
21:57:35:28.362,61,0.0002101922,0.0787431225,0.1235973760,0.0000000000,0.0000000000,0.1480793506,0.1572050601,0.0002071460,0.0790183172,0.0000000000,0.0143641988,0.0000000000,0.1480878443,0.1572140157,0.1117002741,0.0000000000,0.0128495507,0.1875852495,0.1037232727,0.2051942497,0.0640848204,0.0000000000,0.0290354472,0.0774889663,0.1398989260,0.0000000000,0.0000000000,0.0698499978,0.0726899132,0.2294433415,0.2322204560,0.0744942576,0.0142878341,0.2706672251,0.2142608315,0.0304391049,0.0329006501,0.2008934021,0.1941440105,0.1823221147,0.1931282729,0.2251992226,0.2252473086,0.0848769769,0.0000000000,0.0000000000,0.0082723275,0.2163700312,0.2251154631,0.2153191268,0.2202993184,0.0000000247,0.0438619852,0.2212135494,0.0033921266,0.0087643703,0.0482714064,0.0004233920,0.0754138529,0.0482386500,0.0036372207
21:57:35:29.362,61,0.0001934416,0.0876130313,0.1188292578,0.0000000000,0.0000000000,0.1483836025,0.1426182389,0.0001906381,0.0878955126,0.0000000000,0.0095188012,0.0000000000,0.1483819932,0.1426698416,0.0853226557,0.0000000000,0.0138884783,0.1360691786,0.1172723621,0.1584152430,0.0914548486,0.0000000000,0.0284422301,0.0730280057,0.0994766504,0.0000000000,0.0000000000,0.0573259220,0.0581634901,0.1727258414,0.2031197697,0.1116118357,0.0147370035,0.3495705724,0.2428293377,0.0382918939,0.0388498604,0.0984475985,0.0949334055,0.1116608605,0.1166526303,0.2537716031,0.2537872195,0.0846482441,0.0000000000,0.0000000000,0.0088062324,0.2195835412,0.2268400937,0.2262428403,0.2247633040,0.0000000550,0.0476902276,0.2235357463,0.0042401874,0.0058063255,0.0536932312,0.0003120585,0.0724845380,0.0536607951,0.0038898883
21:57:36:00.362,61,0.0001780258,0.0912882537,0.1165113226,0.0000000000,0.0000000000,0.1454836577,0.1271203905,0.0001754458,0.0915713906,0.0000000000,0.0072614015,0.0000000000,0.1454757303,0.1271945238,0.0734416842,0.0000000000,0.0147722354,0.1150041446,0.1225121692,0.1237853765,0.0983570069,0.0000000000,0.0279384889,0.1363315433,0.1391954571,0.0000000000,0.0000000000,0.0516026504,0.0523606278,0.1474862695,0.1720723808,0.1229082644,0.0153216496,0.3142044544,0.2118984461,0.0477653518,0.0464785807,0.0716193393,0.0671017915,0.0878177583,0.0897246823,0.2616711557,0.2616776228,0.0841010138,0.0000000000,0.0000000000,0.0102161821,0.2239819318,0.2276182026,0.2337281704,0.2311395705,0.0000000595,0.0507422835,0.2245175838,0.0053593032,0.0044287997,0.0559383333,0.0002479976,0.0710618943,0.0559060648,0.0039735683
21:57:36:01.362,61,0.0001638386,0.0869405642,0.1134552732,0.0000000000,0.0000000000,0.1448179781,0.1026176214,0.0001614642,0.0872019902,0.0000000000,0.0045109605,0.0000000000,0.1448077559,0.1026854515,0.0672423765,0.0000000000,0.0152199650,0.1038316265,0.1211456433,0.1087511852,0.0993700773,0.0000000000,0.0275510252,0.1599443257,0.1678930968,0.0000000000,0.0000000000,0.0483632982,0.0492775179,0.1321472675,0.1536921114,0.1286649108,0.0159556698,0.3043016493,0.2036972046,0.0532394089,0.0515719578,0.0718186572,0.0667301863,0.0754912347,0.0759501904,0.2659969926,0.2659987807,0.0818431675,0.0000000000,0.0000000000,0.0117237372,0.2372056544,0.2294415981,0.2373313755,0.2346734703,0.0000003580,0.0542876236,0.2244620472,0.0074578319,0.0027516803,0.0532688685,0.0001467175,0.0692080259,0.0532365330,0.0036849198
21:57:36:02.363,61,0.0001507820,0.0843710229,0.1156276911,0.0000000000,0.0000000000,0.1442734897,0.0976388454,0.0001485968,0.0846356899,0.0000000000,0.0067782756,0.0000000000,0.1442625821,0.0976932347,0.0640999824,0.0000000000,0.0155846775,0.0981608927,0.1207790971,0.0982725099,0.0926977247,0.0000000000,0.0271184891,0.2369105220,0.2468243986,0.0000000000,0.0000000000,0.0466889776,0.0476490706,0.1251268536,0.1458771676,0.1312044114,0.0168440267,0.2517672181,0.1684850752,0.0558318608,0.0539417341,0.0870033279,0.0804658383,0.0690016150,0.0688123703,0.2472988367,0.2472987026,0.0803300440,0.0000000000,0.0000000000,0.0126116266,0.2458970100,0.2345789373,0.2384656966,0.2358546853,0.0000006810,0.0552343242,0.2230306566,0.0082589770,0.0041350801,0.0517014451,0.0002139797,0.0705389902,0.0516679324,0.0036448101
21:57:36:03.363,61,0.0001387658,0.0899302587,0.1160799116,0.0000000000,0.0000000000,0.1427341998,0.0906671211,0.0001367548,0.0902099982,0.0000000000,0.0072605149,0.0000000000,0.1427253038,0.0907274187,0.0623027757,0.0000000000,0.0157407224,0.0948064029,0.1144359484,0.0905301198,0.0872329548,0.0000000000,0.0264837407,0.2974294722,0.2950368226,0.0000000000,0.0000000000,0.0457616672,0.0467917956,0.1202949286,0.1391102672,0.1291545779,0.0175663866,0.2385739833,0.1585470140,0.0579972789,0.0560771227,0.0905074999,0.0833984762,0.0659464598,0.0654632673,0.2433095723,0.2433071434,0.0786764920,0.0000000000,0.0000000000,0.0133249266,0.2534351051,0.2408764362,0.2394374311,0.2369711250,0.0000024676,0.0570470393,0.2220972627,0.0089689707,0.0044284640,0.0551067032,0.0002442845,0.0708020255,0.0550733916,0.0038999752
21:57:36:04.362,61,0.0001277073,0.0934303924,0.1129713431,0.0000000000,0.0000000000,0.1407832652,0.0856956691,0.0001258565,0.0937067717,0.0000000000,0.0042064595,0.0000000000,0.1407780051,0.0857475027,0.0611945912,0.0000000000,0.0158171263,0.0927990898,0.1108422130,0.0857875198,0.0834199265,0.0000000000,0.0260447338,0.3277857602,0.3374670148,0.0000000000,0.0000000000,0.0452333353,0.0463447645,0.1161668822,0.1333166063,0.1227263287,0.0182122327,0.2317619175,0.1533168405,0.0593203865,0.0574093312,0.0925900117,0.0852318630,0.0644780770,0.0639821440,0.2462408692,0.2462390661,0.0768201277,0.0000000000,0.0000000000,0.0138862729,0.2579209208,0.2488175184,0.2402205169,0.2393107563,0.0000028658,0.0576323606,0.2217294723,0.0081929900,0.0025653716,0.0572423972,0.0001470085,0.0688977167,0.0572092608,0.0039427523
21:57:36:05.362,61,0.0001175301,0.0991903320,0.1131851524,0.0000000000,0.0000000000,0.1397831887,0.0733721778,0.0001158268,0.0994809195,0.0000000000,0.0043390002,0.0000000000,0.1397797316,0.0734165236,0.0604335852,0.0000000000,0.0157533269,0.0893295854,0.1050286964,0.0775789842,0.0781944096,0.0000000000,0.0258732978,0.4137751162,0.4269550741,0.0000000000,0.0000000000,0.0449811257,0.0462226681,0.1093502566,0.1242345795,0.1177406907,0.0187816210,0.2283185124,0.1506298929,0.0603310019,0.0584644414,0.0940368474,0.0867883638,0.0638743415,0.0635542348,0.2575103343,0.2575065196,0.0750678554,0.0000000000,0.0000000000,0.0142808938,0.2701115906,0.2706962824,0.2409354001,0.2434587330,0.0000027048,0.0569228269,0.2208191901,0.0062609417,0.0026456518,0.0607696511,0.0001609734,0.0690137967,0.0607366934,0.0041934764
21:57:36:06.363,61,0.0001081639,0.1065990701,0.1072526127,0.0000000000,0.0000000000,0.1382084638,0.0668393895,0.0001065963,0.1068811193,0.0017342954,0.0000000000,0.0000000000,0.1382146776,0.0668755695,0.0598167703,0.0000000000,0.0153474091,0.0826651454,0.0960539505,0.0686081499,0.0714235976,0.0000000000,0.0259829089,0.4453581274,0.4677736461,0.0000000000,0.0000000000,0.0449306183,0.0463419445,0.1051598042,0.1183611602,0.1139582768,0.0192388128,0.2267247587,0.1494487524,0.0611436367,0.0593793951,0.0948761851,0.0876883417,0.0635533109,0.0635750666,0.2609772086,0.2609730959,0.0741359815,0.0000000000,0.0000000000,0.0144978110,0.2741734087,0.2801880836,0.2411631644,0.2452069074,0.0000024563,0.0572365634,0.2191686332,0.0047648726,-0.0010571637,0.0652899966,-0.0000691205,0.0653778464,0.0652572885,0.0042693778
21:57:36:07.363,61,0.0000995441,0.1152685806,0.1044250727,0.0000000000,0.0000000000,0.1358209699,0.0602004863,0.0000981014,0.1155553162,0.0046544853,0.0000000000,0.0000000000,0.1358368248,0.0602272451,0.0591464564,0.0000000000,0.0148161491,0.0766242743,0.0889764056,0.0612723343,0.0662099272,0.0000000000,0.0262069572,0.4886897802,0.5071450472,0.0000000000,0.0000000000,0.0450150333,0.0466098040,0.1002454758,0.1121789739,0.1103107482,0.0195744764,0.2260559201,0.1490505934,0.0619092472,0.0605320111,0.0954056829,0.0882635266,0.0634037256,0.0638027564,0.2684061229,0.2684046328,0.0732566938,0.0000000000,0.0000000000,0.0146366656,0.2763949335,0.2847739458,0.2414811105,0.2476319373,0.0000007811,0.0553624853,0.2187944800,0.0028289885,-0.0028361827,0.0705890134,-0.0002005363,0.0636313558,0.0705566034,0.0044940133
21:57:36:08.363,61,0.0000916112,0.1100468412,0.1069719270,0.0000000000,0.0000000000,0.1345790029,0.0581711829,0.0000902835,0.1103347838,0.0020428002,0.0000000000,0.0000000000,0.1345997602,0.0581938215,0.0586139597,0.0000000000,0.0128303235,0.0715257227,0.0834916383,0.0543868095,0.0601320975,0.0000000000,0.0265098494,0.5110841990,0.5363398790,0.0000000000,0.0000000000,0.0451982655,0.0470074266,0.0981039628,0.1094937623,0.1080263034,0.0198288821,0.2254035026,0.1487500519,0.0624149777,0.0612518601,0.0959835351,0.0888229236,0.0632127523,0.0640137941,0.2707206607,0.2707200348,0.0712351277,0.0000000000,0.0000000000,0.0146661997,0.2778485417,0.2892225683,0.2416272312,0.2490765303,0.0000009255,0.0520712286,0.2171241641,-0.0000601654,-0.0012450423,0.0673997477,-0.0000840428,0.0651976317,0.0673671439,0.0043956907
21:57:36:09.363,61,0.0000843105,0.1191768497,0.1136472300,0.0000000000,0.0000000000,0.1327447295,0.0580579601,0.0000830887,0.1195161492,0.0000000000,0.0042951945,0.0000000000,0.1327741593,0.0580753833,0.0581786186,0.0000000000,0.0112352204,0.0691579282,0.0810130388,0.0514507107,0.0573609583,0.0000000000,0.0270048082,0.5232742429,0.5526679158,0.0000000000,0.0000000000,0.0454106629,0.0474427305,0.0968862474,0.1079503968,0.1063440591,0.0200071409,0.2246903330,0.1483718455,0.0626970530,0.0617305487,0.0966729075,0.0895559192,0.0630779415,0.0643452182,0.2717612088,0.2717616558,0.0698060542,0.0000000000,0.0000000000,0.0146666020,0.2808200121,0.2971970737,0.2420735806,0.2541102767,0.0000009250,0.0520683601,0.2163478434,-0.0018576242,0.0026167959,0.0730085298,0.0001913884,0.0692389384,0.0729761645,0.0050576953
21:57:36:10.363,61,0.0000775917,0.1275668740,0.1120603681,0.0000000000,0.0000000000,0.1299451441,0.0573841669,0.0000764672,0.1279175282,0.0000000000,0.0024720172,0.0000000000,0.1299816221,0.0573994406,0.0575156622,0.0000000000,0.0098027391,0.0670546070,0.0792872980,0.0485841334,0.0551141240,0.0000000000,0.0273516998,0.5392776132,0.5656776428,0.0000000000,0.0000000000,0.0456340685,0.0478779189,0.0959296376,0.1067737639,0.1045129225,0.0200537816,0.2241462022,0.1481642425,0.0628793091,0.0621009879,0.0972666293,0.0901116878,0.0629670173,0.0646399185,0.2732338607,0.2732352316,0.0685604438,0.0000000000,0.0000000000,0.0145777604,0.2817240953,0.2996385098,0.2423598319,0.2558564246,0.0000011457,0.0523976721,0.2155888230,-0.0033222211,0.0015054618,0.0781404749,0.0001178775,0.0682457313,0.0781083629,0.0053372327
21:57:36:11.364,61,0.0000714082,0.1239494234,0.1162573695,0.0000000000,0.0000000000,0.1287963241,0.0598820597,0.0000703734,0.1243131682,0.0000000000,0.0067199832,0.0000000000,0.1288363189,0.0598957017,0.0569619313,0.0000000000,0.0087277144,0.0657306239,0.0773190781,0.0456577875,0.0528691448,0.0000000000,0.0276165549,0.5449244380,0.5708831549,0.0000000000,0.0000000000,0.0459925197,0.0484385863,0.0953823254,0.1061352342,0.1034620404,0.0200853664,0.2238853127,0.1482728124,0.0630735904,0.0624524318,0.0975717828,0.0903723165,0.0626954585,0.0646973699,0.2741646767,0.2741664350,0.0680912510,0.0000000000,0.0000000000,0.0144770378,0.2821775377,0.3007464707,0.2410315424,0.2561469078,0.0000013100,0.0521791168,0.2135289758,-0.0052776914,0.0040931748,0.0759392455,0.0003114305,0.0708137900,0.0759070069,0.0053810580
21:57:36:12.363,61,0.0000657176,0.1117661819,0.1215694398,0.0000000000,0.0000000000,0.1299655288,0.0699653774,0.0000647652,0.1121243909,0.0000000000,0.0122983484,0.0000000000,0.1300111264,0.0699799806,0.0568151847,0.0000000000,0.0079787895,0.0650244877,0.0764408186,0.0443670861,0.0517550558,0.0000000000,0.0276760757,0.5345541239,0.5578228235,0.0000000000,0.0000000000,0.0463586636,0.0489726327,0.0952760056,0.1059873477,0.1030301228,0.0202652290,0.2235593051,0.1482110173,0.0633341521,0.0628177524,0.0980633348,0.0908299387,0.0624167323,0.0646587685,0.2706883252,0.2706899047,0.0677923560,0.0000000000,0.0000000000,0.0144262826,0.2836245894,0.3015939593,0.2402516156,0.2558176517,0.0000012869,0.0547358394,0.2127582282,-0.0046201791,0.0074950187,0.0684948266,0.0005141695,0.0740892142,0.0684621930,0.0050755600
21:57:36:13.364,61,0.0000604804,0.1010759398,0.1280912161,0.0000000000,0.0000000000,0.1348405629,0.0866976976,0.0000596039,0.1014324650,0.0000000000,0.0190489721,0.0000000000,0.1348875761,0.0867201015,0.0566293523,0.0000000000,0.0073574977,0.0643630549,0.0755875483,0.0433471464,0.0507959500,0.0000000000,0.0275922231,0.5324282646,0.5548401475,0.0000000000,0.0000000000,0.0467557013,0.0495179370,0.0953210667,0.1060645357,0.1025935337,0.0203504693,0.2235334516,0.1484830081,0.0636141747,0.0631760433,0.0983054414,0.0909920484,0.0620977618,0.0644977689,0.2700716853,0.2700730860,0.0678363889,0.0000000000,0.0000000000,0.0143797705,0.2845244110,0.3019285202,0.2382275760,0.2531352043,0.0000040110,0.0571934842,0.2143160850,-0.0031403336,0.0116140256,0.0619657636,0.0007205781,0.0780970752,0.0619327947,0.0048380047
21:57:36:14.364,61,0.0000556606,0.0833397806,0.1305165291,0.0000000000,0.0000000000,0.1377759576,0.1018212959,0.0000548539,0.0836520046,0.0000000000,0.0221351925,0.0000000000,0.1378283799,0.1018365547,0.0564449690,0.0000000000,0.0069493582,0.0638185367,0.0749050826,0.0428216718,0.0502678789,0.0000000000,0.0272931177,0.4715915322,0.4905644059,0.0000000000,0.0000000000,0.0469441749,0.0497905910,0.0953875184,0.1061899066,0.1024068594,0.0204513632,0.2246445566,0.1501817852,0.0638520718,0.0634837821,0.0982741266,0.0908741802,0.0619011670,0.0644075349,0.2652831972,0.2652868927,0.0680924430,0.0000000000,0.0000000000,0.0143861836,0.2822506726,0.2943584919,0.2327117324,0.2435538620,0.0000039736,0.0593050309,0.2152763456,-0.0008238934,0.0135039696,0.0511047691,0.0006906976,0.0796245039,0.0510713272,0.0040657464
21:57:36:15.364,61,0.0000512249,0.0638177991,0.1444416195,0.0000000000,0.0000000000,0.1401556730,0.1070492640,0.0000504825,0.0641060621,0.0000000000,0.0368817896,0.0000000000,0.1401992142,0.1070648059,0.0563611835,0.0000000000,0.0070047299,0.0635813028,0.0744454190,0.0429268107,0.0501767918,0.0000000000,0.0267560985,0.3642669618,0.3703244925,0.0000000000,0.0000000000,0.0469316430,0.0498307273,0.0958463103,0.1091215536,0.1025141552,0.0206155926,0.2305755466,0.1540370882,0.0642058998,0.0637999475,0.0977958888,0.0902282372,0.0617412105,0.0642146692,0.2515941262,0.2515763342,0.0681467876,0.0000000000,0.0000000000,0.0145066231,0.2626594603,0.2498771846,0.2246634662,0.2294762880,0.0000040010,0.0590292178,0.2164247185,0.0013854004,0.0225125328,0.0391700976,0.0008821946,0.0881671607,0.0391361676,0.0034478027
21:57:36:16.365,61,0.0000471427,0.0511778779,0.1382568032,0.0000000000,0.0000000000,0.1411918849,0.1097101197,0.0000464595,0.0514075868,0.0000000000,0.0311145522,0.0000000000,0.1412312686,0.1097285524,0.0561763160,0.0000000000,0.0073973089,0.0635609478,0.0740926787,0.0448804162,0.0505809486,0.0000000000,0.0252354126,0.2236494273,0.2172230035,0.0000000000,0.0000000000,0.0466296747,0.0495027564,0.1006046236,0.1207531542,0.1027544960,0.0207167920,0.2377417386,0.1602944285,0.0644690469,0.0639719069,0.0922104865,0.0852247700,0.0614123791,0.0637084544,0.2403239161,0.2402775586,0.0683084130,0.0000000000,0.0000000000,0.0147429164,0.2034903169,0.1908304095,0.2074059993,0.2012760788,0.0000035245,0.0598063730,0.2192652225,0.0024251451,0.0189974252,0.0314087756,0.0005968463,0.0844148993,0.0313745439,0.0026461971
21:57:36:17.365,61,0.0000433858,0.0220235772,0.1427819729,0.0000000000,0.0000000000,0.1435579211,0.1122550964,0.0000427570,0.0221593753,0.0000000000,0.0365266427,0.0000000000,0.1435778290,0.1122761294,0.0559677780,0.0000000000,0.0119994050,0.0637206659,0.0739399046,0.0519196577,0.0537962094,0.0000000000,0.0236015078,0.1479781270,0.1251963228,0.0000000000,0.0000000000,0.0460633896,0.0483177528,0.1079381257,0.1332001239,0.1030957550,0.0207430441,0.2416659743,0.1638550162,0.0645711794,0.0639481917,0.0868533179,0.0810374022,0.0609107614,0.0622934364,0.2269603610,0.2269349247,0.0689087734,0.0000000000,0.0000000000,0.0151057467,0.1863646060,0.1719222367,0.1944050938,0.1854435354,0.0000008119,0.0580061860,0.2221792191,0.0044849240,0.0223108120,0.0135397622,0.0003020765,0.0872126296,0.0135047678,0.0011763648
21:57:36:18.365,61,0.0000399283,0.0159201305,0.1429912895,0.0000000000,0.0000000000,0.1449163109,0.1125131696,0.0000393496,0.0160343945,0.0000000000,0.0370674059,0.0000000000,0.1449227631,0.1125378385,0.0559678376,0.0000000000,0.0156272352,0.0661467835,0.0748608708,0.0690695271,0.0747893676,0.0000000000,0.0229308344,0.0971715301,0.0846087039,0.0000000000,0.0000000000,0.0445763618,0.0462513342,0.1110743955,0.1389777660,0.1036511213,0.0207804032,0.2571786046,0.1706985682,0.0647324771,0.0639604405,0.0829295591,0.0784843862,0.0605545714,0.0615699217,0.2243663073,0.2243508101,0.0697068125,0.0000000000,0.0000000000,0.0157451835,0.1777517647,0.1623900533,0.1897877008,0.1793152541,0.0000006803,0.0548924357,0.2258176208,0.0057412446,0.0226421021,0.0097973663,0.0002218211,0.0873442665,0.0097622722,0.0008516216
21:57:36:19.364,61,0.0000367463,0.0219311398,0.1399253160,0.0000000000,0.0000000000,0.1454820931,0.1129553095,0.0000362138,0.0220638756,0.0000000000,0.0339469612,0.0000000000,0.1454807669,0.1129800528,0.0566179007,0.0000000000,0.0258704592,0.0797889531,0.0987428203,0.1939533353,0.1297520995,0.0000000000,0.0227341000,0.0086189937,0.0073088910,0.0000000000,0.0000000000,0.0437311046,0.0452052541,0.1333714128,0.1722011268,0.0972150266,0.0207146648,0.2873183787,0.2194334120,0.0646308288,0.0637509525,0.0926599056,0.0926946104,0.1058251336,0.1101127788,0.2222566009,0.2222475857,0.0701778159,0.0000000000,0.0000000000,0.0163456779,0.1729308814,0.1574605107,0.1913217902,0.1829086840,0.0000007060,0.0527322851,0.2292210609,0.0070026205,0.0207351372,0.0134809520,0.0002795263,0.0854678303,0.0134460535,0.0011478751
21:57:36:20.365,61,0.0000338179,0.0170726664,0.1448926181,0.0000000000,0.0000000000,0.1466030627,0.1061040610,0.0000333278,0.0171926450,0.0000000000,0.0385026075,0.0000000000,0.1465958655,0.1061231866,0.0691597387,0.0000000000,0.0320152976,0.1264354885,0.1046542898,0.2791616917,0.1449677497,0.0000000000,0.0230460409,0.0000000000,0.0000000000,0.0469064862,0.0277922601,0.0432961844,0.0447519794,0.1436537951,0.1826201081,0.0813441053,0.0208194777,0.2520171702,0.2247250527,0.0642466918,0.0633097216,0.1792667210,0.1819609255,0.1648155898,0.1786898822,0.2240833044,0.2241124958,0.0704262033,0.0000000000,0.0000000000,0.0167428404,0.1676100492,0.1548877358,0.1931874007,0.1894645095,0.0000006700,0.0514206700,0.2341192365,0.0085400324,0.0235186089,0.0105052954,0.0002470562,0.0885050520,0.0104700802,0.0009254792
21:57:36:21.365,61,0.0000311229,0.0285764243,0.1358901262,0.0000000000,0.0000000000,0.1460469216,0.1041067541,0.0000306719,0.0287281424,0.0000000000,0.0286639333,0.0000000000,0.1460390389,0.1041236147,0.1576099098,0.0000000000,0.0383554995,0.2366187721,0.0925545767,0.3547951877,0.1437242329,0.0000000000,0.0246187057,0.0000000000,0.0000000000,0.1126876697,0.0839344189,0.0435448103,0.0450213253,0.1705782413,0.1966413409,0.0685307831,0.0212013982,0.1936436594,0.1985632181,0.0633834004,0.0626829118,0.3591734469,0.3640378714,0.2510453165,0.2801549435,0.2095071673,0.2097141296,0.0708325282,0.0000000000,0.0000000000,0.0169033017,0.1529203653,0.1531934142,0.1968479902,0.1993863285,0.0000032196,0.0514746457,0.2376233935,0.0107036373,0.0175071061,0.0175517146,0.0003072956,0.0829978883,0.0175166521,0.0014523239
21:57:36:22.365,61,0.0000286427,0.0313805267,0.1309323907,0.0000000000,0.0000000000,0.1451675594,0.1092890576,0.0000282276,0.0315354094,0.0000000000,0.0232728105,0.0000000000,0.1451610774,0.1092981547,0.1935345531,0.0000000000,0.0407306813,0.2687708139,0.0876349881,0.3635914326,0.1216189563,0.0000000000,0.0250733905,0.0000000000,0.0000000000,0.1733300835,0.1404476464,0.0439388193,0.0453964472,0.2341595888,0.2550290227,0.0631870553,0.0213683788,0.1775151491,0.1930900365,0.0605671294,0.0605471991,0.4562105536,0.4440135062,0.2826079428,0.3129046857,0.1991256922,0.1993189305,0.0714294463,0.0000000000,0.0000000000,0.0168420784,0.1442373395,0.1506134123,0.1996368170,0.2043878734,0.0000043142,0.0489180163,0.2375950217,0.0097384676,0.0142139141,0.0192658342,0.0002738675,0.0799673200,0.0192307364,0.0015363802
21:57:36:23.365,61,0.0000263601,0.0168101415,0.1241703257,0.0000000000,0.0000000000,0.1451137811,0.1322605312,0.0000259781,0.0169160832,0.0000000000,0.0164273977,0.0000000000,0.1451096535,0.1322648525,0.2612721920,0.0000000000,0.0416683592,0.3382359445,0.0873624310,0.3731038570,0.1165689155,0.0000000000,0.0251152609,0.0000000000,0.0000000000,0.2269516587,0.1857900620,0.0444488414,0.0458573811,0.2857934535,0.3052958548,0.0602788515,0.0215136651,0.1765597910,0.1907117218,0.0554500632,0.0559422448,0.4953139722,0.4824990034,0.2977859676,0.3292999566,0.1718694717,0.1720470339,0.0721534491,0.0000000000,0.0000000000,0.0166315269,0.1396458000,0.1484866291,0.2060604692,0.2106305957,0.0000043329,0.0477213487,0.2388724536,0.0090835132,0.0100343907,0.0103339674,0.0001036970,0.0758473426,0.0102983415,0.0007803806
21:57:36:24.365,61,0.0000242594,0.0201554056,0.1242425442,0.0000000000,0.0000000000,0.1448082328,0.1466839761,0.0000239078,0.0202707592,0.0000000000,0.0163921490,0.0000000000,0.1448080540,0.1466853470,0.2887010276,0.0000000000,0.0382314473,0.4110740125,0.0982688740,0.3776324689,0.1266298592,0.0000000000,0.0250164811,0.0000000000,0.0000000000,0.2395557314,0.1985940337,0.0452423766,0.0466208346,0.3082158267,0.3247724175,0.0584507659,0.0216824114,0.1766084731,0.1895825565,0.0519952402,0.0527998209,0.5284590125,0.5195985436,0.3052701354,0.3340361416,0.1642575413,0.1644302160,0.0727100149,0.0000000000,0.0000000000,0.0163710117,0.1369241774,0.1468994915,0.2186784893,0.2200458050,0.0000148165,0.0474413745,0.2372643352,0.0072573754,0.0100126266,0.0123833232,0.0001239939,0.0758896917,0.0123477783,0.0009362172
21:57:36:25.366,61,0.0000223261,0.0108384257,0.1217942014,0.0000000000,0.0000000000,0.1433855593,0.1762294471,0.0000220026,0.0109266834,0.0000000000,0.0141583830,0.0000000000,0.1433968246,0.1762225181,0.2959008515,0.0000000000,0.0276183691,0.5343499184,0.1029089317,0.2781949341,0.1287595779,0.0000000000,0.0251733493,0.0000000000,0.0000000000,0.1825297177,0.1345717311,0.0467017069,0.0491253994,0.3667378724,0.3861321211,0.0572412126,0.0215324778,0.1721185148,0.1745277345,0.0440232158,0.0447021760,0.5422033668,0.5340251923,0.2415946573,0.2655841410,0.1502288133,0.1503488868,0.0737227872,0.0000000000,0.0000000000,0.0159662887,0.1150343046,0.1279790699,0.1698579788,0.1726538986,0.0001360303,0.0427924581,0.2352790236,0.0032810685,0.0086486731,0.0066749807,0.0000577299,0.0743982196,0.0066391840,0.0004934951
21:57:36:26.366,61,0.0000205469,0.0052975719,0.1125040725,0.0000000000,0.0000000000,0.1272097826,0.2095409930,0.0000202491,0.0053689703,0.0000000000,0.0048779938,0.0000000000,0.1272417158,0.2095350623,0.2644311786,0.0000000000,0.0201096442,0.6594721675,0.1064162627,0.2626492381,0.1308502853,0.0000000000,0.0242790803,0.0000000000,0.0000000000,0.1629100740,0.1194365099,0.0486269668,0.0518011712,0.4148981869,0.4341544509,0.0564472638,0.0210718680,0.1656155139,0.1627607346,0.0379467681,0.0380869918,0.5309401155,0.5096622109,0.2248144895,0.2408190221,0.1169697791,0.1170196235,0.0780405402,0.0000000000,0.0000000000,0.0154992752,0.0944458097,0.1054744422,0.1373386085,0.1379869729,0.0001743973,0.0399440564,0.2345325202,0.0021362382,0.0029797810,0.0032797321,0.0000097729,0.0687244758,0.0032437600,0.0002227510
21:57:36:27.366,61,0.0000189095,0.0073386603,0.1073364615,0.0000000000,0.0000000000,0.1144367307,0.2333485186,0.0000186354,0.0074134287,0.0006697049,0.0000000000,0.0000000000,0.1144747511,0.2333513945,0.2559800446,0.0000000000,0.0136296265,0.7212476134,0.1078931540,0.2787818313,0.1321036369,0.0000000000,0.0164155420,0.0000000000,0.0000000000,0.1801238209,0.1699534357,0.0496323332,0.0530771464,0.4405520260,0.4610859752,0.0559685864,0.0205755811,0.1588707417,0.1546352208,0.0338249467,0.0336999558,0.5305519104,0.5056508183,0.2163967639,0.2285578102,0.1026683152,0.1026818827,0.0804090127,0.0000000000,0.0000000000,0.0150562208,0.0856907815,0.0964665860,0.1260722578,0.1260215789,0.0002842224,0.0365094692,0.2328517586,0.0034104027,-0.0004090953,0.0045286058,-0.0000018526,0.0655674636,0.0044925865,0.0002943585
21:57:36:28.366,61,0.0000174025,0.0000000000,0.1241362840,0.0000000000,0.0206762813,0.1085485741,0.2392587662,0.0000171503,0.0000000000,0.0000000000,0.0167277735,0.0206508785,0.1085817367,0.2392642349,0.2332980782,0.0000000000,0.0109543027,0.7484397888,0.1087888405,0.2947415411,0.1384374648,0.0000000000,0.0138890883,0.0000000000,0.0000000000,0.1818853915,0.1798681766,0.0504614562,0.0540306196,0.4516080022,0.4728252292,0.0558264479,0.0200887416,0.1562177986,0.1509905905,0.0316956937,0.0312743261,0.5297410488,0.5033070445,0.2118368447,0.2213185430,0.0947552994,0.0947492123,0.0823132768,0.0000000000,0.0000000000,0.0146381026,0.0807131603,0.0905051604,0.1204300821,0.1198935732,0.0003084486,0.0298489314,0.2302690595,0.0036380754,0.0102180028,-0.0090111177,-0.0000920765,0.0758274570,-0.0090477280,-0.0006854275
21:57:36:29.366,61,0.0000160157,0.0000000000,0.1246762872,0.0000000000,0.0155585809,0.1027961001,0.2684177160,0.0000157836,0.0000000000,0.0000000000,0.0170845799,0.0155191971,0.1028229967,0.2684301734,0.2179682255,0.0000000000,0.0092802215,0.7893552184,0.1092773601,0.3243482709,0.1478887945,0.0000000000,0.0119803613,0.0000000000,0.0000000000,0.1848110557,0.1848503053,0.0511259474,0.0547002815,0.4569490254,0.4785702825,0.0558918379,0.0197543483,0.1514487416,0.1450933665,0.0302271340,0.0296892822,0.5292807817,0.5021942258,0.2041519433,0.2091861367,0.0860635489,0.0860595033,0.0844004303,0.0000000000,0.0000000000,0.0142321093,0.0776438415,0.0873980224,0.1177890897,0.1168882251,0.0002026171,0.0271765348,0.2293117940,0.0043835649,0.0104361381,-0.0067718956,-0.0000706722,0.0761586428,-0.0068084472,-0.0005180290
21:57:37:00.367,61,0.0000147394,0.0000000000,0.1251350343,0.0000000000,0.0086071324,0.0980669931,0.2971213758,0.0000145258,0.0000000000,0.0000000000,0.0172467791,0.0085482579,0.0980857536,0.2972301245,0.1986021399,0.0000000000,0.0079313805,0.8338363171,0.1056321338,0.3240360022,0.1505408883,0.0000000000,0.0096059982,0.0000000000,0.0000000000,0.1989762932,0.1914419830,0.0519527532,0.0553092249,0.4838773608,0.4914084673,0.0560675338,0.0194443464,0.1465975046,0.1401970983,0.0287349764,0.0281102508,0.5297098160,0.5024016500,0.1988808364,0.2009728104,0.0735878199,0.0735783800,0.0907348767,0.0000000000,0.0000000000,0.0138366930,0.0757938549,0.0854906142,0.1177360043,0.1155328006,0.0002159560,0.0242963526,0.2291982621,0.0054965126,0.0105353864,-0.0037300880,-0.0000392974,0.0764400885,-0.0037665684,-0.0002876379
21:57:37:01.367,61,0.0000135648,0.0000000000,0.1282621920,0.0000000000,0.0001790293,0.0937702656,0.3116818070,0.0000133682,0.0000000000,0.0000000000,0.0200615171,0.0000961915,0.0937816501,0.3118649423,0.1799432039,0.0000000000,0.0067457049,0.8563216329,0.0940181315,0.3064451218,0.1501713693,0.0000000000,0.0075051961,0.0000000000,0.0000000000,0.2029530704,0.1938438267,0.0534806959,0.0559648052,0.4994804561,0.5045893192,0.0562880710,0.0191408787,0.1420363784,0.1359276921,0.0273826160,0.0267448761,0.5461616516,0.5191527009,0.1955606639,0.1965955645,0.0648666918,0.0648608431,0.0943867713,0.0000000000,0.0000000000,0.0134544289,0.0743069351,0.0841251239,0.1189568862,0.1150069237,0.0001259810,0.0243011918,0.2282473594,0.0054793605,0.0122548835,-0.0000419746,-0.0000005144,0.0783509240,-0.0000783567,-0.0000061330
21:57:37:02.367,61,0.0000124838,0.0032602584,0.1218019277,0.0000000000,0.0000000000,0.0915984213,0.3146158159,0.0000123028,0.0033287467,0.0000000000,0.0132216308,0.0000000000,0.0916059241,0.3149007261,0.1571303606,0.0000000000,0.0055944165,0.8794767857,0.0868723094,0.3022955656,0.1502192914,0.0000000000,0.0056947195,0.0000000000,0.0000000000,0.2169930190,0.2082143426,0.0560176559,0.0569686890,0.5211926699,0.5211559534,0.0566724762,0.0188886207,0.1363949478,0.1290643215,0.0262586065,0.0255999248,0.5633899570,0.5396251678,0.1927984953,0.1940551847,0.0552187003,0.0552133508,0.0976886749,0.0000000000,0.0000000000,0.0131111797,0.0730493590,0.0831381753,0.1231485233,0.1153361201,0.0001133309,0.0243328176,0.2247388959,0.0060976199,0.0080766166,0.0020334816,0.0000164235,0.0744044259,0.0019971039,0.0001484565
21:57:37:03.367,61,0.0000114889,0.0016923411,0.1179147512,0.0000000000,0.0000000000,0.0904658660,0.3257153034,0.0000113224,0.0017563285,0.0000000000,0.0093605751,0.0000000000,0.0904712528,0.3260926008,0.1461895555,0.0000000000,0.0045880289,0.8985264301,0.0806456432,0.2999840379,0.1503965557,0.0000000000,0.0043275398,0.0000000000,0.0000000000,0.2544745803,0.2414574176,0.0614358410,0.0605862774,0.5402996540,0.5435401201,0.0572426431,0.0187410079,0.1331943423,0.1261235178,0.0253456663,0.0246873628,0.5984381437,0.5788587928,0.1910171062,0.1925936937,0.0480182134,0.0480171107,0.1009296179,0.0000000000,0.0000000000,0.0128083741,0.0722365975,0.0825910568,0.1284420192,0.1174228489,0.0001151391,0.0263678972,0.2217920125,0.0068499087,0.0057180459,0.0010728975,0.0000061348,0.0720299929,0.0010364801,0.0000745931
21:57:37:04.367,61,0.0000105733,0.0154502727,0.1249685436,0.0000000000,0.0000000000,0.0888776928,0.3294329643,0.0000104201,0.0155536216,0.0000000000,0.0161567591,0.0000000000,0.0888808370,0.3298446238,0.1414056718,0.0000000000,0.0039562415,0.9057768583,0.0780026168,0.2990877032,0.1502090991,0.0000000000,0.0031019130,0.0000000000,0.0000000000,0.2648051083,0.2509873807,0.0635223016,0.0620933138,0.5471591949,0.5510931611,0.0577472821,0.0186100360,0.1314039528,0.1243927553,0.0245455615,0.0238880944,0.6087272763,0.5903695226,0.1902084947,0.1919817924,0.0442604646,0.0442605093,0.1028351039,0.0000000000,0.0000000000,0.0125120869,0.0715089813,0.0820331722,0.1350563318,0.1219735369,0.0000735063,0.0285912547,0.2180403918,0.0078256112,0.0098691583,0.0095016304,0.0000937744,0.0763355345,0.0094656004,0.0007218816
21:57:37:05.367,61,0.0000097307,0.0204318836,0.1339754015,0.0000000000,0.0000000000,0.0870188251,0.3301262259,0.0000095897,0.0205567032,0.0000000000,0.0252764095,0.0000000000,0.0870199353,0.3305315077,0.1389017254,0.0000000000,0.0033773908,0.9090880156,0.0763527527,0.2983359098,0.1500469446,0.0000000000,0.0021359469,0.0000000000,0.0000000000,0.2399573773,0.2352904528,0.0647077113,0.0630132630,0.5435969234,0.5512513518,0.0582255349,0.0184180811,0.1304237992,0.1234517395,0.0238754209,0.0232126769,0.6068466306,0.5880723000,0.1900654435,0.1919984668,0.0424679890,0.0424690358,0.1038384438,0.0000000000,0.0000000000,0.0122443009,0.0707824528,0.0814380571,0.1375209391,0.1236597076,0.0000668310,0.0319896825,0.2152627409,0.0070919148,0.0154392626,0.0125588719,0.0001939022,0.0818345323,0.0125230392,0.0010237268
21:57:37:06.367,61,0.0000089553,0.0193487406,0.1318791956,0.0000000000,0.0000000000,0.0859815776,0.3252009153,0.0000088255,0.0194685012,0.0000000000,0.0231138393,0.0000000000,0.0859818608,0.3256271183,0.1377148181,0.0000000000,0.0029276924,0.9105590582,0.0753211454,0.2982488573,0.1498870701,0.0000000000,0.0010270402,0.0000000000,0.0000000000,0.2351186723,0.2327522784,0.0654771999,0.0636650175,0.5433532000,0.5521258116,0.0586266294,0.0182963796,0.1294795275,0.1225408018,0.0232731104,0.0225986578,0.6064820886,0.5863540769,0.1895930469,0.1915217340,0.0413711369,0.0413725004,0.1044424102,0.0000000000,0.0000000000,0.0120053422,0.0701359436,0.0808596537,0.1387330890,0.1244864315,0.0000878715,0.0317357816,0.2153722197,0.0057049394,0.0141184414,0.0118938154,0.0001679245,0.0805547833,0.0118579268,0.0009542245
21:57:37:07.367,61,0.0000082416,0.0038274094,0.1259293407,0.0000000000,0.0000000000,0.0856206492,0.3241121769,0.0000081222,0.0038979941,0.0000000000,0.0174898487,0.0000000000,0.0856204182,0.3245429993,0.1371469796,0.0000000000,0.0026105409,0.9110249877,0.0744725466,0.2963730693,0.1497187614,0.0000000000,0.0000858447,0.0000000000,0.0000000000,0.2343725711,0.2331474870,0.0662345514,0.0643615797,0.5434992313,0.5529284477,0.0589869060,0.0182015821,0.1287484467,0.1218867078,0.0227581877,0.0220723860,0.6064514518,0.5859122276,0.1892227232,0.1911868155,0.0407945327,0.0407960601,0.1049500704,0.0000000000,0.0000000000,0.0118096890,0.0696742013,0.0804570690,0.1394951046,0.1251168251,0.0000850940,0.0318013355,0.2155615985,0.0051750178,0.0106839100,0.0023812852,0.0000254410,0.0769256502,0.0023449659,0.0001802105
21:57:37:08.367,61,0.0000075848,0.0070616556,0.1264777184,0.0000000000,0.0000000000,0.0851595402,0.3237555027,0.0000074749,0.0071416469,0.0000000000,0.0179956052,0.0000000000,0.0851589590,0.3241809011,0.1398725659,0.0000000000,0.0024462841,0.9069777727,0.0739470422,0.2958017588,0.1495557278,0.0005585267,0.0000000000,0.0000000000,0.0000000000,0.2352947891,0.2330971658,0.0666837171,0.0648283809,0.5431039333,0.5531243682,0.0593601763,0.0180702470,0.1286668181,0.1219706535,0.0223314203,0.0216295812,0.6023647189,0.5831790566,0.1894647777,0.1915136874,0.0409358703,0.0409377962,0.1051748693,0.0000000000,0.0000000000,0.0116406679,0.0692693219,0.0800983161,0.1398903877,0.1255068779,0.0000887979,0.0327627733,0.2176955640,0.0048481142,0.0109927868,0.0043628481,0.0000479592,0.0772601292,0.0043266271,0.0003339454
21:57:37:09.367,61,0.0000069804,0.0030711491,0.1274077743,0.0000000000,0.0000000000,0.0845994577,0.3232033849,0.0000068792,0.0031396779,0.0000000000,0.0191234015,0.0000000000,0.0845987424,0.3236214817,0.1409308612,0.0000000000,0.0022068252,0.9039795399,0.0735900775,0.2953083813,0.1493890435,0.0011541802,0.0000000000,0.0000000000,0.0000000000,0.2353033423,0.2326734066,0.0669573247,0.0651351511,0.5424498320,0.5527878404,0.0597081408,0.0178994797,0.1287187636,0.1221300215,0.0219415817,0.0212271549,0.5948238969,0.5757173300,0.1896823198,0.1918910593,0.0405960158,0.0405990742,0.1056613922,0.0000000000,0.0000000000,0.0114695840,0.0688011050,0.0796845928,0.1399757713,0.1257337034,0.0000934480,0.0291944873,0.2191085517,0.0053403052,0.0116817998,0.0019180510,0.0000224058,0.0778288543,0.0018817548,0.0001463072
21:57:37:10.368,61,0.0000064241,0.0000000000,0.1302515715,0.0000000000,0.0029851280,0.0840231702,0.3189522624,0.0000063310,0.0000000000,0.0000000000,0.0222337190,0.0029109232,0.0840224177,0.3192975223,0.1448790580,0.0000000000,0.0019529128,0.8904883862,0.0736572295,0.2953073680,0.1492054164,0.0018189233,0.0000000000,0.0000000000,0.0000000000,0.2344892770,0.2295867056,0.0668517351,0.0650936365,0.5333897471,0.5453436971,0.0600322634,0.0176966805,0.1291142106,0.1225381196,0.0215980690,0.0208652504,0.5651449561,0.5400594473,0.1898854524,0.1921131164,0.0406674743,0.0406711921,0.1057129353,0.0000000000,0.0000000000,0.0113146193,0.0682795420,0.0791711211,0.1397452503,0.1256817877,0.0000823358,0.0302512795,0.2211878300,0.0064642956,0.0135817956,-0.0012702469,-0.0000172517,0.0795660913,-0.0013066416,-0.0001038548
21:57:37:11.368,61,0.0000059121,0.0000000000,0.1315092444,0.0000000000,0.0072898697,0.0838284492,0.2960258424,0.0000058265,0.0000000000,0.0000000000,0.0237101559,0.0072292048,0.0838278681,0.2962381244,0.2090166658,0.0000000000,0.0021617094,0.7758300900,0.1058894023,0.3360183239,0.1504458338,0.0021917501,0.0000000000,0.0000000000,0.0000000000,0.2278462946,0.2241810262,0.0659718364,0.0647032931,0.4659670293,0.4899597168,0.0602405332,0.0174406376,0.1445351839,0.1370811313,0.0214248318,0.0206769109,0.4957197011,0.4699262083,0.1917837709,0.1926881224,0.0449546985,0.0449538417,0.1057294831,0.0000000000,0.0000000000,0.0111812092,0.0680687055,0.0788167492,0.1333103180,0.1242708340,0.0000691447,0.0297602825,0.2226918936,0.0056831222,0.0144836390,-0.0031546662,-0.0000456896,0.0803340375,-0.0031910972,-0.0002560789
21:57:37:12.368,61,0.0000054410,0.0000000000,0.1458228678,0.0000000000,0.0097198244,0.0872782096,0.2629332542,0.0000053621,0.0000000000,0.0000000000,0.0385139808,0.0096725104,0.0872845799,0.2630400956,0.2254515141,0.0000000000,0.0040034261,0.5511417985,0.1168418303,0.3426416516,0.1516006887,0.0016438589,0.0000000000,0.0000000000,0.0000000000,0.1639993340,0.1475369632,0.0627216920,0.0621122643,0.3742712140,0.3894799054,0.0599835366,0.0171895213,0.1515450180,0.1446717680,0.0215484481,0.0208279155,0.4668790996,0.4477861524,0.1989458650,0.2063217908,0.0792864934,0.0792839900,0.1051759869,0.0000000000,0.0000000000,0.0110742692,0.0716280490,0.0794399828,0.1313782781,0.1239877269,0.0000541507,0.0299351625,0.2260112017,0.0054269484,0.0235266443,-0.0042215972,-0.0000993114,0.0890773162,-0.0042579547,-0.0003787881
21:57:37:13.368,61,0.0000050074,0.0099740932,0.1475050300,0.0000000000,0.0000000000,0.0912088379,0.2269402593,0.0000049348,0.0100705978,0.0000000000,0.0396882668,0.0000000000,0.0912256539,0.2269848138,0.2343356609,0.0000000000,0.0067459708,0.4503786266,0.1244317964,0.3477193415,0.1522435993,0.0008026124,0.0000000000,0.0000000000,0.0000000000,0.2018539757,0.1674889922,0.0608891509,0.0606945120,0.3396850526,0.3504292071,0.0598323606,0.0173512902,0.1552006155,0.1481133848,0.0220074654,0.0214404929,0.4448068738,0.4310606420,0.2007140815,0.2100829035,0.1023221686,0.1023217365,0.1046206281,0.0000000000,0.0000000000,0.0110941920,0.0943923146,0.1008590087,0.1312805861,0.1306242496,0.0000360135,0.0322873481,0.2308601588,0.0045141010,0.0242437255,0.0061535868,0.0001491731,0.0901040211,0.0061176447,0.0005504856
21:57:37:14.368,61,0.0000046083,0.0220181365,0.1543927342,0.0000000000,0.0000000000,0.0936764032,0.2144203782,0.0000045416,0.0221658442,0.0000000000,0.0463209860,0.0000000000,0.0937022120,0.2144382149,0.2385874391,0.0000000000,0.0075608189,0.4317006469,0.1277988553,0.3506088853,0.1523906738,0.0000000000,0.0001548044,0.0000000000,0.0000000000,0.2059978992,0.1655322015,0.0597539917,0.0597265363,0.3234526515,0.3321149349,0.0594774820,0.0175364576,0.1580736190,0.1513403654,0.0225424226,0.0220986512,0.4434741735,0.4276961386,0.2163752168,0.2384781688,0.1113886088,0.1113883853,0.1043159589,0.0000000000,0.0000000000,0.0110923285,0.1009760723,0.1078543365,0.1707824916,0.1774802655,0.0000038357,0.0391845964,0.2331002802,0.0062234183,0.0282932874,0.0135457655,0.0003832265,0.0943045989,0.0135101480,0.0012722583
21:57:37:15.368,61,0.0000042411,0.0335746408,0.1555716395,0.0000000000,0.0000000000,0.0956327245,0.2017740756,0.0000041796,0.0337702893,0.0000000000,0.0474201776,0.0000000000,0.0956640914,0.2017992437,0.2337279916,0.0000000000,0.0077254111,0.4154767096,0.1293547004,0.3411760926,0.1513418406,0.0000000000,0.0008264394,0.0000000000,0.0000000000,0.1759373248,0.1438443810,0.0589872338,0.0590518080,0.3145355284,0.3170454204,0.0592051558,0.0178053454,0.1609048694,0.1534179747,0.0231852047,0.0229705777,0.4404119551,0.4238091111,0.2205621302,0.2446738034,0.1162279248,0.1162251532,0.1039281189,0.0000000000,0.0000000000,0.0110583734,0.1058522463,0.1123780087,0.1800042838,0.1872965544,0.0000001828,0.0420872308,0.2336060852,0.0088754334,0.0289611742,0.0206377544,0.0005976948,0.0950132683,0.0206025187,0.0019548428
21:57:37:16.368,61,0.0000039031,0.0348619968,0.1557154059,0.0000000000,0.0000000000,0.0979588628,0.1966329664,0.0000038465,0.0350630432,0.0000000000,0.0475844927,0.0000000000,0.0980207920,0.1966631114,0.2223340422,0.0558642596,0.0000000000,0.4070342183,0.1194667071,0.2750957906,0.1371709108,0.0000000000,0.0007308833,0.0000000000,0.0000000000,0.1346876323,0.0885611773,0.0585743524,0.0586845428,0.3102926016,0.3004329801,0.0587155409,0.0179542415,0.1620406061,0.1544664204,0.0240883268,0.0239121411,0.4629562795,0.4261627793,0.2256828398,0.2481279224,0.1185840890,0.1185687706,0.1034576148,0.0000000000,0.0000000000,0.0109690875,0.1081832424,0.1148238257,0.1846000105,0.1923337430,0.0000000457,0.0463116020,0.2327486575,0.0133516705,0.0290610436,0.0214278419,0.0006227231,0.0950995088,0.0213926602,0.0020316734
21:57:37:17.369,61,0.0000035921,0.0341403037,0.1588859856,0.0000000000,0.0000000000,0.1022771671,0.1873175651,0.0000035400,0.0343429521,0.0000000000,0.0506541021,0.0000000000,0.1024027094,0.1874895543,0.2150103152,0.0817073956,0.0000000000,0.4027931392,0.1072459519,0.2373646945,0.1225896180,0.0008549355,0.0000000000,0.0000000000,0.0000000000,0.0337114222,0.0043855081,0.0584632754,0.0585960075,0.3098333478,0.2922842801,0.0579244196,0.0180554148,0.1622862965,0.1546480656,0.0250497088,0.0247163139,0.4949901700,0.4472949207,0.2287241966,0.2482564300,0.1200849786,0.1200339869,0.1010250151,0.0000000000,0.0000000000,0.0108526368,0.1096481532,0.1163928136,0.1866665781,0.1944198012,0.0000007171,0.0480692908,0.2301902771,0.0193281360,0.0309360214,0.0209889635,0.0006493067,0.0970367566,0.0209537148,0.0020303852
21:57:37:18.369,61,0.0000033058,0.0520180017,0.1595907956,0.0000000000,0.0000000000,0.1054613367,0.1803168207,0.0000032579,0.0522977225,0.0000000000,0.0508324727,0.0000000000,0.1056510508,0.1806521714,0.2065652162,0.1152670756,0.0000000000,0.4010583162,0.1013184413,0.2173406929,0.1149115115,0.0068756407,0.0000000000,0.0676255077,0.1196101531,0.0000000000,0.0000000000,0.0587400422,0.0588477775,0.3096262515,0.2808361650,0.0573689714,0.0181376711,0.1630954444,0.1551091522,0.0262969602,0.0255964436,0.5046776533,0.4527568817,0.2340029329,0.2483314872,0.1259714514,0.1253557801,0.0978887826,0.0000000000,0.0000000000,0.0107243014,0.1121904179,0.1204884052,0.1880912930,0.1958393306,0.0000018706,0.0501803420,0.2286096811,0.0251006372,0.0310359467,0.0319622681,0.0009921574,0.0974391028,0.0319274850,0.0031071114
21:57:37:19.369,61,0.0000030424,0.0657704994,0.1560952514,0.0000000000,0.0000000000,0.1101364195,0.1763121933,0.0000029983,0.0660994947,0.0000000000,0.0469045937,0.0000000000,0.1104718745,0.1767488867,0.2035881430,0.1533079743,0.0000000000,0.4371702075,0.0983592570,0.1686986089,0.1070714295,0.0113918744,0.0000000000,0.2264393270,0.2855156362,0.0000000000,0.0000000000,0.0597298443,0.0599256791,0.3135211468,0.2732204497,0.0569984317,0.0181886833,0.1632709205,0.1548271328,0.0276767518,0.0266000703,0.5141110420,0.4602994621,0.2355862111,0.2422363013,0.1306651384,0.1296928376,0.0947697461,0.0000000000,0.0000000000,0.0105897775,0.1322409362,0.1528749168,0.1890320182,0.1968713552,0.0000045637,0.0541739762,0.2274033427,0.0297317002,0.0286290292,0.0403944440,0.0011569245,0.0952759981,0.0403600670,0.0038415974
21:57:37:20.369,61,0.0000027999,0.0680517256,0.1625055373,0.0000000000,0.0000000000,0.1225681603,0.1698736697,0.0000027593,0.0684080496,0.0000000000,0.0532620847,0.0000000000,0.1230848581,0.1703294218,0.1953874081,0.1569488049,0.0000000000,0.4323915243,0.0876831412,0.1006894708,0.0896444097,0.0133218318,0.0000000000,0.4658062458,0.5174386501,0.0000000000,0.0000000000,0.0604142398,0.0607091710,0.2964445353,0.2313045561,0.0567973182,0.0181357954,0.1505078971,0.1378317624,0.0296372380,0.0285782255,0.5207818151,0.4714401662,0.2333261222,0.2338200659,0.1645233333,0.1634157002,0.0924792364,0.0000000000,0.0000000000,0.0104818074,0.1767023355,0.1898897737,0.1820344627,0.1920994371,0.0000372577,0.0592474230,0.2257944047,0.0330947191,0.0325075425,0.0418102071,0.0013596993,0.0991829485,0.0417758673,0.0041390485
21:57:37:21.369,61,0.0000025768,0.0773845240,0.1609514058,0.0000000000,0.0000000000,0.1290892363,0.1583881229,0.0000025394,0.0777769759,0.0000000000,0.0514171422,0.0000000000,0.1298436821,0.1589528620,0.1876069456,0.1733232141,0.0000000000,0.4134720266,0.0839267969,0.0798023045,0.0830475762,0.0148308519,0.0000000000,0.5371615291,0.5885211825,0.0000000000,0.0000000000,0.0611310303,0.0615793169,0.2889676690,0.2178431451,0.0568974838,0.0181069057,0.1459283084,0.1317184269,0.0332125351,0.0315321684,0.5237565637,0.4751014709,0.2294761240,0.2251713276,0.1787436306,0.1775137186,0.0890893787,0.0000000000,0.0000000000,0.0104263211,0.1899082214,0.2067608237,0.1804119498,0.1911174208,0.0002858905,0.0647127405,0.2240128070,0.0340135209,0.0313734896,0.0475346595,0.0014922065,0.0982094407,0.0475005805,0.0046609826
21:57:37:22.369,61,0.0000023714,0.0707880780,0.1532366425,0.0000000000,0.0000000000,0.1387299150,0.1462026536,0.0000023371,0.0711299181,0.0000000000,0.0436228216,0.0000000000,0.1397074908,0.1466134191,0.1754655391,0.1393347383,0.0000000000,0.3690215945,0.0796723068,0.0687680393,0.0730044544,0.0144634945,0.0000000000,0.5922095180,0.6397635937,0.0000000000,0.0000000000,0.0618656464,0.0634029359,0.2356590778,0.2006967366,0.0570426993,0.0181523189,0.1286699921,0.1171563789,0.0354887098,0.0340424441,0.5252680182,0.4787870944,0.1992321759,0.2093724161,0.1990470737,0.1984906942,0.0868614018,0.0000000000,0.0000000000,0.0103594782,0.1971469074,0.2205108702,0.1795986593,0.1907009780,0.0003283621,0.0653608367,0.2222479135,0.0327264629,0.0266225133,0.0434662141,0.0011577718,0.0935191810,0.0434318818,0.0040583261
21:57:37:23.370,61,0.0000021824,0.0739565864,0.1532605886,0.0000000000,0.0000000000,0.1469219774,0.1401150525,0.0000021508,0.0743114799,0.0000000000,0.0434031822,0.0000000000,0.1480899751,0.1404286474,0.1548100561,0.1153447479,0.0000000000,0.3105038106,0.0749496594,0.0627641007,0.0594157912,0.0102799973,0.0000000000,0.6880818009,0.7335739136,0.0000000000,0.0000000000,0.0628348961,0.0664554238,0.2126612961,0.1835806519,0.0571819954,0.0181826316,0.1190337613,0.1090684533,0.0393444747,0.0383733436,0.5129619241,0.4802056849,0.1907101721,0.2041909397,0.2233047783,0.2231512666,0.0849973634,0.0000000000,0.0000000000,0.0103393644,0.2267064750,0.2701736093,0.1826037467,0.1957215816,0.0003371460,0.0656282157,0.2190100402,0.0308165438,0.0264861807,0.0454102494,0.0012034300,0.0935257673,0.0453759581,0.0042405222
21:57:37:24.369,61,0.0000020085,0.0794181004,0.1481134742,0.0000000000,0.0000000000,0.1541141421,0.1362913251,0.0000019794,0.0797781795,0.0000000000,0.0380167179,0.0000000000,0.1552408934,0.1365221143,0.1464843303,0.0517660342,0.0000000000,0.2922655642,0.0694743916,0.0589327887,0.0487961657,0.0045654541,0.0000000000,0.7608372569,0.7878316045,0.0000000000,0.0000000000,0.0670109019,0.0744077936,0.2021394670,0.1775304377,0.0571784414,0.0181654766,0.1109121516,0.1029091552,0.0434122197,0.0433075912,0.5095639825,0.4849998355,0.1866941154,0.2019758523,0.2406813204,0.2406680435,0.0834088922,0.0000000000,0.0000000000,0.0104307840,0.2533106804,0.2869023979,0.1925377399,0.2029729933,0.0004110183,0.0663074479,0.2148094773,0.0266666412,0.0231955163,0.0487468429,0.0011315028,0.0903706402,0.0487126969,0.0043996605
21:57:37:25.370,61,0.0000018485,0.0802346542,0.1432577223,0.0000000000,0.0000000000,0.1653492153,0.1156468168,0.0000018217,0.0805817917,0.0000000000,0.0330870859,0.0000000000,0.1661837995,0.1157066077,0.1409316659,0.0094700893,0.0000000000,0.2820226848,0.0669807494,0.0563109219,0.0427586921,0.0000000000,0.0037652468,0.7874055505,0.8098173141,0.0000000000,0.0000000000,0.0716314092,0.0815352499,0.1902449578,0.1743366271,0.0571211390,0.0182172190,0.1067340076,0.0992709994,0.0475118272,0.0484864451,0.5029312372,0.4879611433,0.1847235113,0.2011159211,0.2632050216,0.2632065713,0.0821594372,0.0000000000,0.0000000000,0.0106321415,0.2816699445,0.3032944202,0.1970266253,0.2062729150,0.0007429495,0.0661365539,0.2099622488,0.0235606395,0.0201872680,0.0492346585,0.0009946491,0.0874058157,0.0492005348,0.0042983815
21:57:37:26.370,61,0.0000017011,0.0891000777,0.1423944980,0.0000000000,0.0000000000,0.1693157554,0.1092541665,0.0000016765,0.0894758329,0.0000000000,0.0320434906,0.0000000000,0.1700573713,0.1092605293,0.1358725429,0.0000000000,0.0066986363,0.2724202871,0.0644891411,0.0536755286,0.0389667191,0.0000000000,0.0103253573,0.8033348322,0.8283609152,0.0000000000,0.0000000000,0.0760154277,0.0867884979,0.1840303540,0.1725942791,0.0569189154,0.0181742050,0.1043663546,0.0972194746,0.0505958609,0.0522925146,0.5005268455,0.4954190254,0.1847853065,0.2054728568,0.2711564600,0.2711799145,0.0810204744,0.0000000000,0.0000000000,0.0108638583,0.2940687835,0.3159283996,0.1993184984,0.2086241990,0.0007167576,0.0680174902,0.2056585103,0.0188881606,0.0195450168,0.0546681285,0.0010694867,0.0868547261,0.0546342954,0.0047439686
21:57:37:27.370,61,0.0000015656,0.1016876325,0.1328066885,0.0000000000,0.0000000000,0.1716704667,0.0868180543,0.0000015429,0.1020678431,0.0000000000,0.0220648143,0.0000000000,0.1723535061,0.0868038982,0.1224189699,0.0000000000,0.0160604678,0.2267851681,0.0631807819,0.0522872657,0.0368164144,0.0000000000,0.0148517266,0.8109048009,0.8361470699,0.0000000000,0.0000000000,0.0782627389,0.0892837942,0.1721748859,0.1695969850,0.0566756018,0.0181038361,0.1030394509,0.0959776416,0.0522350296,0.0542010702,0.4833471477,0.4971775413,0.1873409897,0.2129608095,0.2823132575,0.2823323309,0.0789860114,0.0000000000,0.0000000000,0.0110711390,0.3097068667,0.3361095488,0.2028447986,0.2147241682,0.0007324000,0.0709374472,0.2023906857,0.0147901475,0.0134524377,0.0623553619,0.0008398948,0.0809701756,0.0623218901,0.0050471965
21:57:37:28.370,61,0.0000014408,0.0933841765,0.1409702301,0.0000000000,0.0000000000,0.1853378713,0.0804130062,0.0000014199,0.0937698409,0.0000000000,0.0303933304,0.0000000000,0.1858039349,0.0803875178,0.1133760139,0.0000000000,0.0195568409,0.2115937620,0.0625398234,0.0513447896,0.0354108401,0.0000000000,0.0212304592,0.8116457462,0.8394586444,0.0000000000,0.0000000000,0.0794883743,0.0907101035,0.1679984778,0.1683954746,0.0567124486,0.0180481765,0.1026143879,0.0954850689,0.0532425568,0.0553101636,0.4352321029,0.4649266601,0.1881204545,0.2155353427,0.2894255221,0.2894417346,0.0777945071,0.0000000000,0.0000000000,0.0112306457,0.3319878578,0.3600490689,0.2042300850,0.2170024067,0.0006266967,0.0706875101,0.2009795606,0.0122710587,0.0185357779,0.0572905876,0.0010630278,0.0859733820,0.0572568551,0.0049218438
21:57:37:29.371,61,0.0000013260,0.0925870240,0.1420596987,0.0000000000,0.0000000000,0.1945903599,0.0768285245,0.0000013068,0.0929740891,0.0000000000,0.0315136500,0.0000000000,0.1950214058,0.0767984688,0.1087443978,0.0000000000,0.0211802572,0.2022424340,0.0617965795,0.0503758676,0.0343223810,0.0000000000,0.0240644924,0.8192541599,0.8464882374,0.0000000000,0.0000000000,0.0805135816,0.0918300971,0.1649596244,0.1672092229,0.0565124080,0.0179132670,0.1023660675,0.0951924101,0.0541587621,0.0562587008,0.4444057643,0.4665962756,0.1951735169,0.2242404222,0.2986433208,0.2986562550,0.0763767511,0.0000000000,0.0000000000,0.0114269024,0.3409755826,0.3687492609,0.2051922530,0.2184277624,0.0000596645,0.0737708658,0.2002072185,0.0100101735,0.0192195494,0.0568051487,0.0010928775,0.0866402313,0.0567713752,0.0049177785
21:57:38:00.370,61,0.0000012203,0.0906303525,0.1345688701,0.0000000000,0.0000000000,0.2046639472,0.0718322694,0.0000012026,0.0909822881,0.0000000000,0.0241018794,0.0000000000,0.2051136047,0.0718101859,0.1020891219,0.0000000000,0.0220455825,0.1972573251,0.0611857139,0.0497656390,0.0335260071,0.0000000000,0.0256672949,0.8212952018,0.8484997749,0.0000000000,0.0000000000,0.0813538656,0.0926271975,0.1587311029,0.1611278355,0.0563100316,0.0177902784,0.1024724245,0.0952057391,0.0552484021,0.0572160520,0.4427766502,0.4643079937,0.1985657066,0.2272325605,0.3229604065,0.3229705095,0.0755188912,0.0000000000,0.0000000000,0.0116219334,0.3463335931,0.3733418584,0.2073653936,0.2206971943,0.0000376308,0.0741442665,0.1995119750,0.0106706424,0.0147002647,0.0555839315,0.0008179115,0.0820772350,0.0555501394,0.0045589427
21:57:38:01.370,61,0.0000011231,0.0870771036,0.1315527707,0.0000000000,0.0000000000,0.2089534998,0.0662266985,0.0000011068,0.0874067172,0.0000000000,0.0211719740,0.0000000000,0.2094029039,0.0662141964,0.0987426713,0.0000000000,0.0220970772,0.1943883598,0.0606282279,0.0492651463,0.0328748338,0.0000000000,0.0265349280,0.8204519153,0.8472578526,0.0000000000,0.0000000000,0.0818424299,0.0929987580,0.1532338411,0.1546313912,0.0560719408,0.0177096017,0.1024211422,0.0950716138,0.0560099036,0.0579347946,0.4419794977,0.4629771709,0.1999348253,0.2283187062,0.3300052285,0.3300140202,0.0749388486,0.0000000000,0.0000000000,0.0117689501,0.3468495011,0.3683573604,0.2080374062,0.2213640064,0.0000056701,0.0720018446,0.2001509517,0.0099433726,0.0129147898,0.0533981882,0.0006902633,0.0802471265,0.0533642732,0.0042817742
21:57:38:02.371,61,0.0000010336,0.0836877003,0.1285020411,0.0000000000,0.0000000000,0.2132659405,0.0644157380,0.0000010186,0.0839962065,0.0000000000,0.0182184074,0.0000000000,0.2136987150,0.0644067079,0.0967379585,0.0000000000,0.0223868676,0.1926441640,0.0600632615,0.0490237698,0.0323840007,0.0000000000,0.0268731751,0.8115630746,0.8359909058,0.0000000000,0.0000000000,0.0821980760,0.0931470767,0.1508654654,0.1521380991,0.0558291152,0.0176298954,0.1024912298,0.0950608104,0.0567693971,0.0586471148,0.4414353371,0.4616819322,0.2008157969,0.2286103070,0.3339619040,0.3339697123,0.0744463652,0.0000000000,0.0000000000,0.0119420318,0.3473564982,0.3666753173,0.2088087946,0.2219085246,0.0000016509,0.0714290813,0.2005971670,0.0086593786,0.0111143449,0.0513135381,0.0005708056,0.0783946663,0.0512795448,0.0040194290
21:57:38:03.371,61,0.0000009512,0.0820426121,0.1230845004,0.0000000000,0.0000000000,0.2151051313,0.0634737685,0.0000009374,0.0823278949,0.0000000000,0.0128126061,0.0000000000,0.2155326754,0.0634667575,0.0950019956,0.0000000000,0.0223488975,0.1913666129,0.0596618429,0.0490004458,0.0319875181,0.0000000000,0.0271712951,0.7927818298,0.8217536807,0.0000000000,0.0000000000,0.0822383910,0.0929803625,0.1479064673,0.1494101882,0.0555602871,0.0176133551,0.1023712084,0.0948150083,0.0572729930,0.0591265336,0.4408043027,0.4594353735,0.2001262307,0.2243036777,0.3360088468,0.3360160589,0.0739268810,0.0000000000,0.0000000000,0.0120573416,0.3404600322,0.3579201996,0.2092558295,0.2221392840,0.0000005820,0.0672291443,0.2014951557,0.0082524605,0.0078168809,0.0502928011,0.0003934606,0.0750934705,0.0502587408,0.0037737167
21:57:38:04.371,61,0.0000008754,0.0602769218,0.1215848327,0.0000000000,0.0000000000,0.2228327543,0.0629793480,0.0000008627,0.0604984611,0.0000000000,0.0120474678,0.0000000000,0.2233172655,0.0629738644,0.0940208063,0.0000000000,0.0221075285,0.1906712353,0.0592407137,0.0490194000,0.0317198150,0.0000000000,0.0272327401,0.7711625695,0.8005771637,0.0000000000,0.0000000000,0.0819586590,0.0924759209,0.1463171840,0.1479019076,0.0553656742,0.0176577456,0.1022616625,0.0946282223,0.0576662570,0.0595023781,0.4402597547,0.4559563994,0.1995329410,0.2208285481,0.3365554810,0.3365622461,0.0734392405,0.0000000000,0.0000000000,0.0121360766,0.3319417238,0.3475232422,0.2096107602,0.2222402692,0.0000005246,0.0648742467,0.2025623173,0.0072320998,0.0073543540,0.0369574055,0.0002719192,0.0742215291,0.0369227789,0.0027391876
21:57:38:05.371,61,0.0000008056,0.0351831131,0.1475243717,0.0000000000,0.0000000000,0.2309498638,0.0710884109,0.0000007940,0.0353741907,0.0000000000,0.0389424711,0.0000000000,0.2313973606,0.0710861608,0.0942302570,0.0000000000,0.0220572297,0.1958015263,0.0586718619,0.0492296219,0.0315904133,0.0000000000,0.0273890961,0.7409992814,0.7745997310,0.0000000000,0.0000000000,0.0813173056,0.0907714963,0.1458573937,0.1476322412,0.0550388284,0.0176961012,0.1018487290,0.0942673236,0.0577882379,0.0595948473,0.4478489757,0.4579807818,0.1961463094,0.2161196470,0.3148531318,0.3148590624,0.0730162859,0.0000000000,0.0000000000,0.0121648349,0.3084124923,0.3223254085,0.2092535347,0.2211354822,0.0000004670,0.0642298236,0.2050558776,0.0079793446,0.0237830468,0.0216149762,0.0005141016,0.0900966525,0.0215796828,0.0019419270
21:57:38:06.371,61,0.0000007414,0.0461816788,0.1315235347,0.0000000000,0.0000000000,0.2332524210,0.0731160641,0.0000007307,0.0463839024,0.0000000000,0.0225822497,0.0000000000,0.2336984128,0.0731148869,0.0942908600,0.0000000000,0.0219080206,0.1969988793,0.0582562797,0.0500040799,0.0316798575,0.0000000000,0.0274218544,0.6895759702,0.7245473266,0.0000000000,0.0000000000,0.0795881078,0.0875304863,0.1454297602,0.1473455876,0.0547612645,0.0177845377,0.1016720831,0.0940504819,0.0577890426,0.0595752932,0.4488810599,0.4565612376,0.1922110617,0.2113526016,0.3089300394,0.3089355826,0.0729232728,0.0000000000,0.0000000000,0.0121273454,0.3011150658,0.3146664500,0.2081806809,0.2193988860,0.0000003441,0.0668989792,0.2059593946,0.0087915119,0.0137891741,0.0283370055,0.0003908362,0.0803111345,0.0283020306,0.0022711281
21:57:38:07.372,61,0.0000006824,0.0529609099,0.1320398450,0.0000000000,0.0000000000,0.2308370471,0.0723023191,0.0000006725,0.0531852022,0.0000000000,0.0229984429,0.0000000000,0.2312044799,0.0723011792,0.0952767879,0.0000000000,0.0219886675,0.1979363412,0.0578359365,0.0558864921,0.0324767679,0.0000000000,0.0274616722,0.6010135412,0.6415663958,0.0000000000,0.0000000000,0.0743649527,0.0807314441,0.1453330219,0.1475007683,0.0545797199,0.0179117154,0.1021555066,0.0946032330,0.0574621074,0.0592185408,0.4474417567,0.4536085129,0.1907235682,0.2096522152,0.2880573571,0.2880691886,0.0726554394,0.0000000000,0.0000000000,0.0120124547,0.2803338766,0.2976654172,0.2016642392,0.2122387290,0.0000002033,0.0657945946,0.2074873596,0.0073135090,0.0140415337,0.0324921906,0.0004563859,0.0806162730,0.0324574336,0.0026146763
21:57:38:08.372,61,0.0000006280,0.0495175272,0.1330323219,0.0000000000,0.0000000000,0.2244433761,0.0662973598,0.0000006189,0.0497328043,0.0000000000,0.0243603755,0.0000000000,0.2247052193,0.0662962496,0.0964175239,0.0000000000,0.0219199788,0.1983219534,0.0575881973,0.0754561648,0.0348380730,0.0000000000,0.0273144338,0.4939319491,0.5398304462,0.0000000000,0.0000000000,0.0693483949,0.0745720118,0.1457055211,0.1482635885,0.0545016229,0.0180666093,0.1119686887,0.1026412398,0.0568976663,0.0586335659,0.4227116704,0.4189752042,0.1900094002,0.2088305801,0.2808148861,0.2808302641,0.0721383020,0.0000000000,0.0000000000,0.0118228076,0.2727306485,0.2889063954,0.1977956742,0.2058803588,0.0000000876,0.0665011629,0.2083032727,0.0057682204,0.0148740401,0.0303834043,0.0004520464,0.0812275708,0.0303486306,0.0024631871
21:57:38:09.372,61,0.0000005779,0.0376857333,0.1343242228,0.0000000000,0.0000000000,0.2226525694,0.0642946139,0.0000005696,0.0378650911,0.0000000000,0.0265463423,0.0000000000,0.2228724509,0.0642935187,0.0994890183,0.0000000000,0.0219336599,0.1948039085,0.0576878004,0.1396748871,0.0414734147,0.0000000000,0.0270774011,0.3000997603,0.3622352183,0.0000000000,0.0000000000,0.0659778044,0.0703532174,0.1861349046,0.1921622008,0.0560540371,0.0181122534,0.1888684332,0.1758230627,0.0555847920,0.0574767962,0.3372437358,0.3371526897,0.2246031910,0.2553214431,0.2754803598,0.2755065262,0.0718979985,0.0000000000,0.0000000000,0.0116406633,0.2704240978,0.2857000232,0.1959494203,0.2032482326,0.0000000802,0.0627028421,0.2100151330,0.0048092720,0.0162119046,0.0231335144,0.0003750887,0.0820322111,0.0230985954,0.0018930389
21:57:38:10.372,61,0.0000005319,0.0325785130,0.1423331350,0.0000000000,0.0000000000,0.2147617340,0.0831987932,0.0000005242,0.0327515975,0.0000000000,0.0351848677,0.0000000000,0.2148692906,0.0831983238,0.1005024388,0.0000000000,0.0221362934,0.1641833037,0.0599760450,0.2081932425,0.0460332371,0.0000000000,0.0268993489,0.1158616319,0.1779355556,0.0000000000,0.0000000000,0.0638978779,0.0677649975,0.2033888698,0.2162267566,0.0617744811,0.0181313474,0.2389770448,0.2153957039,0.0535395741,0.0554961488,0.2536954880,0.2517988682,0.2334875762,0.2668520510,0.2425594181,0.2426073849,0.0719778165,0.0000000000,0.0000000000,0.0114945667,0.2479803413,0.2583865821,0.1984084547,0.2039451301,0.0000000707,0.0585398488,0.2147405595,0.0056643998,0.0214889105,0.0200114343,0.0004300483,0.0869291052,0.0199765246,0.0017345845
21:57:38:11.372,61,0.0000004895,0.0418430716,0.1359380186,0.0000000000,0.0000000000,0.1901578605,0.0895130262,0.0000004824,0.0420382544,0.0000000000,0.0282999258,0.0000000000,0.1901937872,0.0895140395,0.0857993439,0.0000000000,0.0267060809,0.1484149396,0.0985766128,0.2346956432,0.0959348828,0.0000000000,0.0269942377,0.0454973467,0.0674465969,0.0000000000,0.0000000000,0.0587640963,0.0613632239,0.1685709357,0.1996426582,0.0638363212,0.0183143225,0.2584483325,0.2303494364,0.0526356585,0.0545109697,0.1640154123,0.1643150002,0.1736940145,0.1917026043,0.2300075591,0.2300557196,0.0722282380,0.0000000000,0.0000000000,0.0116251037,0.1933751255,0.1954860091,0.2103412002,0.2102404088,0.0000000794,0.0582571290,0.2183589041,0.0065912590,0.0172817409,0.0256835446,0.0004439319,0.0830126256,0.0256488174,0.0021271945
21:57:38:12.372,61,0.0000004505,0.0502135754,0.1337256134,0.0000000000,0.0000000000,0.1617030054,0.1082843617,0.0000004440,0.0504316054,0.0000000000,0.0259067900,0.0000000000,0.1617045850,0.1083186194,0.0738389269,0.0000000000,0.0282546580,0.1294619292,0.1107852682,0.2482620776,0.1422321200,0.0000000000,0.0264661908,0.0060512060,0.0112688513,0.0000000000,0.0000000000,0.0518837981,0.0526954494,0.1596555859,0.1880413443,0.0650134310,0.0184305534,0.2725852430,0.2357300222,0.0522668511,0.0539865270,0.1277226061,0.1252606809,0.1438090950,0.1441239119,0.2239979506,0.2240453511,0.0725599006,0.0000000000,0.0000000000,0.0124988370,0.1750593930,0.1715511382,0.2134525329,0.2114769667,0.0000011834,0.0565027744,0.2201321274,0.0076719825,0.0158180483,0.0308107715,0.0004875002,0.0816498399,0.0307762958,0.0025108757
21:57:38:13.372,61,0.0000004146,0.0504428260,0.1331341565,0.0000000000,0.0000000000,0.1472708434,0.1055306941,0.0000004086,0.0506603457,0.0000000000,0.0253366251,0.0000000000,0.1472401321,0.1055734456,0.0666303188,0.0000000000,0.0315409563,0.1191984341,0.1166140214,0.1961109787,0.2170650512,0.0000000000,0.0261841435,0.0000000000,0.0000000000,0.0607725829,0.0778821558,0.0416734889,0.0418382920,0.1282969117,0.1596488953,0.0730219930,0.0185455065,0.3092789352,0.2364693135,0.0532075465,0.0541221984,0.0777110532,0.0787813291,0.0781089514,0.0783023760,0.2283646017,0.2283865809,0.0726478994,0.0000000000,0.0000000000,0.0254603624,0.1609642208,0.1502677500,0.2018540204,0.1930041164,0.0000012965,0.0552644804,0.2219295502,0.0101042278,0.0154698528,0.0309503507,0.0004789311,0.0812883452,0.0309158899,0.0025111295
21:57:38:14.373,61,0.0000003815,0.0512199625,0.1293444335,0.0000000000,0.0000000000,0.1374078691,0.1056456789,0.0000003760,0.0514319725,0.0000000000,0.0216388404,0.0000000000,0.1373704672,0.1056920886,0.0625906438,0.0000000000,0.0327423811,0.1131412387,0.1192287505,0.1821297705,0.2409162074,0.0000000000,0.0260399859,0.0000000000,0.0000000000,0.0785297751,0.1009087488,0.0361492075,0.0360072851,0.1167859659,0.1448802054,0.0797128230,0.0187317710,0.3200993538,0.2284952700,0.0564039610,0.0555893444,0.0602992103,0.0620057844,0.0581117831,0.0569330119,0.2286078036,0.2286237329,0.0726549700,0.0000000000,0.0000000000,0.0367812291,0.1546273381,0.1416770518,0.1990337670,0.1883044988,0.0000021818,0.0517876185,0.2221930325,0.0115121994,0.0132118929,0.0314207487,0.0004152521,0.0789732710,0.0313863456,0.0024769155
21:57:38:15.373,61,0.0000003511,0.0466841832,0.1296557337,0.0000000000,0.0000000000,0.1329924315,0.1061408296,0.0000003460,0.0468831062,0.0000000000,0.0221363399,0.0000000000,0.1329508871,0.1061878577,0.0598605759,0.0000000000,0.0335415788,0.1078439057,0.1157669425,0.1626516283,0.2531671822,0.0000000000,0.0258856434,0.0000000000,0.0000000000,0.0831733942,0.1083084345,0.0329998508,0.0327114761,0.1082282886,0.1345983148,0.0834815502,0.0189654659,0.3256677687,0.2264234573,0.0608847849,0.0585766360,0.0514321625,0.0533625036,0.0479367785,0.0461044461,0.2313355356,0.2313672453,0.0723585188,0.0000000000,0.0000000000,0.0442901999,0.1511570066,0.1371756196,0.1974468231,0.1858154237,0.0000024189,0.0470313616,0.2226561010,0.0136959860,0.0135167753,0.0286418814,0.0003872400,0.0791699067,0.0286073759,0.0022630920
21:57:38:16.373,61,0.0000003232,0.0413759239,0.1257346570,0.0000000000,0.0000000000,0.1305248439,0.1031355113,0.0000003185,0.0415521674,0.0000000000,0.0185253620,0.0000000000,0.1304816157,0.1031733081,0.0572251678,0.0000000000,0.0340040103,0.0967266187,0.1020739973,0.1459808648,0.2415420562,0.0000000000,0.0255853701,0.0000000000,0.0000000000,0.0795536563,0.1087400764,0.0311073214,0.0307555925,0.1007258371,0.1254042238,0.0854144394,0.0191804040,0.3282299936,0.2253715992,0.0648366213,0.0618484430,0.0470139533,0.0489264391,0.0430101939,0.0408626087,0.2341773659,0.2342213988,0.0709312409,0.0000000000,0.0000000000,0.0485143028,0.1474793851,0.1341294199,0.1961878240,0.1840665191,0.0000016008,0.0437081717,0.2199145854,0.0141788200,0.0113128545,0.0253843982,0.0002872256,0.0767823458,0.0253498182,0.0019449210
21:57:38:17.373,61,0.0000002974,0.0505185127,0.1100189462,0.0000000000,0.0000000000,0.1283531189,0.1015593335,0.0000002931,0.0506888591,0.0000000000,0.0025406412,0.0000000000,0.1283117980,0.1015919596,0.0534757935,0.0000000000,0.0340723544,0.0902556181,0.0954439864,0.1390404850,0.2373140603,0.0000000000,0.0253981594,0.0000000000,0.0000000000,0.0701220632,0.0936736017,0.0298650619,0.0295043159,0.0973460525,0.1210074350,0.0863472670,0.0193193965,0.3294444084,0.2249710113,0.0676796660,0.0647467896,0.0449019372,0.0466973670,0.0412842445,0.0395490676,0.2568035424,0.2568651438,0.0703679621,0.0000000000,0.0000000000,0.0506903343,0.1456861347,0.1325968802,0.1949563026,0.1828612089,0.0000015535,0.0388872698,0.2162210494,0.0128375050,0.0015512456,0.0309641007,0.0000480483,0.0671747029,0.0309297889,0.0020767963
21:57:38:18.373,61,0.0000002737,0.0419670157,0.1140051782,0.0000000000,0.0000000000,0.1269739419,0.1047077999,0.0000002697,0.0421252064,0.0000000000,0.0066765514,0.0000000000,0.1269349456,0.1047297791,0.0519197956,0.0000000000,0.0338032544,0.0875541419,0.0926761702,0.1315883994,0.1840798706,0.0000000000,0.0251440555,0.0000000000,0.0000000000,0.0531144887,0.0727143735,0.0291556939,0.0288140550,0.0957719386,0.1190037951,0.0870853513,0.0196089074,0.2735444009,0.1810315102,0.0689035803,0.0659523234,0.0454626232,0.0460141301,0.0403784364,0.0387470871,0.2424530983,0.2425298393,0.0716682896,0.0000000000,0.0000000000,0.0514896736,0.1443653554,0.1316576898,0.1780920178,0.1688257009,0.0000008993,0.0325908512,0.2133644074,0.0130167492,0.0040771225,0.0257330388,0.0001049396,0.0696188882,0.0256984588,0.0017880447
21:57:38:19.373,61,0.0000002519,0.0474109612,0.1015645117,0.0000000000,0.0000000000,0.1210212931,0.1129882857,0.0000002482,0.0475583300,0.0058796336,0.0000000000,0.0000000000,0.1209919900,0.1129937321,0.0507582538,0.0000000000,0.0334049165,0.0858400241,0.0909951404,0.1284735799,0.1731949896,0.0000000000,0.0247233473,0.0000000000,0.0000000000,0.0450355373,0.0625125095,0.0286174528,0.0282853339,0.0950482115,0.1178855225,0.0875834450,0.0197477303,0.2707676888,0.1783224195,0.0695068985,0.0666384026,0.0458624996,0.0459301397,0.0403359197,0.0387984701,0.2159880847,0.2161840647,0.0722202137,0.0000000000,0.0000000000,0.0518954583,0.1431404352,0.1309424043,0.1733780652,0.1646638811,0.0000006602,0.0289137848,0.2123491913,0.0137623409,-0.0035901486,0.0290519223,-0.0001043298,0.0620161816,0.0290175136,0.0017989049
21:57:38:20.373,61,0.0000002318,0.0427805334,0.0826379657,0.0000000000,0.0000000000,0.1190914214,0.1145976111,0.0000002285,0.0428867005,0.0246329121,0.0000000000,0.0000000000,0.1190638617,0.1145875454,0.0489087217,0.0000000000,0.0327079929,0.0844699740,0.0897965506,0.1253355891,0.1669640839,0.0000000000,0.0243215989,0.0000000000,0.0000000000,0.0341868624,0.0471552163,0.0282186437,0.0278988406,0.0947316363,0.1170875430,0.0877671912,0.0198829751,0.2666643560,0.1750902385,0.0697676614,0.0670575723,0.0464106947,0.0461791158,0.0405407175,0.0390444733,0.2089240849,0.2091509104,0.0724245608,0.0000000000,0.0000000000,0.0518809147,0.1423175484,0.1305206716,0.1708781570,0.1621857584,0.0000003944,0.0193211269,0.2127268165,0.0144188404,-0.0150422277,0.0262009632,-0.0003941961,0.0504634157,0.0261664595,0.0013201891
21:57:38:21.373,61,0.0000002133,0.0305929389,0.0460290574,0.0000000000,0.0000000000,0.1174386665,0.1066886410,0.0000002102,0.0306408573,0.0606537536,0.0000000000,0.0000000000,0.1174127311,0.1065583676,0.0465682596,0.0000000000,0.0311054029,0.0785304159,0.0837750733,0.0994627848,0.1552372873,0.0000000000,0.0208499283,0.0000000000,0.0000000000,0.0298276730,0.0417994112,0.0278298464,0.0274944529,0.0940957591,0.1111978740,0.0877768174,0.0199709870,0.2644755244,0.1737711132,0.0697247088,0.0672415644,0.0467341430,0.0462621935,0.0406797342,0.0391482860,0.2047194541,0.2049731463,0.0723897591,0.0000000000,0.0000000000,0.0515779518,0.1319958270,0.1243278235,0.1635190994,0.1479043216,0.0000005058,0.0008875643,0.2123327553,0.0139779998,-0.0370447747,0.0187302865,-0.0006937817,0.0281126425,0.0186955519,0.0005255733
21:57:38:22.374,61,0.0000001963,0.0280748904,0.0000000000,0.0072774501,0.0000000000,0.1160015836,0.1045907289,0.0000001935,0.0280643143,0.1136688739,0.0000000000,0.0000000000,0.1159786731,0.1043979600,0.0446076840,0.0000000000,0.0238903668,0.0708184019,0.0744560733,0.0900990143,0.1515731961,0.0000000000,0.0178920366,0.0000000000,0.0000000000,0.0423898362,0.0491449460,0.0273550693,0.0269902162,0.0924957320,0.1013600081,0.0879927650,0.0199682433,0.2928608656,0.2147064358,0.0698505417,0.0677110180,0.0466522761,0.0459955186,0.0408927612,0.0392941758,0.1979314089,0.1985095143,0.0720626637,0.0000000000,0.0000000000,0.0517655499,0.1275037229,0.1218216345,0.1606815606,0.1429280490,0.0000002975,-0.0265079457,0.2098637223,0.0130399084,-0.0694261491,0.0171849187,-0.0011922412,-0.0044448879,0.0171501432,-0.0000762377
21:57:38:23.374,61,0.0000001807,0.0000000000,0.0000000000,0.0474679694,0.0055806735,0.1155737564,0.1032076254,0.0000001781,0.0000000000,0.1535225213,0.0000000000,0.0054766717,0.1155527756,0.1029507220,0.0423967391,0.0000000000,0.0207918212,0.0650971085,0.0693121478,0.0844572708,0.1463530213,0.0000000000,0.0148633821,0.0000000000,0.0000000000,0.0435481817,0.0500056855,0.0269431919,0.0265129339,0.0904692933,0.0952895433,0.0877294466,0.0200162306,0.2558959723,0.1831026822,0.0695990250,0.0678425431,0.0466021411,0.0457731709,0.0407078192,0.0390191823,0.1793979108,0.1805420518,0.0718544349,0.0000000000,0.0000000000,0.0517855957,0.1232391223,0.1187738553,0.1479416937,0.1283039749,0.0000002782,-0.0671607181,0.2075176984,0.0086536454,-0.0937813222,-0.0024001962,0.0002247642,-0.0289964471,-0.0024360521,0.0000706271
21:57:38:24.374,61,0.0000001663,0.0111062089,0.0000000000,0.0980660021,0.0000000000,0.1152143776,0.1033656523,0.0000001639,0.0110973250,0.2045718879,0.0000000000,0.0000000000,0.1151951700,0.1028151512,0.0397502445,0.0000000000,0.0184904058,0.0614748038,0.0663633868,0.0816258490,0.1443844736,0.0000000000,0.0118128527,0.0000000000,0.0000000000,0.0249938406,0.0469343662,0.0267261453,0.0261446740,0.0897877887,0.0926068798,0.0860935375,0.0200775675,0.2477217913,0.1765476763,0.0695188046,0.0682982802,0.0466249250,0.0456113592,0.0403544903,0.0385458879,0.1687288135,0.1701655984,0.0716868564,0.0000000000,0.0000000000,0.0521103740,0.1214726493,0.1175670177,0.1442182809,0.1236325279,0.0000004648,-0.1009443104,0.2001730055,0.0070383777,-0.1249629930,0.0068322476,-0.0008515707,-0.0599037409,0.0067965887,-0.0004069039
21:57:38:25.374,61,0.0000001530,0.0350119062,0.0000000000,0.1978154778,0.0000000000,0.1153723970,0.1036824882,0.0000001508,0.0347163714,0.3049046397,0.0000000000,0.0000000000,0.1153562143,0.1029542461,0.0384211130,0.0000000000,0.0143161491,0.0590557568,0.0644377917,0.0804252252,0.1455444992,0.0000000000,0.0098364754,0.0000000000,0.0000000000,0.0201643184,0.0333604440,0.0266765058,0.0259104762,0.0897133946,0.0909330398,0.0853766426,0.0202905107,0.2435412854,0.1731812656,0.0699275732,0.0740857869,0.0467579104,0.0456177555,0.0400026739,0.0381138809,0.1646090746,0.1661984473,0.0720319450,0.0000000000,0.0000000000,0.0566321053,0.1247682199,0.1291401237,0.1433238983,0.1216385961,0.0000007958,-0.1630386859,0.1990600973,0.0029913178,-0.1862132996,0.0215801559,-0.0039959271,-0.1208108366,0.0215446167,-0.0025968922
21:57:38:26.374,61,0.0000001408,0.0643958896,0.0000000000,0.2751027644,0.0000000000,0.1194950864,0.0872146338,0.0000001388,0.0636105984,0.3810462356,0.0000000000,0.0000000000,0.1194883808,0.0851349905,0.0372214168,0.0000000000,0.0116281761,0.0563382506,0.0628561452,0.0793497860,0.1418532729,0.0000000000,0.0080824140,0.0000000000,0.0000000000,0.0018081246,0.0154409735,0.0267783031,0.0257724542,0.0898333862,0.0896927342,0.0846232325,0.0206115469,0.2123930901,0.1537065655,0.0703367442,0.0770396441,0.0472550504,0.0459013171,0.0396288335,0.0376044884,0.1624171287,0.1641090065,0.0726053938,0.0000000000,0.0000000000,0.0578963012,0.1257639229,0.1321155578,0.1451857835,0.1208638102,0.0000007688,-0.2276144177,0.2022811472,0.0105433799,-0.2325889766,0.0399333425,-0.0092091737,-0.1679194868,0.0398987010,-0.0066717700
21:57:38:27.375,61,0.0000001296,0.0281863157,0.0000000000,0.3437657058,0.0000000000,0.1349922121,0.0834869817,0.0000001277,0.0278058928,0.4475210309,0.0000000000,0.0000000000,0.1350779086,0.0809559301,0.0364201479,0.0000000000,0.0096335104,0.0546588339,0.0617927834,0.0771759152,0.1290915608,0.0026674103,0.0000000000,0.0354051441,0.0055122785,0.0000000000,0.0000000000,0.0270878114,0.0257974397,0.0902744606,0.0888031572,0.0843123347,0.0211075284,0.2013115138,0.1446792036,0.0707995296,0.0796108842,0.0501795150,0.0464483537,0.0392672494,0.0370224677,0.1608138978,0.1625624001,0.0740929022,0.0000000000,0.0000000000,0.0585568361,0.1268960834,0.1338089705,0.1458834559,0.1206002980,0.0000007675,-0.2720000744,0.2060891241,0.0056385491,-0.2733345926,0.0176406037,-0.0047624288,-0.2099629492,0.0176046994,-0.0036695993
21:57:38:28.375,61,0.0000001193,0.0144474022,0.0000000000,0.4120818675,0.0000000000,0.1398656666,0.0870125145,0.0000001176,0.0142452214,0.5139793754,0.0000000000,0.0000000000,0.1400087774,0.0831830949,0.0359680541,0.0000000000,0.0043542022,0.0536586270,0.0610728227,0.0762952566,0.1259655803,0.0066054482,0.0000000000,0.0143214557,0.0069896718,0.0000000000,0.0000000000,0.0272877328,0.0257672984,0.0908261463,0.0880768001,0.0840729997,0.0217529088,0.1936412901,0.1365872771,0.0708514750,0.0807149187,0.0513744764,0.0468749478,0.0383210778,0.0352586694,0.1520405710,0.1544907093,0.0759608522,0.0000000000,0.0000000000,0.0597590879,0.1249448583,0.1274054646,0.1404529363,0.1173586622,0.0000005476,-0.3284613788,0.2092034966,0.0050825211,-0.3139598668,0.0091491500,-0.0028255791,-0.2517165244,0.0091125965,-0.0022697034
21:57:38:29.375,61,0.0000001098,0.0000000000,0.0000000000,0.4833564460,0.0089052068,0.1590983421,0.0883373916,0.0000001082,0.0000000000,0.5820754766,0.0000000000,0.0086459862,0.1599939615,0.0836049840,0.0358795412,0.0040753614,0.0000000000,0.0534937866,0.0611545667,0.0759577528,0.1294244975,0.0100890305,0.0000000000,0.0123373792,0.0091361515,0.0000000000,0.0000000000,0.0275012851,0.0257869866,0.0919286534,0.0875834823,0.0842299685,0.0246544108,0.1837138087,0.1233019754,0.0706699193,0.0813244656,0.0548311062,0.0476816483,0.0375518203,0.0337561816,0.1504832953,0.1533698738,0.0766677707,0.0000000000,0.0000000000,0.0608007386,0.1244950667,0.1255818158,0.1389807612,0.1162935719,0.0000000162,-0.3592457771,0.2040887177,0.0090825837,-0.3555669785,-0.0040242430,0.0014009342,-0.2952633500,-0.0040613841,0.0011818355
21:57:39:00.374,61,0.0000001010,0.0000000000,0.0000000000,0.5594301224,0.0042649009,0.1875385642,0.0890600011,0.0000000996,0.0000000000,0.6543955207,0.0000000000,0.0040920726,0.1903885156,0.0836713538,0.0361066274,0.0092437780,0.0000000000,0.0532439537,0.0610917732,0.0727343485,0.1254705787,0.0379910283,0.0000000000,0.0614075884,0.0142819872,0.0000000000,0.0000000000,0.0278764572,0.0259271748,0.0926373750,0.0870309323,0.0847160742,0.0271257088,0.1784091145,0.1186698526,0.0706009492,0.0820613876,0.0625192672,0.0490084998,0.0369734429,0.0327487066,0.1526826322,0.1561834961,0.0773949400,0.0000000000,0.0000000000,0.0611586869,0.1241973266,0.1240822226,0.1381634325,0.1157750934,0.0000000182,-0.3961090446,0.2003185898,0.0069748601,-0.3997468054,-0.0019383215,0.0007543667,-0.3417358398,-0.0019751273,0.0006619114
21:57:39:01.375,61,0.0002222575,0.0000000000,0.0000000000,0.5227124095,0.0088693136,0.2127373815,0.0878649205,0.0002234719,0.0000000000,0.6195685863,0.0000000000,0.0086015044,0.2196862400,0.0808039233,0.0364470072,0.0132688880,0.0000000000,0.0531175993,0.0612051859,0.0704818219,0.1214698851,0.0492709726,0.0000000000,0.0757031441,0.0223041736,0.0000000000,0.0000000000,0.0282823946,0.0260985810,0.0932701081,0.0865260437,0.0852626339,0.0286071878,0.1756975502,0.1161323041,0.0705354810,0.0827740580,0.0709247068,0.0512134545,0.0366529189,0.0319841541,0.1594433337,0.1634392589,0.0779075399,0.0000000000,0.0000000000,0.0611821413,0.1243519485,0.1230681241,0.1382724345,0.1159923300,0.0000000678,-0.4406258464,0.1964157075,0.0034394483,-0.3784700632,-0.0040389476,0.0014923953,-0.3193043768,-0.0040759942,0.0012794860
21:57:39:02.375,61,0.0002858826,0.0000000000,0.0000000000,0.5557063222,0.0394924171,0.2306461185,0.0876700357,0.0002873452,0.0000000000,0.6507602930,0.0000000000,0.0385370329,0.2436179370,0.0796445459,0.0375982001,0.0198085066,0.0000000000,0.0531702079,0.0614097379,0.0668845102,0.1186829284,0.0564908162,0.0000000000,0.0808470026,0.0249385163,0.0000000000,0.0000000000,0.0286669601,0.0262748934,0.0949667320,0.0862368047,0.0881348997,0.0311094820,0.1739328504,0.1146003455,0.0701951832,0.0831318721,0.0748494640,0.0523676574,0.0362354331,0.0311964415,0.1697456688,0.1742837429,0.0779381618,0.0000000000,0.0000000000,0.0611469299,0.1242340580,0.1203244328,0.1382450163,0.1162441671,0.0000001032,-0.4720985889,0.1906180382,0.0005764979,-0.3974675238,-0.0182367526,0.0070598307,-0.3394092321,-0.0182744507,0.0060847173
21:57:39:03.375,61,0.0005010342,0.0000000000,0.0000000000,0.5318446159,0.0836204514,0.2478165776,0.0870920122,0.0005035389,0.0000000000,0.6280025840,0.0000000000,0.0817417428,0.2721526027,0.0782859251,0.0397160985,0.0260910895,0.0000000000,0.0535923466,0.0620702989,0.0653179958,0.1176274642,0.0614130832,0.0000000000,0.0787294358,0.0249491259,0.0000000000,0.0000000000,0.0290285368,0.0264614262,0.0973543227,0.0861950070,0.0897256732,0.0344284438,0.1689728945,0.1114335954,0.0697237253,0.0832534954,0.0778219625,0.0535837971,0.0356681831,0.0299214125,0.1792454720,0.1838319451,0.0776016116,0.0000000000,0.0000000000,0.0611209869,0.1240217239,0.1174298078,0.1379387081,0.1163796186,0.0000000967,-0.4947717190,0.1861028820,-0.0009249256,-0.3833682537,-0.0384595767,0.0143917678,-0.3246612549,-0.0384984203,0.0122859785
21:57:39:04.375,61,0.0007723427,0.0000000000,0.0000000000,0.5369704366,0.0580528527,0.2587151825,0.0834905282,0.0007763865,0.0000000000,0.6333578825,0.0000000000,0.0567087419,0.3261470795,0.0746736005,0.0412823632,0.0443252623,0.0000000000,0.0548507161,0.0640136823,0.0645355880,0.1174216270,0.1450284421,0.0000000000,0.0341950543,0.0085891830,0.0000000000,0.0000000000,0.0293979701,0.0266563036,0.1031856537,0.0864140019,0.0913107693,0.0374831595,0.1673535258,0.1101922095,0.0693367571,0.0834760293,0.0801477507,0.0544433668,0.0351018757,0.0288414042,0.1946116537,0.1989304870,0.0768504441,0.0000000000,0.0000000000,0.0613460615,0.1242920309,0.1162538379,0.1378016919,0.1195079014,0.0000001006,-0.5076778531,0.1827419251,-0.0049927216,-0.3867716193,-0.0267178789,0.0100800535,-0.3279073834,-0.0267562605,0.0086190365
21:57:39:05.376,61,0.0008393658,0.0000000000,0.0000000000,0.5572199821,0.0746233612,0.2628740668,0.0817216039,0.0008436748,0.0000000000,0.6522331238,0.0000000000,0.0728841573,0.4016957879,0.0726343840,0.0427716225,0.0580232441,0.0000000000,0.0561349168,0.0661737695,0.0632060394,0.1173768491,0.0983208492,0.0000000000,0.0782793909,0.0132622896,0.0000000000,0.0000000000,0.0297113173,0.0269681495,0.1049908698,0.0867465809,0.0919798613,0.0411260277,0.1572484523,0.1047641337,0.0691035315,0.0838556215,0.0846946314,0.0554724559,0.0344352499,0.0276732855,0.2019914091,0.2086492777,0.0761581287,0.0000000000,0.0000000000,0.0622945800,0.1241868287,0.1155638397,0.1373763978,0.1228141338,0.0000000842,-0.5270825624,0.1792053282,-0.0108963195,-0.3982137740,-0.0345022827,0.0133835506,-0.3401986361,-0.0345408991,0.0115294866
21:57:39:06.375,61,0.0008353114,0.0000000000,0.0000000000,0.5963463187,0.0251975600,0.2466537952,0.0800893009,0.0008395882,0.0000000000,0.6896380186,0.0000000000,0.0245313067,0.4759683013,0.0710414276,0.0436335765,0.0719184279,0.0000000000,0.0569117069,0.0672112480,0.0605399571,0.1175698414,0.0921774432,0.0000000000,0.0861948356,0.0146605726,0.0000000000,0.0000000000,0.0299246684,0.0272880383,0.1059220582,0.0872530863,0.0920957923,0.0429726727,0.1527148932,0.1023740247,0.0690402463,0.0844342709,0.0865233839,0.0561007522,0.0337531269,0.0266761575,0.2093243599,0.2202855945,0.0753218904,0.0000000000,0.0000000000,0.0636365265,0.1238942891,0.1150508299,0.1369639486,0.1281384677,0.0000029959,-0.5517970324,0.1776257604,-0.0181370787,-0.4212502241,-0.0117292302,0.0047962861,-0.3642642200,-0.0117665911,0.0041921572
21:57:39:07.376,61,0.0008023768,0.0000000000,0.0000000000,0.6130989194,0.0065729618,0.2269778103,0.0772549734,0.0008064792,0.0000000000,0.7052887678,0.0000000000,0.0063406206,0.5390418768,0.0689460635,0.0451789834,0.0838505700,0.0000000000,0.0594242029,0.0692895353,0.0591213591,0.1178760231,0.0893561468,0.0000000000,0.0805289596,0.0157254674,0.0000000000,0.0000000000,0.0300871879,0.0276286229,0.1066126674,0.0885305405,0.0923242569,0.0459848009,0.1477546245,0.0988794193,0.0689509436,0.0849129260,0.0881623104,0.0567409322,0.0330543518,0.0258146133,0.2124888748,0.2258284539,0.0747002289,0.0000000000,0.0000000000,0.0649106801,0.1236152127,0.1148307025,0.1366258860,0.1326829791,0.0000044243,-0.5719633698,0.1788585186,-0.0230493788,-0.4308346808,-0.0030448660,0.0012716287,-0.3745192289,-0.0030816018,0.0011273305
21:57:39:08.376,61,0.0007564358,0.0000000000,0.0000000000,0.5998339057,0.0163460802,0.2165157497,0.0738965571,0.0007603004,0.0000000000,0.6926311851,0.0000000000,0.0158871412,0.5893065929,0.0666999593,0.0464463308,0.0935923755,0.0000000000,0.0630143806,0.0720509067,0.0582336523,0.1184323207,0.0900513530,0.0000000000,0.0672899559,0.0161560979,0.0000000000,0.0000000000,0.0302337389,0.0279749930,0.1075371131,0.0905949697,0.0926789567,0.0491361991,0.1456039846,0.0972399637,0.0688546896,0.0853343233,0.0892432332,0.0572637469,0.0323607139,0.0250054915,0.2145671099,0.2294275463,0.0740721747,0.0000000000,0.0000000000,0.0685459673,0.1234148368,0.1148097217,0.1362523735,0.1350903362,0.0000052310,-0.5810807347,0.1799908429,-0.0217077490,-0.4230934978,-0.0076024435,0.0031214850,-0.3664079309,-0.0076394356,0.0027369820
21:57:39:09.376,61,0.0007057894,0.0000000000,0.0000000000,0.5851311088,0.0257893167,0.2115667760,0.0722338632,0.0007093938,0.0000000000,0.6786044240,0.0000000000,0.0251195431,0.6068584323,0.0655044839,0.0473697633,0.0977692977,0.0000000000,0.0657472238,0.0744297728,0.0577678867,0.1190086976,0.0904723182,0.0000000000,0.0399747863,0.0086976197,0.0000000000,0.0000000000,0.0303459466,0.0282503627,0.1098747104,0.0924453661,0.0929301083,0.0505261049,0.1445568800,0.0963118449,0.0686362833,0.0855605826,0.0899228603,0.0577087291,0.0316944420,0.0242669769,0.2149752676,0.2305542231,0.0738881975,0.0000000000,0.0000000000,0.0700328648,0.1231886223,0.1147744060,0.1337816715,0.1359617710,0.0000112721,-0.5870603323,0.1799864024,-0.0218151044,-0.4145094752,-0.0119745899,0.0048228516,-0.3574126363,-0.0120118298,0.0042025349
21:57:39:10.376,61,0.0006547011,0.0000000000,0.0000000000,0.5644664764,0.0327205434,0.2091863900,0.0702591985,0.0006580437,0.0000000000,0.6588665843,0.0000000000,0.0319100358,0.5974559188,0.0640012324,0.0481118523,0.1003474444,0.0000000000,0.0672018602,0.0759348050,0.0577593893,0.1205704734,0.0913328379,0.0000000000,0.0313513428,0.0052525909,0.0000000000,0.0000000000,0.0304064397,0.0284516811,0.1117588803,0.0934872031,0.0932863876,0.0512963794,0.1442101449,0.0958472341,0.0685196966,0.0859048292,0.0905909091,0.0582315214,0.0312111787,0.0236719213,0.2150976658,0.2311053723,0.0738590956,0.0000000000,0.0000000000,0.0711109415,0.1232080162,0.1147964597,0.1331854165,0.1366221160,0.0000090981,-0.5891501307,0.1807385385,-0.0221223775,-0.4024374485,-0.0151324021,0.0059271734,-0.3447763920,-0.0151698217,0.0051275389
21:57:39:11.377,61,0.0006291223,0.0000000000,0.0000000000,0.5793009996,0.0175510999,0.2081689835,0.0684845448,0.0006322256,0.0000000000,0.6733434796,0.0000000000,0.0170718562,0.5816363096,0.0624645278,0.0487734713,0.1018700227,0.0000000000,0.0682458580,0.0772377253,0.0578196719,0.1221430078,0.0921992138,0.0000000000,0.0278156642,0.0040066699,0.0000000000,0.0000000000,0.0304836631,0.0286759175,0.1129045486,0.0943521485,0.0936544687,0.0518288016,0.1439776868,0.0953875557,0.0682580248,0.0860271007,0.0918209702,0.0588485450,0.0308397841,0.0231752675,0.2148850113,0.2310074121,0.0739671513,0.0000000000,0.0000000000,0.0718036816,0.1232756749,0.1148356348,0.1330437213,0.1372052580,0.0000077183,-0.5863330960,0.1812877804,-0.0216230620,-0.4113100767,-0.0081268083,0.0032492434,-0.3538640738,-0.0081639560,0.0028290702
21:57:39:12.377,61,0.0005870421,0.0000000000,0.0000000000,0.5631325841,0.0281458683,0.2077947557,0.0707877502,0.0005899090,0.0000000000,0.6580317616,0.0000000000,0.0274354126,0.5681148171,0.0646424294,0.0494585671,0.1025880873,0.0000000000,0.0687817633,0.0779595971,0.0577201545,0.1229724064,0.0931057110,0.0000000000,0.0673921853,0.0146498661,0.0000000000,0.0000000000,0.0306176953,0.0289339684,0.1135540530,0.0949286968,0.0941440091,0.0521985814,0.1440552473,0.0951817483,0.0681279823,0.0863128528,0.0949965566,0.0597211234,0.0306067020,0.0227934923,0.2145684361,0.2306897044,0.0742402002,0.0000000000,0.0000000000,0.0723292455,0.1234370694,0.1149621233,0.1333633214,0.1379156709,0.0000069078,-0.5823468566,0.1807787567,-0.0250837933,-0.4019382894,-0.0130076595,0.0050888769,-0.3439711332,-0.0130451359,0.0043994100
21:57:39:13.376,61,0.0005445713,0.0000000000,0.0000000000,0.5408504009,0.0343868099,0.2168487608,0.0712742954,0.0005472157,0.0000000000,0.6369171143,0.0000000000,0.0335560814,0.5340392590,0.0650234595,0.0499398261,0.1015652940,0.0000000000,0.0689654350,0.0783291757,0.0575296804,0.1229455546,0.0938471034,0.0000000000,0.0768974647,0.0176769048,0.0000000000,0.0000000000,0.0307901688,0.0291843377,0.1140306741,0.0953547210,0.0945618674,0.0523149557,0.1444060504,0.0952404290,0.0679025054,0.0864453390,0.0963654742,0.0603781156,0.0305142328,0.0225304160,0.2143481225,0.2301918119,0.0745180994,0.0000000000,0.0000000000,0.0723234341,0.1237564757,0.1151364818,0.1338019371,0.1384046376,0.0000008703,-0.5799517632,0.1795431226,-0.0297414213,-0.3890266120,-0.0158240870,0.0060023144,-0.3303481340,-0.0158617999,0.0051455153
21:57:39:14.376,61,0.0005034812,0.0000000000,0.0000000000,0.5475327373,0.0421453267,0.2289293855,0.0726195574,0.0005059181,0.0000000000,0.6432595253,0.0000000000,0.0411372744,0.5140637755,0.0658015013,0.0502275005,0.1008823365,0.0000000000,0.0689772516,0.0785348937,0.0575604625,0.1232174486,0.0939511359,0.0000000000,0.0747637749,0.0197596047,0.0000000000,0.0000000000,0.0308635626,0.0293247420,0.1142364368,0.0955430865,0.0949146077,0.0522320233,0.1463909745,0.0956014767,0.0676770136,0.0865873694,0.0969983339,0.0608166903,0.0305225682,0.0223794430,0.2148827016,0.2304233164,0.0744783655,0.0000000000,0.0000000000,0.0725307390,0.1246077940,0.1155156270,0.1374528408,0.1392124593,0.0000001590,-0.5772416592,0.1771282107,-0.0400999188,-0.3928780854,-0.0194300413,0.0074395686,-0.3344100118,-0.0194679368,0.0063903290
21:57:39:15.377,61,0.0004645931,0.0000000000,0.0000000000,0.5583302379,0.0388133191,0.2379404902,0.0734451041,0.0004668374,0.0000000000,0.6536282897,0.0000000000,0.0378663316,0.4895613790,0.0663006604,0.0505230986,0.0987786427,0.0000000000,0.0689364374,0.0786845163,0.0576204509,0.1230839267,0.0939868242,0.0000000000,0.0646515340,0.0193169229,0.0000000000,0.0000000000,0.0309450831,0.0294630211,0.1144927368,0.0957932919,0.0952225700,0.0520785078,0.1473615617,0.0959427804,0.0673078895,0.0864867270,0.0975034162,0.0612660833,0.0305347107,0.0222493056,0.2149248123,0.2301083654,0.0744453892,0.0000000000,0.0000000000,0.0723581538,0.1251301765,0.1158118993,0.1386103630,0.1395497918,0.0000001884,-0.5748416781,0.1754633337,-0.0422440954,-0.3992212415,-0.0179325826,0.0069710463,-0.3410136998,-0.0179704074,0.0060106451
21:57:39:16.377,61,0.0004282299,0.0000000000,0.0000000000,0.5690312982,0.0402554758,0.2416537553,0.0793507993,0.0004302963,0.0000000000,0.6639235616,0.0000000000,0.0392632596,0.4762646258,0.0697017461,0.0507702418,0.0973153263,0.0000000000,0.0687261149,0.0786944926,0.0576009080,0.1224998608,0.0940062180,0.0000000000,0.0625657737,0.0198652484,0.0000000000,0.0000000000,0.0310311746,0.0296104737,0.1147661284,0.0961144939,0.0954560935,0.0519108400,0.1478414834,0.0960873663,0.0668813065,0.0863000602,0.0981007218,0.0617838502,0.0305508710,0.0221365653,0.2150224894,0.2298708558,0.0741203353,0.0000000000,0.0000000000,0.0720006451,0.1253857762,0.1160208583,0.1390827894,0.1397418082,0.0000001917,-0.5706406236,0.1738384962,-0.0461502261,-0.4055048227,-0.0186439436,0.0073554330,-0.3475455344,-0.0186818410,0.0063635246
21:57:39:17.377,61,0.0003944573,0.0000000000,0.0000000000,0.5854958892,0.0434857011,0.2441829443,0.0860628188,0.0003963595,0.0000000000,0.6796703339,0.0000000000,0.0423998833,0.4518249631,0.0737042576,0.0510242693,0.0951455384,0.0000000000,0.0685963929,0.0787386447,0.0576908700,0.1221782789,0.0936449021,0.0000000000,0.0605113655,0.0200313032,0.0000000000,0.0000000000,0.0310683008,0.0296753570,0.1150681227,0.0963658690,0.0957074165,0.0516797975,0.1482844204,0.0962501690,0.0663915053,0.0859973505,0.0983339921,0.0621966943,0.0304930154,0.0220001973,0.2135226727,0.2275308520,0.0740715116,0.0000000000,0.0000000000,0.0715801194,0.1256328672,0.1161759794,0.1391145736,0.1395391077,0.0000004562,-0.5665058494,0.1750311553,-0.0497559868,-0.4151115119,-0.0202176999,0.0081545692,-0.3575918674,-0.0202557035,0.0070907408
21:57:39:18.377,61,0.0003632116,0.0000000000,0.0000000000,0.6186127067,0.0413955636,0.2458912581,0.0931482315,0.0003649626,0.0000000000,0.7113403082,0.0000000000,0.0403200760,0.4444693625,0.0790593401,0.0513701513,0.0933527201,0.0000000000,0.0683360547,0.0786862522,0.0575987585,0.1211550534,0.0931906998,0.0000000000,0.0618640780,0.0225652568,0.0000000000,0.0000000000,0.0311334338,0.0297833495,0.1152205914,0.0966267213,0.0959187225,0.0515987426,0.1481048912,0.0960309207,0.0659154877,0.0857008323,0.0988703594,0.0627599433,0.0303878039,0.0218534879,0.2131429613,0.2268670946,0.0738692209,0.0000000000,0.0000000000,0.0710938573,0.1257911921,0.1164267734,0.1389369220,0.1394167691,0.0000003990,-0.5597643852,0.1786386818,-0.0470899679,-0.4344612658,-0.0193950050,0.0081646219,-0.3778242171,-0.0194329917,0.0071695931
21:57:39:19.377,61,0.0003343680,0.0000000000,0.0000000000,0.6067702770,0.0539256893,0.2466330826,0.1018484682,0.0003359795,0.0000000000,0.6999156475,0.0000000000,0.0525673069,0.4401893318,0.0865422189,0.0516541339,0.0900208503,0.0000000000,0.0679655969,0.0784279034,0.0572417565,0.1197874397,0.0926319510,0.0000000000,0.0625445619,0.0236966331,0.0000000000,0.0000000000,0.0311780330,0.0298275370,0.1151622385,0.0966668203,0.0958392322,0.0514878519,0.1476796716,0.0956866667,0.0653902590,0.0852877721,0.0990520343,0.0631206930,0.0301076453,0.0216056947,0.2098498493,0.2229788154,0.0738289207,0.0000000000,0.0000000000,0.0706544667,0.1255549043,0.1164007485,0.1365908086,0.1387968808,0.0000003692,-0.5578889847,0.1811467558,-0.0487570576,-0.4274343550,-0.0252048522,0.0104501853,-0.3705473244,-0.0252431128,0.0091428664
21:57:39:20.378,61,0.0003077758,0.0000000000,0.0000000000,0.5900814533,0.0545055009,0.2483321130,0.1043681651,0.0003092590,0.0000000000,0.6840272546,0.0000000000,0.0531576648,0.4378516376,0.0887214541,0.0518641472,0.0875737667,0.0000000000,0.0676421374,0.0781655982,0.0567211546,0.1151687279,0.0921870023,0.0000000000,0.0627282187,0.0223728381,0.0000000000,0.0000000000,0.0312865674,0.0299278572,0.1153049618,0.0968657508,0.0956730247,0.0514351279,0.1471019983,0.0952562690,0.0647884011,0.0847103447,0.0991855860,0.0633914620,0.0297750458,0.0213342737,0.2087336332,0.2214225978,0.0734469295,0.0000000000,0.0000000000,0.0700282156,0.1252003908,0.1163623035,0.1348843127,0.1381813288,0.0000003705,-0.5555801988,0.1853585690,-0.0497928411,-0.4177291095,-0.0253769122,0.0102969017,-0.3603537083,-0.0254151877,0.0089632189
21:57:39:21.378,61,0.0002832776,0.0000000000,0.0000000000,0.5766056180,0.0541069508,0.2500716746,0.1054946631,0.0002846426,0.0000000000,0.6710987091,0.0000000000,0.0527895875,0.4155093729,0.0896366239,0.0517503805,0.0841614604,0.0000000000,0.0671449229,0.0777164400,0.0564080402,0.1136136577,0.0916854665,0.0000000000,0.0625971332,0.0218207985,0.0000000000,0.0000000000,0.0313612558,0.0299464688,0.1153334752,0.0967803821,0.0953210592,0.0511041433,0.1471350193,0.0952754393,0.0643444508,0.0843393803,0.0988588035,0.0634172633,0.0295507405,0.0211397260,0.2078947872,0.2201148272,0.0732276812,0.0000000000,0.0000000000,0.0695374906,0.1249788254,0.1162665561,0.1340219676,0.1375048161,0.0000000714,-0.5533372164,0.1855521947,-0.0526811741,-0.4098355770,-0.0251139645,0.0100086452,-0.3521259427,-0.0251522064,0.0086764600
21:57:39:22.378,61,0.0002607182,0.0000000000,0.0000000000,0.5764926672,0.0537805557,0.2517105639,0.1063582003,0.0002619744,0.0000000000,0.6711371541,0.0000000000,0.0524686724,0.3981362879,0.0904463083,0.0518004149,0.0806277990,0.0000000000,0.0669353530,0.0775399208,0.0562213324,0.1130155101,0.0911694616,0.0000000000,0.0537517667,0.0129951080,0.0000000000,0.0000000000,0.0315022580,0.0300039835,0.1154616699,0.0967534706,0.0950838625,0.0509921163,0.1468838751,0.0950273573,0.0638479739,0.0838545784,0.0985668823,0.0635117590,0.0292267632,0.0208947845,0.2067210227,0.2175248116,0.0731577277,0.0000000000,0.0000000000,0.0691521466,0.1245793030,0.1160288975,0.1324488223,0.1346295923,0.0000000685,-0.5523980856,0.1857289672,-0.0555818304,-0.4098605812,-0.0249615628,0.0099484585,-0.3520581722,-0.0249998514,0.0086222943
21:57:39:23.378,61,0.0002399494,0.0000000000,0.0000000000,0.5698156357,0.0615802445,0.2551024556,0.1065627262,0.0002411055,0.0000000000,0.6647368073,0.0000000000,0.0601014569,0.3749140501,0.0905909464,0.0516096354,0.0766437873,0.0000000000,0.0666489080,0.0773440972,0.0560741909,0.1126062274,0.0873179957,0.0000000000,0.0518952496,0.0111985672,0.0000000000,0.0000000000,0.0315677002,0.0299756806,0.1154725477,0.0966164097,0.0946242064,0.0506221429,0.1466339082,0.0947764367,0.0633350909,0.0833481029,0.0982750133,0.0636302531,0.0289973542,0.0207350813,0.2038849443,0.2135778666,0.0732616112,0.0000000000,0.0000000000,0.0686097071,0.1241199300,0.1156381667,0.1310399771,0.1301214993,0.0000000299,-0.5462222695,0.1858730018,-0.0562570170,-0.4059167206,-0.0285442434,0.0112735983,-0.3479495943,-0.0285827294,0.0097482279
21:57:39:24.378,61,0.0002208318,0.0000000000,0.0000000000,0.5593506098,0.0795547217,0.2565643489,0.1070745215,0.0002218958,0.0000000000,0.6545861363,0.0000000000,0.0776944086,0.3396811187,0.0909874737,0.0513080508,0.0674115643,0.0000000000,0.0661938190,0.0769301131,0.0557733588,0.1122367457,0.0757301673,0.0000000000,0.0526878498,0.0145066241,0.0000000000,0.0000000000,0.0316151902,0.0298935324,0.1151866317,0.0962144881,0.0940435529,0.0501350090,0.1461920291,0.0943832472,0.0627907664,0.0827814192,0.0975093693,0.0635856241,0.0287070815,0.0205659624,0.2025480568,0.2115235031,0.0730411336,0.0000000000,0.0000000000,0.0676704943,0.1230758652,0.1144964322,0.1300589591,0.1252426505,0.0000000225,-0.5394415259,0.1875748038,-0.0553003997,-0.3996210694,-0.0368013680,0.0143237729,-0.3414736688,-0.0368402526,0.0123418756
21:57:39:25.378,61,0.0002032356,0.0000000000,0.0000000000,0.5512388349,0.0599576943,0.2565748692,0.1064300984,0.0002042149,0.0000000000,0.6471731663,0.0000000000,0.0585445762,0.3043014407,0.0905374289,0.0509287380,0.0566427186,0.0000000000,0.0656595901,0.0764221027,0.0558295101,0.1121253446,0.0759557933,0.0000000000,0.0530756228,0.0148003371,0.0000000000,0.0000000000,0.0317613371,0.0298270136,0.1150586531,0.0957681984,0.0937406123,0.0495738834,0.1468204260,0.0945728421,0.0625615567,0.0825653523,0.0969574824,0.0636318251,0.0286196098,0.0205108598,0.1933924854,0.1990458518,0.0731799603,0.0000000000,0.0000000000,0.0668863207,0.1226546988,0.1138799563,0.1300167590,0.1235082820,0.0000000203,-0.5265462399,0.1927260906,-0.0508599654,-0.3951994181,-0.0276788641,0.0106584672,-0.3366128802,-0.0277173743,0.0091569154
21:57:39:26.379,61,0.0001870406,0.0000000000,0.0000000000,0.5354021192,0.0266429652,0.2316274047,0.1108327881,0.0001879418,0.0000000000,0.6321477294,0.0000000000,0.0259826463,0.2561923563,0.0952150822,0.0503165908,0.0461844020,0.0000000000,0.0627833307,0.0731977522,0.0556549728,0.1116885245,0.0747800842,0.0000000000,0.0536095314,0.0149635421,0.0000000000,0.0000000000,0.0319223478,0.0297249164,0.1143643931,0.0937122032,0.0932644233,0.0482913144,0.1473481059,0.0949577689,0.0624474809,0.0824419260,0.0949273854,0.0635494143,0.0284383949,0.0204168074,0.1610966027,0.1662182063,0.0743702352,0.0000000000,0.0000000000,0.0662708059,0.1200514361,0.1122648865,0.1294124573,0.1185324937,0.0000000185,-0.5120848417,0.1934145689,-0.0462000445,-0.3861309290,-0.0122381663,0.0046091769,-0.3270356655,-0.0122758523,0.0039436384
21:57:39:27.379,61,0.0001721357,0.0000000000,0.0000000000,0.4638736844,0.0529976822,0.2198474258,0.1291857958,0.0001729651,0.0000000000,0.5628621578,0.0000000000,0.0518863611,0.2283994555,0.1153010726,0.0497441664,0.0401679985,0.0000000000,0.0597984195,0.0691523030,0.0553433932,0.1111132354,0.0604570359,0.0000000000,0.0608329363,0.0241044424,0.0000000000,0.0000000000,0.0320718698,0.0296269804,0.1134553850,0.0923958048,0.0928308070,0.0470245332,0.1478132010,0.0954872519,0.0624736957,0.0823834464,0.0904020593,0.0633259192,0.0282407068,0.0203532893,0.1516067982,0.1563290209,0.0753169060,0.0000000000,0.0000000000,0.0657359064,0.1192700714,0.1117171720,0.1291159242,0.1163790673,0.0000000059,-0.4903405011,0.1958603263,-0.0357201472,-0.3437412381,-0.0240466632,0.0081053935,-0.2832864821,-0.0240847431,0.0067331903
21:57:39:28.379,61,0.0001584182,0.0000000000,0.0000000000,0.4637253582,0.0382699147,0.2042844146,0.1354718655,0.0001591815,0.0000000000,0.5633505583,0.0000000000,0.0374397486,0.2058968395,0.1232374310,0.0466714576,0.0330684967,0.0000000000,0.0575018972,0.0666497946,0.0554211549,0.1110430658,0.0531334095,0.0000000000,0.0627154186,0.0261107236,0.0000000000,0.0000000000,0.0322135277,0.0295353271,0.1124305800,0.0915057436,0.0903558135,0.0447796509,0.1509868354,0.0976236463,0.0626768172,0.0823849365,0.0844663903,0.0629536211,0.0280731246,0.0203463398,0.1402145177,0.1430602968,0.0796092674,0.0000000000,0.0000000000,0.0653146356,0.1189010590,0.1115862057,0.1287415028,0.1143134907,0.0000000052,-0.4595398307,0.2002325058,-0.0270900503,-0.3440834582,-0.0173534360,0.0058544250,-0.2832331359,-0.0173913892,0.0048606740
21:57:39:29.379,61,0.0001457937,0.0000000000,0.0000000000,0.4349369407,0.0404866859,0.1916654259,0.1313561201,0.0001464962,0.0000000000,0.5356720090,0.0000000000,0.0396501794,0.1911854446,0.1225354746,0.0437907502,0.0302228481,0.0000000000,0.0564803630,0.0655606464,0.0582397357,0.1156157479,0.0480188020,0.0000000000,0.0635581464,0.0272052344,0.0000000000,0.0000000000,0.0323750935,0.0295044295,0.1119906455,0.0911355764,0.0846735016,0.0431336388,0.1523059011,0.0984784141,0.0630241111,0.0824156776,0.0811055452,0.0627031326,0.0278493240,0.0203262158,0.1359265298,0.1381848305,0.0814116672,0.0000000000,0.0000000000,0.0647920892,0.1186984405,0.1117470786,0.1284293681,0.1127379984,0.0000001531,-0.4349564016,0.2038281560,-0.0296001006,-0.3271726072,-0.0182698816,0.0058719213,-0.2656454742,-0.0183078982,0.0048069116
21:57:40:00.379,61,0.0001341753,0.0000000000,0.0000000000,0.3675889969,0.0518574305,0.1845077127,0.1266035587,0.0001348217,0.0000000000,0.4703063369,0.0000000000,0.0509291030,0.1832817346,0.1200004891,0.0410920568,0.0283858534,0.0000000000,0.0547604300,0.0637472868,0.0589978471,0.1147089899,0.0410562865,0.0000000000,0.0640301928,0.0282837935,0.0000000000,0.0000000000,0.0323894657,0.0293798130,0.1114780158,0.0908643380,0.0817606300,0.0401193164,0.1533277482,0.0994286612,0.0633298233,0.0822968781,0.0781193599,0.0623320714,0.0277530048,0.0204430539,0.1334384233,0.1353802383,0.0826816112,0.0000000000,0.0000000000,0.0618461855,0.1188334078,0.1132180765,0.1285080463,0.1119392961,0.0000001857,-0.3972005844,0.2117593139,-0.0313830636,-0.2872208357,-0.0231713895,0.0065652584,-0.2244888544,-0.0232095420,0.0051675141
21:57:40:01.379,61,0.0001234826,0.0000000000,0.0000000000,0.2796526551,0.0432451144,0.1762996465,0.1252546459,0.0001240776,0.0000000000,0.3846494555,0.0000000000,0.0425938591,0.1753804088,0.1195587218,0.0390867926,0.0249282774,0.0000000000,0.0511618629,0.0587579794,0.0590404831,0.1062684804,0.0300564412,0.0000000000,0.0495822318,0.0270701144,0.0000000000,0.0000000000,0.0322498940,0.0291278511,0.1108253971,0.0905938447,0.0789096728,0.0363667756,0.1615247130,0.1087170765,0.0634790361,0.0819130689,0.0710824430,0.0606467612,0.0276114903,0.0205750149,0.1325613707,0.1343475133,0.0831425115,0.0000000000,0.0000000000,0.0581398904,0.1185490265,0.1138730571,0.1281372607,0.1111013442,0.0000002150,-0.3696261346,0.2150294036,-0.0305588972,-0.2349276394,-0.0191100650,0.0044488129,-0.1707993895,-0.0191478897,0.0032549561
21:57:40:02.379,61,0.0001136421,0.0000000000,0.0000000000,0.1645032316,0.0271213837,0.1579765975,0.1222707853,0.0001141896,0.0000000000,0.2709140778,0.0000000000,0.0268045887,0.1577179581,0.1174954176,0.0374477021,0.0211996399,0.0000000000,0.0482442006,0.0547395423,0.0588641278,0.1036856994,0.0161288083,0.0000000000,0.0081138480,0.0142494421,0.0000000000,0.0000000000,0.0318663903,0.0286894515,0.1079275012,0.0901178643,0.0774162784,0.0326693766,0.1863605976,0.1283061355,0.0635189191,0.0813343823,0.0642117858,0.0576286390,0.0275882371,0.0208713356,0.1324844062,0.1342049688,0.0829412267,0.0000000000,0.0000000000,0.0564699583,0.1151118055,0.1137608364,0.1277576983,0.1103650928,0.0000002943,-0.3290309310,0.2112708688,-0.0325162150,-0.1654805988,-0.0118577005,0.0019533650,-0.1004822552,-0.0118939327,0.0011931747
21:57:40:03.380,61,0.0001045857,0.0000000000,0.0000000000,0.1192332953,0.0119046848,0.1354659200,0.1214402616,0.0001050896,0.0000000000,0.2264058441,0.0000000000,0.0117409378,0.1354510933,0.1171320751,0.0363885947,0.0168300215,0.0000000000,0.0467488468,0.0524465106,0.0571900010,0.1010518074,0.0103499442,0.0000000000,0.0000000000,0.0089355484,0.0044055465,0.0000000000,0.0314013436,0.0282197203,0.0979152247,0.0878138468,0.0761090294,0.0306324195,0.1930733174,0.1340070069,0.0631448478,0.0766101629,0.0580623746,0.0538696349,0.0273870640,0.0210359897,0.1296623647,0.1313441545,0.0826559588,0.0000000000,0.0000000000,0.0537160486,0.1003541946,0.1040479764,0.1083606705,0.0957514644,0.0000003305,-0.2779108584,0.2095727623,-0.0281678345,-0.1383016557,-0.0051723393,0.0007130710,-0.0728344917,-0.0052082073,0.0003790052
21:57:40:04.379,61,0.0000962511,0.0098503390,0.0000000000,0.1209437698,0.0000000000,0.1224380657,0.1177208573,0.0000967149,0.0098387562,0.2277535349,0.0000000000,0.0000000000,0.1224882230,0.1145013496,0.0341901593,0.0137666315,0.0000000000,0.0456158854,0.0508753657,0.0548039079,0.0974706933,0.0070238598,0.0000000000,0.0000000000,0.0064425673,0.0093288021,0.0000000000,0.0308216959,0.0276905950,0.0898964927,0.0845202953,0.0720691085,0.0288589764,0.1955287308,0.1366908699,0.0623838492,0.0716530606,0.0527146719,0.0495967045,0.0271941014,0.0212106351,0.1285273284,0.1301624775,0.0803380460,0.0000000000,0.0000000000,0.0495201237,0.0946544185,0.0981849805,0.1028518602,0.0912526995,0.0000077399,-0.2290189564,0.2034412473,-0.0237299614,-0.1391242146,0.0060687931,-0.0008416052,-0.0738790035,0.0060336892,-0.0004453629
21:57:40:05.380,61,0.0000885807,0.0388022065,0.0000000000,0.0978981331,0.0000000000,0.1096336842,0.1106288582,0.0000890075,0.0386227071,0.2050005943,0.0000000000,0.0000000000,0.1096801534,0.1087684184,0.0316029713,0.0112171844,0.0000000000,0.0436463133,0.0479335301,0.0466089435,0.0764869526,0.0054861465,0.0000000000,0.0000000000,0.0049308995,0.0010698651,0.0000000000,0.0301494915,0.0270789098,0.0827025324,0.0793773308,0.0660407618,0.0267857425,0.1943034977,0.1378615201,0.0590740182,0.0647546798,0.0475457087,0.0441969559,0.0270293895,0.0213559046,0.1280447692,0.1296028644,0.0772847012,0.0000000000,0.0000000000,0.0405341312,0.0891872123,0.0895780623,0.0996669680,0.0881743208,0.0000077563,-0.1847106218,0.2017028630,-0.0192926172,-0.1251927167,0.0237794146,-0.0029697900,-0.0597857572,0.0237453543,-0.0014190542
21:57:40:06.380,61,0.0000815215,0.0348585546,0.0000000000,0.0072593861,0.0000000000,0.1019604653,0.1119840071,0.0000819143,0.0348289348,0.1147936732,0.0000000000,0.0000000000,0.1019983515,0.1109646633,0.0304223429,0.0094589833,0.0000000000,0.0429069214,0.0468887426,0.0441143997,0.0709402114,0.0042661829,0.0000000000,0.0028234820,0.0040555177,0.0000000000,0.0000000000,0.0295528136,0.0265949108,0.0799316838,0.0778727829,0.0637494698,0.0256432518,0.1904043406,0.1354053915,0.0561965965,0.0595262870,0.0454253741,0.0421318151,0.0268518906,0.0214858949,0.1280296147,0.1294982731,0.0760120451,0.0000000000,0.0000000000,0.0371429175,0.0866900906,0.0860672742,0.0977209061,0.0864129215,0.0000113307,-0.1545775682,0.2054670900,-0.0177204609,-0.0701075792,0.0213281903,-0.0014942688,-0.0044335015,0.0212940890,-0.0000944213
21:57:40:07.380,61,0.0000750249,0.0201075654,0.0417063460,0.0000000000,0.0000000000,0.0986265838,0.1150631160,0.0000753864,0.0201543886,0.0656229928,0.0000000000,0.0000000000,0.0986625329,0.1146011129,0.0296896473,0.0080593796,0.0000000000,0.0427473076,0.0465971641,0.0427818820,0.0682628900,0.0033074240,0.0000000000,0.0193728544,0.0041627530,0.0000000000,0.0000000000,0.0289918091,0.0261804573,0.0786031932,0.0775390118,0.0625033602,0.0248030536,0.1854698807,0.1306931078,0.0527704209,0.0542375259,0.0444192812,0.0411233231,0.0267122630,0.0216278620,0.1296010166,0.1306448579,0.0731415078,0.0000000000,0.0000000000,0.0341960676,0.0853351727,0.0840452388,0.0966610983,0.0854509771,0.0000350860,-0.1079222932,0.2066263258,-0.0162898004,-0.0400837697,0.0123215141,-0.0004937854,0.0254750364,0.0122870021,0.0003129937
21:57:40:08.380,61,0.0000690460,0.0000000000,0.0421233624,0.0000000000,0.0160430521,0.0977348983,0.1160218865,0.0000693787,0.0000000000,0.0644365996,0.0000000000,0.0159549415,0.0977642834,0.1158026084,0.0291637443,0.0064489678,0.0000000000,0.0426554717,0.0464098006,0.0417157523,0.0666085482,0.0024953168,0.0000000000,0.0481782928,0.0143961189,0.0000000000,0.0000000000,0.0284428317,0.0257938262,0.0776220486,0.0774724111,0.0615916587,0.0241264123,0.1799921095,0.1273171306,0.0507518724,0.0511160791,0.0437664017,0.0404721648,0.0264981221,0.0216905829,0.1322477609,0.1328657717,0.0670240074,0.0000000000,0.0000000000,0.0318343341,0.0842494592,0.0821189210,0.0958814397,0.0848108754,0.0000295803,-0.0651310012,0.2022609860,-0.0140275750,-0.0393611267,-0.0069670533,0.0002741647,0.0257310662,-0.0070024193,-0.0001801628
21:57:40:09.380,61,0.0000635436,0.0000000000,0.1332098693,0.0000000000,0.0324555673,0.1154100597,0.1454776675,0.0000638498,0.0000000000,0.0000000000,0.0266516432,0.0324768275,0.1154158935,0.1454244107,0.0293410644,0.0050926702,0.0000000000,0.0451129563,0.0489477664,0.0413228720,0.0657869726,0.0016699738,0.0000000000,0.0577753894,0.0333516188,0.0000000000,0.0000000000,0.0282364599,0.0257634670,0.0804186165,0.0910366401,0.0619914383,0.0237518791,0.1778667867,0.1253937185,0.0495086648,0.0493653193,0.0449972562,0.0410983302,0.0263737869,0.0218454916,0.1371105015,0.1373675168,0.0650397614,0.0000000000,0.0000000000,0.0302597713,0.0841764957,0.0816521198,0.0953961983,0.0846157521,0.0000297330,-0.0215973314,0.2031419277,-0.0114525715,0.0162789281,-0.0141725680,-0.0002307195,0.0813651010,-0.0142084211,-0.0011548715
21:57:40:10.381,61,0.0000584797,0.0005725595,0.1757657826,0.0000000000,0.0000000000,0.1243794039,0.1619529277,0.0000587614,0.0006328850,0.0000000000,0.0691214278,0.0000000000,0.1243788078,0.1620020568,0.0308826938,0.0022314922,0.0000000000,0.0513084605,0.0552459285,0.0417259224,0.0658016950,0.0009333445,0.0000000000,0.0656972229,0.0427729078,0.0000000000,0.0000000000,0.0283098798,0.0260202400,0.0877634734,0.1051914617,0.0707394257,0.0235580150,0.1809172183,0.1248800009,0.0490277037,0.0485673584,0.0501720384,0.0446018390,0.0266155433,0.0223381221,0.1520488411,0.1520303339,0.0652029961,0.0000000000,0.0000000000,0.0292669777,0.0925265178,0.0856364891,0.1008874625,0.0961096659,0.0000263761,0.0116371242,0.2029658258,-0.0051929937,0.0422238782,0.0003869524,0.0000163338,0.1073692068,0.0003517825,0.0000376981
21:57:40:11.381,61,0.0000538193,0.0000000000,0.1912340671,0.0000000000,0.0521740951,0.1382646561,0.1679094583,0.0000540786,0.0000000000,0.0000000000,0.0852390528,0.0523777083,0.1382621229,0.1680068225,0.0340199620,0.0000000000,0.0026490050,0.0581246801,0.0643283650,0.0490570106,0.0700806901,0.0001070960,0.0000000000,0.0712674782,0.0517072380,0.0000000000,0.0000000000,0.0285474416,0.0264669843,0.0919784680,0.1127582416,0.0763840228,0.0235649813,0.1819372326,0.1245939657,0.0488708206,0.0481459200,0.0593314096,0.0535290204,0.0270858966,0.0235376656,0.1559391022,0.1558182687,0.0663722530,0.0000000000,0.0000000000,0.0286329109,0.0974596962,0.0886581019,0.1025621220,0.0996799469,0.0000026267,0.0519224368,0.2075985521,-0.0038747189,0.0520559624,-0.0228850897,-0.0011909748,0.1167878360,-0.0229214057,-0.0026713221
21:57:40:12.381,61,0.0000495304,0.0082953814,0.2165203393,0.0000000000,0.0000000000,0.1432557702,0.1688831747,0.0000497690,0.0084073255,0.0000000000,0.1093611717,0.0000000000,0.1432507932,0.1690106094,0.0385389291,0.0000000000,0.0086072907,0.0680446848,0.0733848512,0.0584513284,0.0890100524,0.0000000000,0.0091562867,0.0541298054,0.0510832183,0.0000000000,0.0000000000,0.0288945697,0.0271983966,0.0976346806,0.1280521005,0.0829195008,0.0237369202,0.1950094849,0.1263104528,0.0491720960,0.0482085682,0.0632728562,0.0583322756,0.0276004430,0.0253034756,0.1709052473,0.1707774848,0.0681498349,0.0000000000,0.0000000000,0.0284483414,0.0996328965,0.0900732875,0.1035554335,0.1036785394,0.0000008263,0.0815231502,0.2144676745,-0.0004247667,0.0668040663,0.0051472248,0.0003436029,0.1322630346,0.0051120091,0.0006741660
21:57:40:13.381,61,0.0000455832,0.0000000000,0.3147375882,0.0000000000,0.0527895279,0.1475052238,0.1714478284,0.0000458028,0.0000000000,0.0000000000,0.2108610272,0.0532522388,0.1474951059,0.1715972871,0.0400748104,0.0000000000,0.0120112300,0.0708429441,0.0760552883,0.0610236637,0.0935335532,0.0000000000,0.0122001469,0.0476691276,0.0485579073,0.0000000000,0.0000000000,0.0290436577,0.0276617818,0.0996711254,0.1328061372,0.0849063471,0.0237292256,0.1968074590,0.1267491877,0.0492634252,0.0480879433,0.0648882017,0.0601831935,0.0278431941,0.0260983650,0.1718137562,0.1716646701,0.0689326897,0.0000000000,0.0000000000,0.0282057896,0.1001031846,0.0902772099,0.0997464731,0.1043811366,0.0000006691,0.1153772846,0.2151689231,0.0018671617,0.1287727058,-0.0234296937,-0.0030093151,0.1922106147,-0.0234659929,-0.0044834851
21:57:40:14.381,61,0.0000419506,0.0000000000,0.4031599760,0.0000000000,0.1085007340,0.1868160069,0.1836360842,0.0000421527,0.0000000000,0.0000000000,0.3021024168,0.1098901778,0.1867648363,0.1838313490,0.0413527042,0.0000000000,0.0187134407,0.0727047399,0.0778257921,0.0627611801,0.0960841030,0.0000000000,0.0190917123,0.0454722159,0.0502948277,0.0000000000,0.0000000000,0.0294047929,0.0285514165,0.1051537842,0.1469444484,0.0865961015,0.0238311160,0.1982746571,0.1274940073,0.0504039638,0.0484095775,0.0660738051,0.0616470426,0.0281695053,0.0268847141,0.1733191758,0.1731538773,0.0703324527,0.0000000000,0.0000000000,0.0281309485,0.1124254167,0.0994397849,0.0990321562,0.1054502130,0.0000003923,0.1474642009,0.2176651806,0.0055611166,0.1843293607,-0.0487755649,-0.0089467978,0.2459947765,-0.0488129817,-0.0118958876
21:57:40:15.381,61,0.0000386074,0.0000000000,0.3957390487,0.0000000000,0.1282810718,0.2179589570,0.1849279851,0.0000387935,0.0000000000,0.0000000000,0.2937584221,0.1299116760,0.2178681940,0.1852294356,0.0468180813,0.0000000000,0.0252588801,0.0763201416,0.0813900530,0.0638293847,0.0974063277,0.0000000000,0.0261407662,0.0670946687,0.0755986720,0.0000000000,0.0000000000,0.0304943677,0.0325158685,0.1106212586,0.1599374264,0.0933596566,0.0245119277,0.1901755780,0.1262892485,0.0533777848,0.0490026288,0.0733695030,0.0736744106,0.0283084605,0.0274279658,0.1730905771,0.1728025079,0.0714189336,0.0000000000,0.0000000000,0.0279807486,0.1193126440,0.1042281464,0.0987083241,0.1066806316,0.0000002612,0.1794196367,0.2144425660,0.0077482187,0.1791554838,-0.0576077029,-0.0102766240,0.2413571179,-0.0576458350,-0.0137929544
21:57:40:16.381,61,0.0000355307,0.0000000000,0.4188341796,0.0000000000,0.1506038457,0.2299504876,0.1822801679,0.0000357019,0.0000000000,0.0000000000,0.3176413476,0.1526567191,0.2298323512,0.1828047037,0.0487602726,0.0000000000,0.0287029073,0.0785218850,0.0834076852,0.0644013211,0.0983095169,0.0000000000,0.0310732983,0.0720912367,0.0820330307,0.0000000000,0.0000000000,0.0313360021,0.0351884253,0.1152453050,0.1680698991,0.0955968276,0.0251596328,0.1751478761,0.1199027374,0.0545989797,0.0493915528,0.0762492195,0.0780640319,0.0282186475,0.0276981629,0.1621057093,0.1612903774,0.0737358630,0.0000000000,0.0000000000,0.0277691446,0.1217134893,0.1058923677,0.0968912616,0.1068961620,0.0000002348,0.2124270052,0.2115244120,0.0131484037,0.1936003119,-0.0678790733,-0.0130788200,0.2552867532,-0.0679176971,-0.0171755012
21:57:40:17.382,61,0.0000326992,0.0000000000,0.4540932477,0.0000000000,0.1324818283,0.2356284857,0.1817620397,0.0000328568,0.0000000000,0.0000000000,0.3543595374,0.1344428509,0.2354879081,0.1823652834,0.0499285907,0.0000000000,0.0405533649,0.0823451951,0.0873671696,0.0704532117,0.1061555594,0.0000000000,0.0347362421,0.0320411734,0.0358118638,0.0000000000,0.0000000000,0.0320202634,0.0365631133,0.1224285588,0.1850011498,0.0966472104,0.0255860407,0.1718933433,0.1184472069,0.0555649325,0.0497702062,0.0778404027,0.0804441646,0.0283412412,0.0281971525,0.1492260247,0.1481603235,0.0748379529,0.0000000000,0.0000000000,0.0277352948,0.1229588911,0.1066470370,0.0959071368,0.1069982201,0.0000001995,0.2332909852,0.2112610489,0.0135908835,0.2160877138,-0.0600601546,-0.0128922882,0.2769142091,-0.0600982271,-0.0164485034
21:57:40:18.382,61,0.0000300934,0.0000000000,0.4461425543,0.0000000000,0.1693755835,0.2349948883,0.1804164499,0.0000302383,0.0000000000,0.0000000000,0.3466345966,0.1718421131,0.2347724289,0.1811430156,0.0507757924,0.0000000000,0.0457098484,0.0892346725,0.0914336964,0.0735003725,0.1327619851,0.0000000000,0.0432899408,0.0032602791,0.0092849098,0.0000000000,0.0000000000,0.0325277373,0.0374746099,0.1247969121,0.1903766394,0.0972963572,0.0261475109,0.1702705324,0.1175910160,0.0567276441,0.0502071157,0.0783119947,0.0814656913,0.0281693079,0.0283875950,0.1320543736,0.1307360530,0.0758507624,0.0000000000,0.0000000000,0.0279903114,0.1196958572,0.1043509692,0.0901180357,0.1059491485,0.0000001961,0.2577331960,0.2121523023,0.0089573758,0.2111430913,-0.0766865462,-0.0161019824,0.2717702091,-0.0767253116,-0.0206334982
21:57:40:19.382,61,0.0000276952,0.0000000000,0.4460189342,0.0000000000,0.2295460850,0.2360773087,0.1765033454,0.0000278286,0.0000000000,0.0000000000,0.3473668396,0.2328794897,0.2358271033,0.1774137169,0.0513436832,0.0000000000,0.0488651395,0.0918313488,0.0933657661,0.0751444772,0.1390713453,0.0000000000,0.0474093407,0.0000000000,0.0000000000,0.0074404888,0.0010542339,0.0330710597,0.0382773019,0.1263883710,0.1936097145,0.0976402685,0.0267634634,0.1689285189,0.1167166904,0.0575062744,0.0505278260,0.0787350014,0.0823168159,0.0279058814,0.0284931287,0.1260193884,0.1246388480,0.0766400918,0.0000000000,0.0000000000,0.0280289929,0.1171570569,0.1033181921,0.0853689015,0.1047007889,0.0000001593,0.2739425004,0.2185787559,0.0077919094,0.2110832334,-0.1039276198,-0.0218500923,0.2710574567,-0.1039673910,-0.0279307850
21:57:40:20.382,61,0.0000254881,0.0000000000,0.4402581453,0.0000000000,0.2074939758,0.2369949669,0.1678956151,0.0000256109,0.0000000000,0.0000000000,0.3411761820,0.2104678005,0.2367332131,0.1691242158,0.0553115122,0.0000000000,0.0527307391,0.1022288650,0.1036337987,0.0797610879,0.1419526041,0.0000000000,0.0495161563,0.0000000000,0.0000000000,0.0134650730,0.0074686385,0.0340681076,0.0396638550,0.1335614473,0.2071081251,0.0988112316,0.0285379644,0.1682212800,0.1161010489,0.0582807921,0.0508825332,0.0816012025,0.0887238607,0.0277797114,0.0287619308,0.1229311451,0.1215172186,0.0773825347,0.0000000000,0.0000000000,0.0279820263,0.1162958369,0.1029301882,0.0832679421,0.1039997116,0.0000000476,0.2927204669,0.2230016738,0.0073046093,0.2075216621,-0.0938533098,-0.0193916466,0.2678098083,-0.0938926786,-0.0249139909
21:57:40:21.382,61,0.0000234569,0.0000000000,0.4886816442,0.0000000000,0.2052205503,0.2380625606,0.1664434522,0.0000235699,0.0000000000,0.0000000000,0.3911120594,0.2085114419,0.2377763391,0.1678492129,0.0567739680,0.0000000000,0.0546844900,0.1056474671,0.1068222895,0.0811833069,0.1429125071,0.0000000000,0.0520040914,0.0000000000,0.0000000000,0.0268823877,0.0136516988,0.0346884243,0.0404305086,0.1369076520,0.2124899626,0.0996387154,0.0293567423,0.1681550741,0.1158788279,0.0588893108,0.0511457138,0.0823648274,0.0904924870,0.0275477543,0.0289480630,0.1211991459,0.1197849363,0.0781934559,0.0000000000,0.0000000000,0.0279490389,0.1156645417,0.1027969569,0.0818596855,0.1034006476,0.0000000396,0.3079329729,0.2245734781,0.0092023946,0.2379095256,-0.0936248302,-0.0221257955,0.2972860038,-0.0936641991,-0.0275102891
21:57:40:22.382,61,0.0000215876,0.0000000000,0.5087987781,0.0000000000,0.1948373467,0.2417010963,0.1652934551,0.0000216916,0.0000000000,0.0000000000,0.4117749929,0.1980987489,0.2413713932,0.1668104976,0.0578027591,0.0000000000,0.0561619289,0.1074723452,0.1086657271,0.0824100524,0.1372981071,0.0000000000,0.0530030653,0.0000000000,0.0000000000,0.0309130903,0.0160955172,0.0353308395,0.0411354713,0.1412403286,0.2169659585,0.1001336351,0.0299678277,0.1679480821,0.1156579778,0.0593905039,0.0513243675,0.0843982324,0.0936781242,0.0275519937,0.0293745250,0.1232663244,0.1219413131,0.0786556676,0.0000000000,0.0000000000,0.0278082378,0.1153459698,0.1027982831,0.0809393674,0.1028658077,0.0000000286,0.3238341808,0.2261945009,0.0089978883,0.2505797446,-0.0892307386,-0.0221814290,0.3096476197,-0.0892699361,-0.0272683334
21:57:40:23.382,61,0.0000198672,0.0000000000,0.5183440447,0.0000000000,0.1821568012,0.2421701998,0.1645797640,0.0000199629,0.0000000000,0.0000000000,0.4214736223,0.1852675080,0.2418039888,0.1661989093,0.0584915839,0.0000000000,0.0611318201,0.1085985452,0.1100241542,0.0903212279,0.1355956346,0.0000000000,0.0536794066,0.0000000000,0.0000000000,0.0147276148,0.0137484325,0.0360116959,0.0418088250,0.1438593566,0.2202949524,0.1001082286,0.0305024721,0.1662371457,0.1147060767,0.0597406290,0.0513574108,0.0909668580,0.1044300497,0.0277056247,0.0299804304,0.1236927956,0.1223920733,0.0789818168,0.0000000000,0.0000000000,0.0276158769,0.1150618494,0.1027704626,0.0802930072,0.1023954228,0.0000000351,0.3324774504,0.2264332324,0.0112610292,0.2566037774,-0.0835809261,-0.0212589186,0.3156041205,-0.0836199075,-0.0260096472
21:57:40:24.383,61,0.0000182840,0.0000000000,0.5474506021,0.0000000000,0.2123421133,0.2430376112,0.1642387658,0.0000183720,0.0000000000,0.0000000000,0.4525445402,0.2161507159,0.2426557988,0.1659198999,0.0586877018,0.0000000000,0.0635404736,0.1091352180,0.1107843146,0.0934732109,0.1346069425,0.0000000000,0.0541246794,0.0000000000,0.0000000000,0.0108520761,0.0129842600,0.0365673192,0.0423293486,0.1448607892,0.2214065045,0.0997655988,0.0308623165,0.1655038893,0.1142092720,0.0601074286,0.0514270328,0.0929258317,0.1074530035,0.0278616082,0.0305498410,0.1238958016,0.1226180643,0.0790154636,0.0000000000,0.0000000000,0.0275084320,0.1146290302,0.1026194319,0.0798139125,0.1019977629,0.0000000620,0.3393764198,0.2264186889,0.0131774144,0.2751831710,-0.0980124027,-0.0267114975,0.3329285681,-0.0980517268,-0.0321365260
21:57:40:25.383,61,0.0000168269,0.0000000000,0.5319948196,0.0000000000,0.1709793061,0.2363880575,0.1538559347,0.0000169079,0.0000000000,0.0000000000,0.4355087876,0.1739781946,0.2359932065,0.1554424018,0.0589111894,0.0000000000,0.0654654503,0.1109991670,0.1128375307,0.0967608020,0.1374123693,0.0000000000,0.0545625947,0.0000000000,0.0000000000,0.0296036825,0.0376608707,0.0369723588,0.0426983386,0.1451846659,0.2218866348,0.0994973406,0.0312654041,0.1654590964,0.1139889732,0.0604067966,0.0514384322,0.0935999975,0.1085089445,0.0279027484,0.0309209637,0.1237448081,0.1224836335,0.0788649246,0.0000000000,0.0000000000,0.0275657363,0.1118306443,0.1006794348,0.0792506486,0.1014411524,0.0000000752,0.3418170810,0.2272547036,0.0122505445,0.2652524710,-0.0786690414,-0.0206630286,0.3240400851,-0.0787078217,-0.0251070950
21:57:40:26.383,61,0.0000154859,0.0000000000,0.5475128889,0.0000000000,0.1607292295,0.2316528410,0.1506413817,0.0000155605,0.0000000000,0.0000000000,0.4515107870,0.1636314094,0.2312460244,0.1522325426,0.0592845306,0.0000000000,0.0668046623,0.1133054048,0.1158546209,0.1035630554,0.1385602802,0.0000000000,0.0546837337,0.0000000000,0.0000000000,0.0403517000,0.0503758118,0.0372972861,0.0429622456,0.1455394626,0.2224224806,0.0992643014,0.0315813906,0.1656863540,0.1139843464,0.0605525114,0.0513320453,0.0940225273,0.1089743599,0.0280783251,0.0314059071,0.1235036030,0.1222432554,0.0786677524,0.0000000000,0.0000000000,0.0275832918,0.1102674901,0.0995166004,0.0787465051,0.1008628905,0.0000001192,0.3410720527,0.2267280966,0.0094825560,0.2750912607,-0.0741920993,-0.0201874692,0.3336024582,-0.0742307082,-0.0243467037
21:57:40:27.383,61,0.0000142518,0.0000000000,0.5327678323,0.0000000000,0.1643058360,0.2299975008,0.1489042640,0.0000143205,0.0000000000,0.0000000000,0.4361316562,0.1671946198,0.2295801491,0.1505077630,0.0595798232,0.0000000000,0.0680748224,0.1142233759,0.1170949787,0.1060473248,0.1386906952,0.0000000000,0.0547376983,0.0000000000,0.0000000000,0.0372870788,0.0414092764,0.0377854593,0.0433947891,0.1459498852,0.2228949815,0.0988725051,0.0318957716,0.1654223651,0.1137139723,0.0607105419,0.0512581021,0.0946381316,0.1095665619,0.0283133760,0.0319510847,0.1234090999,0.1221546456,0.0785618424,0.0000000000,0.0000000000,0.0274468865,0.1095159128,0.0988784283,0.0782553330,0.1002421305,0.0000001872,0.3412841856,0.2249422669,0.0040187240,0.2656918466,-0.0756103024,-0.0198888164,0.3245826364,-0.0756490082,-0.0241668932
21:57:40:28.383,61,0.0000131160,0.0000000000,0.5187483430,0.0000000000,0.1598380655,0.2281254679,0.1484351754,0.0000131792,0.0000000000,0.0000000000,0.4217732847,0.1625661701,0.2277019918,0.1500320733,0.0596691556,0.0000000000,0.0693421438,0.1152343675,0.1183679923,0.1139616072,0.1395664066,0.0000000000,0.0549495220,0.0000000000,0.0000000000,0.0382125266,0.0416485220,0.0381833799,0.0437335297,0.1462359279,0.2233098596,0.0983164459,0.0320713781,0.1661073118,0.1140283048,0.0608469248,0.0511919968,0.0947880298,0.1096140817,0.0287189428,0.0329595357,0.1231916323,0.1219474599,0.0785042495,0.0000000000,0.0000000000,0.0274215601,0.1089670509,0.0983790904,0.0778750256,0.0997457132,0.0000002126,0.3402759731,0.2246346176,0.0016148816,0.2569840550,-0.0733455867,-0.0186731983,0.3160882294,-0.0733841136,-0.0228485819
21:57:40:29.383,61,0.0000120708,0.0000000000,0.5090638399,0.0000000000,0.1411657780,0.2260432839,0.1470071673,0.0000121290,0.0000000000,0.0000000000,0.4114478230,0.1435275376,0.2256362140,0.1484917849,0.0595099926,0.0000000000,0.0707572699,0.1158134565,0.1191558614,0.1220045015,0.1411835700,0.0000000000,0.0553924367,0.0000000000,0.0000000000,0.0371765941,0.0404086784,0.0385514945,0.0440895036,0.1463103890,0.2236381024,0.0963584334,0.0321498364,0.1668003201,0.1144746765,0.0610266402,0.0512068681,0.0949064717,0.1096207798,0.0292710476,0.0347733945,0.1233880818,0.1221596077,0.0784512460,0.0000000000,0.0000000000,0.0274469312,0.1088590845,0.0982509032,0.0776788369,0.0995138660,0.0000002219,0.3376087248,0.2239595354,-0.0037689682,0.2508358657,-0.0646516308,-0.0160684381,0.3103599548,-0.0646898374,-0.0197813939
21:57:41:00.383,61,0.0000111089,0.0000000000,0.5021367073,0.0000000000,0.1404760331,0.2254756391,0.1510856450,0.0000111624,0.0000000000,0.0000000000,0.4041571617,0.1427947730,0.2250732034,0.1524248272,0.0592581369,0.0000000000,0.0717076287,0.1158679575,0.1194390133,0.1250638068,0.1431927085,0.0000000000,0.0558244027,0.0000000000,0.0000000000,0.0080571175,0.0075151399,0.0388822705,0.0444145724,0.1457410008,0.2226560712,0.0951123461,0.0322374776,0.1674619764,0.1148927584,0.0613787100,0.0513592735,0.0948810950,0.1095216721,0.0298195221,0.0358125828,0.1238737404,0.1226452142,0.0785779133,0.0000000000,0.0000000000,0.0276881643,0.1092106774,0.0985084772,0.0776362047,0.0993918777,0.0000002691,0.3299403787,0.2245402783,-0.0055596461,0.2463965565,-0.0642490014,-0.0156913456,0.3061431646,-0.0642872229,-0.0193993989
21:57:41:01.384,61,0.0000102236,0.0000000000,0.4645950794,0.0000000000,0.1558473855,0.2266178876,0.1524371356,0.0000102728,0.0000000000,0.0000000000,0.3656327724,0.1582153291,0.2262689620,0.1537202001,0.0590484962,0.0000000000,0.0722645521,0.1157885939,0.1195368096,0.1272600740,0.1437538266,0.0000000000,0.0562396534,0.0473897718,0.0587152280,0.0000000000,0.0000000000,0.0393284522,0.0449209400,0.1454790086,0.2223460823,0.0914754122,0.0323491655,0.1673724502,0.1148552299,0.0616616197,0.0514885895,0.0961825848,0.1112230867,0.0304962210,0.0376169644,0.1273817420,0.1262390018,0.0785931647,0.0000000000,0.0000000000,0.0277017727,0.1112280935,0.0998980552,0.0776613876,0.0993655175,0.0000002762,0.3217032552,0.2238910645,-0.0043141129,0.2228113711,-0.0707871318,-0.0156668983,0.2831309438,-0.0708255842,-0.0198166277
21:57:41:02.383,61,0.0000094088,0.0000000000,0.4720335007,0.0000000000,0.1550378203,0.2311962843,0.1556216925,0.0000094542,0.0000000000,0.0000000000,0.3736586869,0.1574265659,0.2309006006,0.1568305939,0.0588696413,0.0000000000,0.0727510825,0.1161250249,0.1196917221,0.1424555928,0.1444151998,0.0000000000,0.0558709390,0.0608761683,0.0632341802,0.0000000000,0.0000000000,0.0397065692,0.0452396311,0.1454116106,0.2218569964,0.0852584243,0.0322469138,0.1711914688,0.1206889376,0.0618428290,0.0515671372,0.0976372361,0.1123072058,0.0405283310,0.0492731109,0.1338337362,0.1325815767,0.0784738064,0.0000000000,0.0000000000,0.0277148690,0.1199022308,0.1042383239,0.0789694637,0.0997199267,0.0000002968,0.3092411458,0.2251894474,0.0008362933,0.2277073413,-0.0705133975,-0.0159431044,0.2876705229,-0.0705516934,-0.0200474653
21:57:41:03.384,61,0.0000086590,0.0000000000,0.4644972086,0.0000000000,0.1461156309,0.2322380990,0.1564793438,0.0000087007,0.0000000000,0.0000000000,0.3661102951,0.1483198404,0.2319651693,0.1576466709,0.0585690215,0.0000000000,0.0730969384,0.1183537319,0.1192660406,0.1796416789,0.1447145492,0.0000000000,0.0554908067,0.0109209139,0.0139068738,0.0000000000,0.0000000000,0.0398928225,0.0453216396,0.1482788473,0.2224114984,0.0756729096,0.0318190120,0.1722458303,0.1232317239,0.0614511482,0.0512321629,0.1038903072,0.1178178191,0.0522295684,0.0632686093,0.1406451017,0.1395246834,0.0787330046,0.0000000000,0.0000000000,0.0274971388,0.1222714335,0.1056532264,0.0795672461,0.0997543633,0.0000003060,0.2925204635,0.2249862403,0.0026119058,0.2231679410,-0.0663648322,-0.0147084137,0.2831527889,-0.0664028302,-0.0185770877
21:57:41:04.384,61,0.0000079690,0.0000000000,0.4043405056,0.0000000000,0.0738496035,0.2179820538,0.1569359601,0.0000080074,0.0000000000,0.0000000000,0.3029914200,0.0747768730,0.2177409530,0.1580703855,0.0586898960,0.0000000000,0.0735175386,0.1262699962,0.1190100610,0.1937900782,0.1449252367,0.0000000000,0.0516477451,0.0000000000,0.0000000000,0.0004993323,0.0046858098,0.0400313698,0.0452787615,0.1545428187,0.2246916741,0.0720372349,0.0312096756,0.1800108105,0.1372251958,0.0602810793,0.0507120825,0.1119218320,0.1224452332,0.0723140091,0.0825005397,0.1508897841,0.1497631520,0.0790178776,0.0000000000,0.0000000000,0.0271515306,0.1250523329,0.1075243205,0.0866513178,0.1027794257,0.0000002290,0.2695223093,0.2239557207,-0.0016756521,0.1849872917,-0.0331941098,-0.0061076945,0.2468666732,-0.0332307890,-0.0081233131
21:57:41:05.384,61,0.0000073339,0.0000000000,0.3920854032,0.0000000000,0.0141394623,0.1938865036,0.1537562609,0.0000073692,0.0000000000,0.0000000000,0.2891543210,0.0142481048,0.1936772168,0.1546827704,0.0591268577,0.0000000000,0.0736865476,0.1595133096,0.1187311038,0.2151867300,0.1453803331,0.0000000000,0.0474747196,0.0000000000,0.0000000000,0.0171187762,0.0337407663,0.0402326323,0.0452850796,0.1642281264,0.2297419161,0.0686794594,0.0305576976,0.1821533591,0.1413135380,0.0568919592,0.0492988043,0.1310076118,0.1368387938,0.0794551596,0.0895290077,0.1624041349,0.1614005715,0.0792793706,0.0000000000,0.0000000000,0.0266890097,0.1259303987,0.1080654711,0.0890186578,0.1039359868,0.0000001714,0.2477332056,0.2243102193,-0.0031588182,0.1766308844,-0.0063151652,-0.0011096767,0.2395066917,-0.0063507883,-0.0015065750
21:57:41:06.384,61,0.0000067495,0.0000000000,0.3919635117,0.0000000000,0.0219403654,0.1769282967,0.1568494886,0.0000067820,0.0000000000,0.0000000000,0.2897751331,0.0221515018,0.1767802089,0.1575729102,0.0595540591,0.0000000000,0.0736076087,0.1682431251,0.1224516109,0.2224630117,0.1769118309,0.0000000000,0.0457315333,0.0000000000,0.0000000000,0.0392838493,0.0508943237,0.0401972570,0.0450050049,0.1672234237,0.2309728265,0.0669623464,0.0299161896,0.1937262267,0.1463003457,0.0555350147,0.0485598184,0.1325769573,0.1378938556,0.0826513320,0.0926897004,0.1657125950,0.1647642851,0.0796264634,0.0000000000,0.0000000000,0.0264550187,0.1265382171,0.1086375862,0.0939517096,0.1079648584,0.0000001436,0.2268128693,0.2209828347,-0.0037021185,0.1770052016,-0.0098188352,-0.0017289777,0.2394257039,-0.0098544024,-0.0023369913
21:57:41:07.384,61,0.0000062116,0.0000000000,0.3203661442,0.0000000000,0.0439741649,0.1685122102,0.1578881294,0.0000062415,0.0000000000,0.0000000000,0.2166807055,0.0443557836,0.1684014797,0.1585232615,0.0601119287,0.0000000000,0.0722249448,0.1733806878,0.1235017851,0.2267094404,0.1805313528,0.0000000000,0.0407421775,0.0000000000,0.0000000000,0.0459780917,0.0574397445,0.0401403084,0.0446982495,0.1688527465,0.2310411781,0.0657263026,0.0293316040,0.1944826692,0.1478711218,0.0531591177,0.0473526567,0.1356707960,0.1397194564,0.0845971107,0.0944673494,0.1597036421,0.1591307074,0.0797064304,0.0000000000,0.0000000000,0.0260454193,0.1264334470,0.1087116301,0.0958657861,0.1092357710,0.0000001408,0.2126152217,0.2201058716,-0.0050540641,0.1323377937,-0.0195246022,-0.0025766294,0.1956640780,-0.0195606388,-0.0038034059
21:57:41:08.385,61,0.0000057166,0.0000000000,0.3045274615,0.0000000000,0.0124692032,0.1619593650,0.1509802788,0.0000057441,0.0000000000,0.0000000000,0.2000922114,0.0125129372,0.1618744135,0.1514206976,0.0606741905,0.0000000000,0.0697501749,0.1756813377,0.1243476793,0.2283374369,0.1673980504,0.0000000000,0.0346403681,0.0000000000,0.0000000000,0.0108304396,0.0157751627,0.0401106812,0.0444047004,0.1692524552,0.2191726565,0.0647693574,0.0288803689,0.1908363849,0.1467983425,0.0515839458,0.0465020649,0.1432623416,0.1440059990,0.0858319923,0.0953944400,0.1602856219,0.1598022431,0.0795891583,0.0000000000,0.0000000000,0.0255488418,0.1266929805,0.1090592891,0.1020688489,0.1112410650,0.0000001428,0.1896916777,0.2159022242,-0.0077435062,0.1222275496,-0.0055008372,-0.0006706878,0.1860224754,-0.0055362307,-0.0010239440
21:57:41:09.384,61,0.0000052610,0.0000000000,0.2714501321,0.0000000000,0.0301660504,0.1587640494,0.1508175433,0.0000052863,0.0000000000,0.0000000000,0.1662651449,0.0303461272,0.1586883515,0.1511241645,0.0611399040,0.0000000000,0.0677695721,0.1709170938,0.1246710345,0.2280959785,0.1550579816,0.0000000000,0.0323232859,0.0000000000,0.0000000000,0.0237146113,0.0507026352,0.0399057381,0.0439543240,0.1693776548,0.2157972455,0.0641539097,0.0283079315,0.1901158839,0.1468322128,0.0490203574,0.0451406799,0.1456324309,0.1453867853,0.0868463069,0.0962176174,0.1599181443,0.1595020145,0.0796691626,0.0000000000,0.0000000000,0.0249656346,0.1265129447,0.1091870740,0.1041911542,0.1120673567,0.0000001554,0.1702982932,0.2130718380,-0.0091302823,0.1015566736,-0.0133095756,-0.0013494326,0.1658049524,-0.0133454567,-0.0022027455
21:57:41:10.385,61,0.0000048417,0.0000000000,0.2962144315,0.0000000000,0.0131017081,0.1544414312,0.1519156396,0.0000048651,0.0000000000,0.0000000000,0.1909506768,0.0131475460,0.1543779969,0.1521301568,0.0614895821,0.0000000000,0.0613161139,0.1640758812,0.1243821234,0.2205277234,0.1379493922,0.0000000000,0.0300947204,0.0000000000,0.0000000000,0.0098821344,0.0078603784,0.0397554599,0.0435841046,0.1692301631,0.2116098702,0.0636660084,0.0277456194,0.1893444359,0.1465389580,0.0470587350,0.0440769307,0.1501742750,0.1478640139,0.0888935924,0.0970515609,0.1595178396,0.1591408402,0.0798806623,0.0000000000,0.0000000000,0.0243018530,0.1261022091,0.1091582850,0.1050196812,0.1121057719,0.0000001087,0.1513314694,0.2030065656,-0.0116001880,0.1166432202,-0.0057759471,-0.0006722058,0.1809441000,-0.0058115772,-0.0010458532
21:57:41:11.385,61,0.0000044559,0.0000000000,0.2483935207,0.0000000000,0.0362249911,0.1523182243,0.1516340822,0.0000044774,0.0000000000,0.0000000000,0.1427651197,0.0364244208,0.1522594839,0.1518080235,0.0615365915,0.0000000000,0.0497189276,0.1310757995,0.1245887056,0.1901687682,0.1329416782,0.0000000000,0.0250514001,0.0000000000,0.0000000000,0.0073101479,0.0262036342,0.0393995345,0.0429931693,0.1630540192,0.1915846020,0.0637821332,0.0272593349,0.2044956237,0.1477835029,0.0461166315,0.0434967391,0.1323335767,0.1270067245,0.0884262100,0.0921096057,0.1654565185,0.1651075482,0.0797977000,0.0000000000,0.0000000000,0.0238672663,0.1258156747,0.1091747433,0.1059641391,0.1121107936,0.0000000935,0.1355227977,0.1981713772,-0.0105543463,0.0871992111,-0.0159537718,-0.0013895110,0.1517158747,-0.0159898214,-0.0024168154
21:57:41:12.385,61,0.0000041008,0.0000000000,0.1836780310,0.0000000000,0.0546508729,0.1512193382,0.1514450759,0.0000041205,0.0000000000,0.0000000000,0.0771769807,0.0548519120,0.1511617452,0.1515946388,0.0614978895,0.0000000000,0.0459677130,0.1219056994,0.1250680089,0.1819721162,0.1305344105,0.0000000000,0.0225645844,0.0000000000,0.0000000000,0.0228555948,0.0407202207,0.0389582105,0.0422651581,0.1612349153,0.1860342473,0.0641599819,0.0267686024,0.2087059617,0.1484102309,0.0453099050,0.0429079048,0.1260907352,0.1208053008,0.0873487517,0.0892359391,0.1668197513,0.1664925665,0.0813956633,0.0000000000,0.0000000000,0.0234148949,0.1256530285,0.1093424186,0.1073148549,0.1122326255,0.0000000831,0.0972257555,0.1935075969,-0.0123859895,0.0471312255,-0.0239602719,-0.0011290745,0.1121705100,-0.0239967760,-0.0026865988
21:57:41:13.385,61,0.0000037740,0.0000000000,0.1610637307,0.0000000000,0.0941116363,0.1506988853,0.1749361902,0.0000037922,0.0000000000,0.0000000000,0.0551113412,0.0944297612,0.1506421268,0.1750216484,0.0610269718,0.0000000000,0.0435324945,0.1166459769,0.1249710843,0.1634086370,0.1289053559,0.0000000000,0.0210287739,0.0000000000,0.0000000000,0.0281873047,0.0456367880,0.0384238400,0.0411036536,0.1581518501,0.1820652038,0.0674101636,0.0262256265,0.2221854031,0.1539576352,0.0446627811,0.0424010046,0.1076848730,0.1048895717,0.0796893388,0.0800806060,0.1669972390,0.1667351425,0.0821589381,0.0000000000,0.0000000000,0.0231450330,0.1219269037,0.1089444309,0.1075060293,0.1096044332,0.0000000458,0.0901273787,0.1875124425,-0.0108911535,0.0336370282,-0.0412260927,-0.0013872468,0.0983050317,-0.0412632786,-0.0040521356
21:57:41:14.385,61,0.0000034732,0.0000000000,0.1290071458,0.0000000000,0.1009659544,0.1517790109,0.1761150956,0.0000034900,0.0000000000,0.0000000000,0.0225181840,0.1011844948,0.1517231166,0.1761545986,0.0601967350,0.0000000000,0.0401671156,0.1114408821,0.1231429726,0.1300052404,0.1284596026,0.0000000000,0.0199848060,0.0000000000,0.0000000000,0.0321461372,0.0486519560,0.0375073887,0.0391152240,0.1401548237,0.1638829261,0.0739273801,0.0257861968,0.2323755026,0.1570769399,0.0442798957,0.0421030782,0.0910009667,0.0892460644,0.0638893843,0.0636176094,0.1679867059,0.1677951068,0.0820054933,0.0000000000,0.0000000000,0.0231622513,0.1194301620,0.1084453836,0.1074388772,0.1069566235,0.0000002079,0.0674919486,0.1783259809,-0.0121685462,0.0137421712,-0.0441542231,-0.0006071504,0.0787293687,-0.0441916808,-0.0034778400
21:57:41:15.386,61,0.0000031964,0.0000000000,0.0988981128,0.0000000000,0.1233664304,0.1524889916,0.1769859940,0.0000032118,0.0000000000,0.0072010993,0.0000000000,0.1235036999,0.1524368078,0.1770013124,0.0589722730,0.0000000000,0.0369814672,0.1091819257,0.1222663969,0.1198973432,0.1521952003,0.0000000000,0.0191268660,0.0000000000,0.0000000000,0.0538543537,0.0649608523,0.0359237380,0.0364018045,0.1339118332,0.1554701030,0.0788245276,0.0253951624,0.2490506768,0.1648566723,0.0440141670,0.0419129170,0.0810147300,0.0793138370,0.0572883338,0.0566242822,0.1684045196,0.1682467461,0.0816073790,0.0000000000,0.0000000000,0.0234271251,0.1179884821,0.1079929024,0.1074629575,0.1056694537,0.0000001911,0.0481881313,0.1694523245,-0.0131639792,-0.0043925154,-0.0538891703,0.0002369377,0.0603258163,-0.0539269447,-0.0032543582
21:57:41:16.386,61,0.0000029417,0.0000000000,0.1039965004,0.0000000000,0.1120234281,0.1531145275,0.1780614704,0.0000029559,0.0000000000,0.0023503636,0.0000000000,0.1121631861,0.1530631781,0.1780629009,0.0542952791,0.0000000000,0.0332932696,0.1008356139,0.1109350324,0.1097199321,0.1544771492,0.0000000000,0.0186531823,0.0000000000,0.0000000000,0.0555814989,0.0618609637,0.0343937501,0.0343364961,0.1225396842,0.1381177008,0.0809391364,0.0249789190,0.2541409135,0.1674405187,0.0438040607,0.0417932048,0.0749065727,0.0731251389,0.0529173389,0.0522684194,0.1685910523,0.1684578657,0.0810311884,0.0000000000,0.0000000000,0.0237889364,0.1155925915,0.1073480695,0.1071814671,0.1039797142,0.0000001750,0.0256104507,0.1619994044,-0.0160567500,-0.0014340366,-0.0489404723,0.0000702385,0.0634518787,-0.0489780791,-0.0031081415
21:57:41:17.386,61,0.0000027073,0.0000000000,0.0877925232,0.0000000000,0.1281989366,0.1599000543,0.1848379374,0.0000027203,0.0000000000,0.0185680129,0.0000000000,0.1282878667,0.1598526239,0.1847985834,0.0514160879,0.0000000000,0.0310145561,0.0952083692,0.1041161865,0.1005449817,0.1542721242,0.0000000000,0.0182202943,0.0000000000,0.0000000000,0.0367002822,0.0476416238,0.0333761349,0.0330126323,0.1135094091,0.1270635277,0.0822731778,0.0246895496,0.2521550059,0.1683375537,0.0437854230,0.0418589190,0.0715985522,0.0696625710,0.0487737060,0.0480272919,0.1688592285,0.1687472463,0.0800253376,0.0000000000,0.0000000000,0.0244518034,0.1145394295,0.1069434211,0.1068535522,0.1027502716,0.0000001756,0.0075314911,0.1556675136,-0.0152580868,-0.0113247884,-0.0559797324,0.0006346081,0.0535454452,-0.0560177043,-0.0030011910
21:57:41:18.386,61,0.0000024915,0.0000000000,0.0950117260,0.0000000000,0.1659097970,0.1656574607,0.2107099593,0.0000025035,0.0000000000,0.0105009442,0.0000000000,0.1660969406,0.1656198800,0.2106278539,0.0490505621,0.0000000000,0.0283295829,0.0904467329,0.0985227749,0.0853902102,0.1326692253,0.0000000000,0.0177520290,0.0000000000,0.0000000000,0.0300443228,0.0372274332,0.0325035676,0.0319805071,0.1091820225,0.1212232932,0.0828045532,0.0243922751,0.2131083459,0.1514602751,0.0435344614,0.0417070910,0.0696077645,0.0674531683,0.0440085493,0.0432786085,0.1687183380,0.1686268598,0.0778304935,0.0000000000,0.0000000000,0.0248359721,0.1123890653,0.1059240103,0.1051955000,0.0988508612,0.0000000780,-0.0040258262,0.1492276490,-0.0143486224,-0.0063978229,-0.0724749416,0.0004644922,0.0578871779,-0.0725134760,-0.0042026010
21:57:41:19.386,61,0.0000022930,0.0000000000,0.0857190043,0.0000000000,0.1821152866,0.1680665463,0.2344237566,0.0000023040,0.0000000000,0.0196419004,0.0000000000,0.1822621524,0.1680320799,0.2343009263,0.0464013144,0.0000000000,0.0270625018,0.0849307105,0.0901806653,0.0752265081,0.1270191073,0.0000000000,0.0175456516,0.0000000000,0.0000000000,0.0244505852,0.0298452154,0.0317074694,0.0310937930,0.0999347642,0.1108825058,0.0828205124,0.0241754204,0.2031934261,0.1467804760,0.0434375405,0.0416974723,0.0646318868,0.0624249354,0.0392775312,0.0388478450,0.1673591435,0.1673365831,0.0765702128,0.0000000000,0.0000000000,0.0253986996,0.1072865352,0.1023134291,0.0981073454,0.0916311294,0.0000000839,-0.0079840273,0.1448541582,-0.0138313863,-0.0119606294,-0.0795325637,0.0009532474,0.0521973893,-0.0795713812,-0.0041602924
21:57:41:20.386,61,0.0000021102,0.0000000000,0.0920705348,0.0000000000,0.1539583057,0.1682640016,0.2442288995,0.0000021204,0.0000000000,0.0139915235,0.0000000000,0.1541076452,0.1682289988,0.2440987527,0.0451065078,0.0000000000,0.0261576232,0.0825526640,0.0866722837,0.0704162568,0.1241668314,0.0000000000,0.0175084323,0.0000000000,0.0000000000,0.0227386076,0.0272408612,0.0309655238,0.0303093828,0.0941050053,0.1048963070,0.0830645636,0.0240491610,0.2009919584,0.1444364637,0.0433284678,0.0416622572,0.0620611943,0.0598854609,0.0367008150,0.0364578925,0.1625247598,0.1625773013,0.0742895380,0.0000000000,0.0000000000,0.0260586217,0.1044116095,0.0997326002,0.0947422907,0.0882870778,0.0000000968,-0.0124107162,0.1405583024,-0.0116408449,-0.0085276207,-0.0672446042,0.0005742953,0.0561157055,-0.0672830567,-0.0037793412
21:57:41:21.386,61,0.0000019421,0.0000000000,0.0994650647,0.0000000000,0.1643998027,0.1685127318,0.2492134571,0.0000019514,0.0000000000,0.0064987629,0.0000000000,0.1646127701,0.1684782207,0.2490813732,0.0430802070,0.0000000000,0.0250492897,0.0766399801,0.0812298730,0.0648415163,0.1204290241,0.0000000000,0.0174728669,0.0000000000,0.0000000000,0.0158664286,0.0178751815,0.0302148480,0.0295444597,0.0886199772,0.0981284007,0.0822784901,0.0238552783,0.1977331638,0.1392319947,0.0430768132,0.0414907113,0.0600042194,0.0577489845,0.0345333777,0.0344021544,0.1605269015,0.1606026739,0.0704543740,0.0000000000,0.0000000000,0.0265328586,0.1006213650,0.0963175073,0.0913689956,0.0851201341,0.0000003594,-0.0130631989,0.1360741258,-0.0111867180,-0.0039596320,-0.0718264356,0.0002848956,0.0606033094,-0.0718651041,-0.0043600784
21:57:41:22.386,61,0.0000017873,0.0000000000,0.1042828709,0.0000000000,0.1811680794,0.1760048866,0.2720680833,0.0000017959,0.0000000000,0.0014777486,0.0000000000,0.1814453751,0.1759664118,0.2719604671,0.0423511378,0.0000000000,0.0242733750,0.0748857409,0.0794776753,0.0628745481,0.1191168800,0.0000000000,0.0173383374,0.0000000000,0.0000000000,0.0152364541,0.0160119347,0.0296444707,0.0289561916,0.0868167356,0.0960021764,0.0824327022,0.0237480272,0.1978224218,0.1376905441,0.0429321192,0.0414055288,0.0590997934,0.0567886122,0.0333847441,0.0332783982,0.1593869030,0.1594722569,0.0692806095,0.0000000000,0.0000000000,0.0270188302,0.0996379852,0.0953608230,0.0900159404,0.0837357789,0.0000003466,-0.0118769435,0.1329160035,-0.0104538193,-0.0008998777,-0.0791705176,0.0000713930,0.0635035932,-0.0792094693,-0.0050372025
21:57:41:23.387,61,0.0000016449,0.0000000000,0.1052979529,0.0000000000,0.1781727374,0.1812417954,0.3010194004,0.0000016528,0.0000000000,0.0004840705,0.0000000000,0.1784512699,0.1812031716,0.3009170592,0.0417719446,0.0000000000,0.0234909002,0.0737763569,0.0783065706,0.0617178790,0.1184031442,0.0000000000,0.0172371101,0.0000000000,0.0000000000,0.0255395602,0.0225017518,0.0290838648,0.0283851679,0.0860016122,0.0950475335,0.0824243054,0.0235565882,0.2004895508,0.1373518556,0.0427659266,0.0412956551,0.0582817271,0.0559241846,0.0325319767,0.0324214809,0.1586836278,0.1587718874,0.0685833544,0.0000000000,0.0000000000,0.0275400970,0.0990380719,0.0947303921,0.0890281051,0.0827143565,0.0000003768,-0.0110376580,0.1283109784,-0.0101776104,-0.0002948059,-0.0778640583,0.0000230013,0.0641283095,-0.0779029727,-0.0050024446
21:57:41:24.387,61,0.0000015138,0.0000000000,0.1095172837,0.0000000000,0.1768027097,0.1840255857,0.3185683787,0.0000015211,0.0000000000,0.0000000000,0.0036878372,0.1771079004,0.1839854568,0.3184728324,0.0412083343,0.0000000000,0.0227928385,0.0729266927,0.0773702189,0.0607472956,0.1169077456,0.0000000000,0.0171949808,0.0000000000,0.0000000000,0.0282508917,0.0240955483,0.0285441410,0.0278427713,0.0854743943,0.0944726169,0.0822172388,0.0233295131,0.2012750208,0.1372307986,0.0425287187,0.0411114246,0.0574951135,0.0550981984,0.0318031609,0.0316830501,0.1574444473,0.1575188786,0.0679259002,0.0000000000,0.0000000000,0.0279000439,0.0985869020,0.0942262262,0.0881502554,0.0818274543,0.0000003751,-0.0112020075,0.1259871423,-0.0105897514,0.0022460483,-0.0772780925,-0.0001739165,0.0667010397,-0.0773170143,-0.0051635490
21:57:41:25.387,61,0.0000013932,0.0000000000,0.1194577888,0.0000000000,0.1715335399,0.1851734817,0.3291968107,0.0000013999,0.0000000000,0.0000000000,0.0134697398,0.1718946993,0.1851328462,0.3291164637,0.0407735780,0.0000000000,0.0222275704,0.0724181682,0.0768018812,0.0599862523,0.1152165532,0.0000000000,0.0170978121,0.0000000000,0.0000000000,0.0299850553,0.0254142676,0.0280338991,0.0273367986,0.0853730142,0.0944715962,0.0819093660,0.0230932161,0.2014497668,0.1369581670,0.0421304069,0.0407618210,0.0568719022,0.0544395894,0.0311765186,0.0310377367,0.1554579884,0.1555097550,0.0675644204,0.0000000000,0.0000000000,0.0280437041,0.0980968922,0.0936708301,0.0867733732,0.0805295855,0.0000001306,-0.0110264244,0.1238738894,-0.0108591272,0.0082050636,-0.0750057399,-0.0006165765,0.0727679506,-0.0750445947,-0.0054662344
21:57:41:26.387,61,0.0000012821,0.0000000000,0.1243079826,0.0000000000,0.1704694033,0.1850673705,0.3275914490,0.0000012883,0.0000000000,0.0000000000,0.0185863711,0.1708604246,0.1850262880,0.3275328279,0.0400020890,0.0000000000,0.0213078577,0.0703912303,0.0743901506,0.0576378033,0.1100547016,0.0000000000,0.0168502219,0.0000000000,0.0000000000,0.0305570923,0.0259512216,0.0274758246,0.0267835092,0.0851433277,0.0942369029,0.0798863843,0.0227274075,0.2014668584,0.1369741261,0.0416378789,0.0403220654,0.0555224903,0.0528877825,0.0306293275,0.0304599963,0.1544075608,0.1544504017,0.0672426671,0.0000000000,0.0000000000,0.0280067734,0.0966373086,0.0916157141,0.0848540142,0.0784795210,0.0000002003,-0.0088240812,0.1228205860,-0.0120757846,0.0113222310,-0.0745567158,-0.0008456977,0.0757250711,-0.0745954812,-0.0056537814
21:57:41:27.387,61,0.0000011800,0.0000000000,0.1265241802,0.0000000000,0.1637871116,0.1839180738,0.3244059682,0.0000011856,0.0000000000,0.0000000000,0.0207293145,0.1641741693,0.1838795990,0.3243555427,0.0392787009,0.0000000000,0.0205224697,0.0684054047,0.0721284449,0.0554194897,0.1076831594,0.0000000000,0.0168958288,0.0000000000,0.0000000000,0.0313267410,0.0265756678,0.0268796030,0.0262122639,0.0847529396,0.0939054042,0.0768965110,0.0223838463,0.1970351934,0.1360312700,0.0410901867,0.0398290865,0.0539037101,0.0513614789,0.0299593732,0.0297876801,0.1528626531,0.1528934538,0.0666258037,0.0000000000,0.0000000000,0.0279687569,0.0930375308,0.0887659043,0.0823467895,0.0763952360,0.0000002053,-0.0096852966,0.1266921759,-0.0132788206,0.0126303416,-0.0716402233,-0.0009063673,0.0770915374,-0.0716788545,-0.0055297790
21:57:41:28.387,61,0.0000010859,0.0000000000,0.1229231134,0.0000000000,0.1516089737,0.1792275310,0.3182474375,0.0000010912,0.0000000000,0.0000000000,0.0168576799,0.1519400030,0.1792012751,0.3182050884,0.0384869576,0.0000000000,0.0168242753,0.0662231892,0.0695957765,0.0527459420,0.1062188298,0.0000000000,0.0168108270,0.0000000000,0.0000000000,0.0321465693,0.0273363311,0.0262688417,0.0256255008,0.0841914341,0.0931202471,0.0744877681,0.0220542960,0.1949868500,0.1353368312,0.0405033194,0.0393170491,0.0522533692,0.0495864823,0.0292826816,0.0291029233,0.1524163485,0.1524416953,0.0656580180,0.0000000000,0.0000000000,0.0279269256,0.0894681662,0.0859893933,0.0798291937,0.0739478394,0.0000013593,-0.0088752890,0.1290495992,-0.0134000573,0.0102751488,-0.0662998334,-0.0006822285,0.0749249011,-0.0663382858,-0.0049729967
21:57:41:29.387,61,0.0000009994,0.0000000000,0.1018624455,0.0000000000,0.1292808801,0.1629112512,0.2937994301,0.0000010042,0.0000000000,0.0047401134,0.0000000000,0.1294431835,0.1629024446,0.2937343717,0.0376617610,0.0000000000,0.0140210316,0.0650745779,0.0684032366,0.0515238419,0.1055431813,0.0000000000,0.0167974923,0.0000000000,0.0000000000,0.0321722291,0.0274716374,0.0257200524,0.0250999685,0.0836062059,0.0922581106,0.0727915466,0.0218346212,0.1879851520,0.1295648515,0.0399365090,0.0388482697,0.0513386503,0.0486353077,0.0286069438,0.0284238197,0.1513195634,0.1513452530,0.0648126453,0.0000000000,0.0000000000,0.0279241577,0.0865014195,0.0838448405,0.0778556094,0.0720914006,0.0000396043,-0.0136473160,0.1326057315,-0.0149631724,-0.0028909536,-0.0564804710,0.0001634560,0.0621251240,-0.0565185770,-0.0035126922
21:57:42:00.387,61,0.0000009197,0.0000000000,0.0772310346,0.0000000000,0.0932980850,0.1467996240,0.2757357955,0.0000009242,0.0000000000,0.0296222866,0.0000000000,0.0933010951,0.1467950493,0.2756075561,0.0359855853,0.0000000000,0.0123454649,0.0617397539,0.0650586933,0.0489607640,0.1003725231,0.0000000000,0.0165645108,0.0000000000,0.0000000000,0.0287902188,0.0270936079,0.0252159461,0.0245999191,0.0827345848,0.0898470283,0.0690087229,0.0215525739,0.1812640429,0.1261248738,0.0394494943,0.0384912454,0.0501930863,0.0472217910,0.0279441401,0.0277424064,0.1505360901,0.1505648345,0.0634123236,0.0000000000,0.0000000000,0.0278343949,0.0837340653,0.0814837441,0.0767923072,0.0710549578,0.0000438235,-0.0263280533,0.1370419711,-0.0173562672,-0.0180802308,-0.0407169349,0.0007365385,0.0471386462,-0.0407542586,-0.0019214506
21:57:42:01.388,61,0.0000008464,0.0000000000,0.0434979051,0.0000000000,0.0818313137,0.1397776306,0.2697415054,0.0000008505,0.0000000000,0.0636430234,0.0000000000,0.0817133263,0.1397757232,0.2695908844,0.0351443291,0.0000000000,0.0111728851,0.0604008958,0.0636168048,0.0476954356,0.0969477296,0.0000000000,0.0154898707,0.0000000000,0.0000000000,0.0283253398,0.0291647539,0.0248427577,0.0241956618,0.0823885873,0.0888930485,0.0676199570,0.0212850608,0.1792106479,0.1249589399,0.0391709656,0.0383501202,0.0493529551,0.0462558158,0.0274250992,0.0271671955,0.1474087685,0.1474630386,0.0629861578,0.0000000000,0.0000000000,0.0277884007,0.0826395527,0.0805413276,0.0762280002,0.0704412386,0.0000443099,-0.0399792306,0.1454957426,-0.0210259985,-0.0388525911,-0.0356810987,0.0013865421,0.0265544150,-0.0357182361,-0.0009487689
21:57:42:02.388,61,0.0000007790,0.0000000000,0.0498098321,0.0000000000,0.0738704801,0.1315741241,0.2467097640,0.0000007827,0.0000000000,0.0565947965,0.0000000000,0.0737764835,0.1315721720,0.2463655621,0.0345037766,0.0000000000,0.0104948487,0.0596291088,0.0627614185,0.0475967191,0.1106658578,0.0000000000,0.0150569659,0.0000000000,0.0000000000,0.0480879955,0.0610796474,0.0245303344,0.0238396600,0.0823252127,0.0884823874,0.0672911555,0.0211116560,0.2227714956,0.1457238942,0.0395293385,0.0393643528,0.0486192144,0.0454981811,0.0271863881,0.0268650334,0.1462297291,0.1463061720,0.0630379245,0.0000000000,0.0000000000,0.0301352330,0.0821869001,0.0801634490,0.0786331072,0.0713475272,0.0000441509,-0.0565123335,0.1586820036,-0.0223161224,-0.0345538780,-0.0322102979,0.0011131539,0.0304112863,-0.0322469845,-0.0009808609
21:57:42:03.388,61,0.0000007169,0.0000000000,0.0298002958,0.0000000000,0.0509780869,0.1282199174,0.2382763326,0.0000007204,0.0000000000,0.0770464018,0.0000000000,0.0508469790,0.1282181591,0.2378214598,0.0342985280,0.0000000000,0.0098373871,0.0592260584,0.0622996129,0.0483511575,0.1136676073,0.0000000000,0.0125456667,0.0000000000,0.0000000000,0.0569685735,0.0711391121,0.0243535265,0.0235729925,0.0840321779,0.0886444077,0.0678700954,0.0209648646,0.2318641394,0.1510405988,0.0399744846,0.0401077010,0.0482259877,0.0450219549,0.0271232910,0.0266834460,0.1452465355,0.1453512311,0.0645813197,0.0000000000,0.0000000000,0.0311802253,0.0842170417,0.0819123834,0.0830050558,0.0731446892,0.0000063119,-0.0762821659,0.1747999489,-0.0267536789,-0.0470533818,-0.0222107638,0.0010448773,0.0181994606,-0.0222470704,-0.0004049292
21:57:42:04.388,61,0.0000006598,0.0000000000,0.0000000000,0.0206418168,0.0648436770,0.1256973743,0.2272022665,0.0000006630,0.0000000000,0.1275421530,0.0000000000,0.0645682961,0.1256966293,0.2264555395,0.0342638455,0.0000000000,0.0094027705,0.0591998883,0.0621966459,0.0544847623,0.1308687031,0.0000000000,0.0107626645,0.0000000000,0.0000000000,0.0628106222,0.0813057274,0.0242983587,0.0233832616,0.0856449828,0.0890082717,0.0708755925,0.0209948421,0.2371169180,0.1542221606,0.0430802219,0.0448480472,0.0479181409,0.0446936823,0.0270746332,0.0265022852,0.1435207278,0.1438052803,0.0654128343,0.0000000000,0.0000000000,0.0400778539,0.0853597820,0.0830508024,0.0868520364,0.0751671493,0.0000019947,-0.0943092406,0.1830063164,-0.0347045735,-0.0778800845,-0.0282589123,0.0021991644,-0.0126043204,-0.0282956380,0.0003567331
21:57:42:05.388,61,0.0000006072,0.0000000000,0.0000000000,0.0623199567,0.0517046675,0.1245476604,0.2225113511,0.0000006101,0.0000000000,0.1696961820,0.0000000000,0.0513808690,0.1245480180,0.2215305120,0.0344871283,0.0000000000,0.0089684622,0.0594651736,0.0624217279,0.0576943122,0.1358712167,0.0000000000,0.0092112245,0.0000000000,0.0000000000,0.0655195192,0.0855067596,0.0243864320,0.0232755672,0.0910670161,0.0898474902,0.0734924003,0.0211276785,0.2365221530,0.1554563344,0.0448517390,0.0478939563,0.0479438230,0.0446350202,0.0270154756,0.0262969360,0.1423252672,0.1428103149,0.0665516928,0.0000000000,0.0000000000,0.0429438278,0.0913149863,0.0902894884,0.0934809819,0.0793522596,0.0000026792,-0.1217015684,0.2000498623,-0.0442776717,-0.1036353633,-0.0225400906,0.0023321619,-0.0380594060,-0.0225767680,0.0008591968
21:57:42:06.388,61,0.0000005588,0.0000000000,0.0000000000,0.1319481730,0.0572689548,0.1251249164,0.2200066894,0.0000005615,0.0000000000,0.2393222451,0.0000000000,0.0567586273,0.1251472980,0.2189112455,0.0348311439,0.0000000000,0.0078369854,0.0598897152,0.0628188774,0.0600039698,0.1385458112,0.0000897851,0.0000000000,0.0000000000,0.0000000000,0.0666350797,0.0875103995,0.0246515721,0.0232993998,0.0985922739,0.0905751586,0.0772789046,0.0214352347,0.2343274802,0.1557305306,0.0468422100,0.0515783206,0.0482172221,0.0447441265,0.0269643944,0.0260483585,0.1416181326,0.1421852112,0.0701134205,0.0000000000,0.0000000000,0.0447879471,0.1029623449,0.1046583205,0.0997019485,0.0827247575,0.0000018542,-0.1445277482,0.2044236064,-0.0540183857,-0.1461484730,-0.0250325371,0.0036462029,-0.0805773512,-0.0250696559,0.0020182810
21:57:42:07.388,61,0.0000005143,0.0000000000,0.0000000000,0.1459233016,0.0481753796,0.1253398508,0.2186321318,0.0000005168,0.0000000000,0.2530675530,0.0000000000,0.0477072038,0.1253711283,0.2174353153,0.0350877717,0.0000000000,0.0066227517,0.0599303283,0.0628785789,0.0613840930,0.1399014890,0.0032680919,0.0000000000,0.0000000000,0.0000000000,0.0648322105,0.0812699869,0.0249312874,0.0233497266,0.1013623476,0.0910947546,0.0790353790,0.0217328519,0.2331121713,0.1558087319,0.0498051271,0.0562077723,0.0485227741,0.0449326262,0.0270638671,0.0259430856,0.1416198164,0.1422514170,0.0742055029,0.0000000000,0.0000000000,0.0468624681,0.1101326346,0.1122997999,0.1055516005,0.0860092938,0.0000022502,-0.1808769107,0.2092335075,-0.0629000738,-0.1545564085,-0.0210673530,0.0032436152,-0.0891197249,-0.0211042371,0.0018785921
21:57:42:08.389,61,0.0000004733,0.0000000000,0.0000000000,0.2195802480,0.0942315906,0.1300122291,0.2180420160,0.0000004756,0.0000000000,0.3248625994,0.0000000000,0.0931356028,0.1300928742,0.2167312205,0.0352914482,0.0000000000,0.0043937317,0.0600511953,0.0630453452,0.0624103844,0.1410512477,0.0052150278,0.0000000000,0.0000000000,0.0000000000,0.0625714511,0.0690118745,0.0252259765,0.0234119464,0.1032174826,0.0914973170,0.0811611935,0.0221205018,0.2297091484,0.1554479748,0.0522455014,0.0599998422,0.0489430539,0.0452620387,0.0271658823,0.0258633476,0.1417630464,0.1424761713,0.0768247023,0.0000000000,0.0000000000,0.0490037873,0.1142404974,0.1166920960,0.1100380942,0.0887722895,0.0000022380,-0.2189374864,0.2192117274,-0.0737300664,-0.1982812583,-0.0414506793,0.0081696426,-0.1340198964,-0.0414885357,0.0055467854
21:57:42:09.389,61,0.0000004356,0.0000000000,0.0000000000,0.2390944809,0.0731661171,0.1317181140,0.2175693661,0.0000004377,0.0000000000,0.3448691964,0.0000000000,0.0722346157,0.1318153292,0.2161211520,0.0354007147,0.0004414571,0.0000000000,0.0601657517,0.0632554442,0.0629940405,0.1410528272,0.0068215802,0.0000000000,0.0000000000,0.0000000000,0.0407125317,0.0422063693,0.0256526843,0.0235873237,0.1052538082,0.0917879865,0.0822022259,0.0226282459,0.1968981177,0.1387228519,0.0534719676,0.0618115105,0.0499263778,0.0457830578,0.0271911696,0.0257095266,0.1391579509,0.1402487010,0.0837830901,0.0000000000,0.0000000000,0.0500475541,0.1161069870,0.1187821776,0.1119799912,0.0900933370,0.0000010059,-0.2479469329,0.2305452377,-0.0807964727,-0.2105624229,-0.0322303958,0.0067387042,-0.1459795684,-0.0322680622,0.0046953601
21:57:42:10.389,61,0.0000004009,0.0000000000,0.0000000000,0.2702879012,0.0778579712,0.1360949427,0.2169157267,0.0000004028,0.0000000000,0.3752095997,0.0000000000,0.0767836496,0.1362409443,0.2149801254,0.0355890319,0.0036513652,0.0000000000,0.0602059737,0.0633905903,0.0632369816,0.1406942904,0.0090654567,0.0000000000,0.0000000000,0.0000000000,0.0223124586,0.0286203623,0.0261262041,0.0238117389,0.1063945666,0.0918454230,0.0839479938,0.0231839195,0.1893268973,0.1344860643,0.0545608476,0.0642403886,0.0512022451,0.0463867635,0.0273002256,0.0256131515,0.1356317103,0.1371868998,0.0871958882,0.0000000000,0.0000000000,0.0509859435,0.1173518971,0.1200509518,0.1134148166,0.0913435146,0.0000008064,-0.2708957791,0.2397316396,-0.0913847089,-0.2290715724,-0.0344021916,0.0078147482,-0.1650133580,-0.0344399549,0.0056594745
21:57:42:11.389,61,0.0000003689,0.0000000000,0.0000000000,0.3269677758,0.0633395910,0.1404058039,0.2163473219,0.0000003707,0.0000000000,0.4312323034,0.0000000000,0.0623120219,0.1406907290,0.2132630348,0.0364258364,0.0105866082,0.0000000000,0.0602699555,0.0634686872,0.0633965433,0.1401829869,0.0127536952,0.0000000000,0.0000000000,0.0000000000,0.0232903585,0.0281832963,0.0264497250,0.0239525884,0.1071782857,0.0917210653,0.0899074376,0.0238946378,0.1891706586,0.1326684505,0.0555861183,0.0673233345,0.0520210266,0.0468288511,0.0273740981,0.0254566893,0.1333541721,0.1354411691,0.0891446471,0.0000000000,0.0000000000,0.0537657030,0.1185529530,0.1210717112,0.1156090870,0.0943396688,0.0000000351,-0.2948777974,0.2423714250,-0.1007225290,-0.2633251250,-0.0281596575,0.0073315548,-0.1996559799,-0.0281973984,0.0055938754
21:57:42:12.390,61,0.0000003395,0.0000000000,0.0000000000,0.3682925999,0.0654265881,0.1432245970,0.2158152908,0.0000003412,0.0000000000,0.4714666009,0.0000000000,0.0642709658,0.1435991675,0.2111239135,0.0387093239,0.0162251145,0.0000000000,0.0607950501,0.0639990047,0.0652988032,0.1486450136,0.0155879259,0.0000000000,0.0000000000,0.0000000000,0.0787675381,0.0750652254,0.0266303904,0.0239781942,0.1088663265,0.0917334333,0.0965275094,0.0253799409,0.1935199201,0.1320027262,0.0563378260,0.0688832030,0.0527759567,0.0472955965,0.0273195244,0.0251822770,0.1253632158,0.1292558312,0.0915472060,0.0000000000,0.0000000000,0.0623630024,0.1191452444,0.1212958246,0.1164504439,0.0954004452,0.0000000096,-0.3294364810,0.2427072823,-0.1058030203,-0.2878861129,-0.0292474646,0.0083062919,-0.2248839140,-0.0292853396,0.0065322062
21:57:42:13.390,61,0.0000003125,0.0000000000,0.0000000000,0.3965346217,0.0406847149,0.1464508772,0.2159868926,0.0000003140,0.0000000000,0.4993333817,0.0000000000,0.0398919508,0.1469617337,0.2103012800,0.0398184210,0.0220732167,0.0000000000,0.0632127896,0.0671292320,0.0689978749,0.1602605134,0.0173809100,0.0000000000,0.0000000000,0.0000000000,0.0573117174,0.0496709384,0.0268649533,0.0240701176,0.1113825887,0.0918203592,0.0991112813,0.0269979201,0.1946939677,0.1314504594,0.0569438189,0.0702732950,0.0544371791,0.0478521921,0.0272797607,0.0249280911,0.1232377738,0.1277128607,0.0923702717,0.0000000000,0.0000000000,0.0675972924,0.1196045354,0.1212581769,0.1170314103,0.0961932093,0.0000000172,-0.3498206437,0.2440315485,-0.1075276583,-0.3049777448,-0.0182483271,0.0054800143,-0.2421902865,-0.0182857811,0.0043859323
21:57:42:14.389,61,0.0000002876,0.0000000000,0.0000000000,0.3879572153,0.0581504218,0.1503086686,0.2162167430,0.0000002889,0.0000000000,0.4904380441,0.0000000000,0.0570757575,0.1509444714,0.2097293586,0.0408643447,0.0248680115,0.0000000000,0.0654255301,0.0702984184,0.0702040195,0.1623477936,0.0183841549,0.0000000000,0.0000000000,0.0000000000,0.0478299819,0.0411258079,0.0271327775,0.0242197029,0.1128225550,0.0920430273,0.1006389037,0.0288841240,0.1889838129,0.1248348951,0.0570834018,0.0707945973,0.0588165075,0.0493115745,0.0271536391,0.0246365834,0.1232987493,0.1282096952,0.0924875662,0.0000000000,0.0000000000,0.0695282817,0.1194443032,0.1194865629,0.1167286187,0.0962894559,0.0000000241,-0.3689998090,0.2482669801,-0.1139588654,-0.2994957864,-0.0260644928,0.0076916181,-0.2369118184,-0.0261021666,0.0061275414
21:57:42:15.389,61,0.0000002646,0.0000000000,0.0000000000,0.3824966252,0.0857075825,0.1539264172,0.2237501740,0.0000002659,0.0000000000,0.4845384061,0.0000000000,0.0841881260,0.1546643525,0.2121848911,0.0416845083,0.0275160018,0.0000000000,0.0664487332,0.0716631487,0.0708850920,0.1587108076,0.0192197077,0.0000000000,0.0000000000,0.0000000000,0.0449083559,0.0378706194,0.0272812452,0.0242692754,0.1139465049,0.0922183022,0.1015005559,0.0298955776,0.1871611774,0.1226482838,0.0570814051,0.0710748360,0.0607463121,0.0501633845,0.0270499345,0.0243495870,0.1236082539,0.1290208250,0.0922766924,0.0000000000,0.0000000000,0.0705009326,0.1192175820,0.1178154796,0.1163090169,0.0961752906,0.0000001183,-0.3819396794,0.2505816221,-0.1211044788,-0.2957819700,-0.0384024121,0.0111988774,-0.2334875017,-0.0384405479,0.0088982070
21:57:42:16.390,61,0.0000002436,0.0000000000,0.0000000000,0.3949410617,0.0794545487,0.1586591452,0.2273859382,0.0000002447,0.0000000000,0.4968576729,0.0000000000,0.0780020505,0.1595882922,0.2131218016,0.0424054451,0.0302820224,0.0000000000,0.0670517161,0.0724656358,0.0712674782,0.1547618210,0.0200710390,0.0000000000,0.0000000000,0.0000000000,0.0438096263,0.0364443399,0.0273711141,0.0242798273,0.1150723025,0.0923916996,0.1019649729,0.0306708626,0.1859705895,0.1213564724,0.0570520982,0.0713090971,0.0620626435,0.0508607104,0.0269244090,0.0240402948,0.1240149811,0.1297165602,0.0919162780,0.0000000000,0.0000000000,0.0710844994,0.1190611199,0.1168304607,0.1160563901,0.0961758569,0.0000001210,-0.3948914111,0.2526520491,-0.1271759719,-0.3033317327,-0.0356636196,0.0106568923,-0.2411079556,-0.0357017182,0.0085282251
21:57:42:17.390,61,0.0000002241,0.0000000000,0.0000000000,0.3989677131,0.0555198714,0.1624314040,0.2273317128,0.0000002252,0.0000000000,0.5008379221,0.0000000000,0.0544722192,0.1637770236,0.2110131681,0.0427657068,0.0324648917,0.0000000000,0.0671873614,0.0727667436,0.0712265298,0.1495454460,0.0238828063,0.0000000000,0.0000000000,0.0000000000,0.0289738700,0.0322478339,0.0275449697,0.0243675001,0.1156647578,0.0923027918,0.1018072814,0.0312679559,0.1850527972,0.1205150858,0.0570729785,0.0716159344,0.0629775152,0.0513061434,0.0268461443,0.0237678215,0.1289591938,0.1343615353,0.0910960659,0.0000000000,0.0000000000,0.0713805705,0.1186175942,0.1155857071,0.1157065630,0.0962109119,0.0000001214,-0.4050858319,0.2536805272,-0.1320656687,-0.3058552742,-0.0249249861,0.0075065475,-0.2436425388,-0.0249625109,0.0060231141
21:57:42:18.390,61,0.0000002063,0.0000000000,0.0000000000,0.4064790905,0.0816623569,0.1709585041,0.2268866152,0.0000002073,0.0000000000,0.5077219009,0.0000000000,0.0801446959,0.1727292538,0.2089284509,0.0429143347,0.0345877893,0.0000000000,0.0673065186,0.0730865598,0.0714867413,0.1480592340,0.0259600710,0.0000000000,0.0000000000,0.0000000000,0.0251673572,0.0306925979,0.0276366509,0.0243779533,0.1162799522,0.0922014639,0.1014844775,0.0316821933,0.1847874224,0.1201817617,0.0570724867,0.0718868747,0.0636680052,0.0517022535,0.0268482696,0.0235587303,0.1319802403,0.1374126524,0.0904351771,0.0000000000,0.0000000000,0.0717202649,0.1184933111,0.1148395911,0.1157924756,0.0964352489,0.0000001195,-0.4165018201,0.2536463737,-0.1417261511,-0.3099537492,-0.0367202610,0.0112047838,-0.2481430173,-0.0367583036,0.0090318210
21:57:42:19.390,61,0.0000001898,0.0000000000,0.0000000000,0.4332437813,0.0818245709,0.1786106676,0.2250633091,0.0000001908,0.0000000000,0.5340874791,0.0000000000,0.0802223235,0.1809701473,0.2067072988,0.0431129821,0.0359343514,0.0000000000,0.0672770217,0.0731856748,0.0715913028,0.1471868008,0.0315386243,0.0000000000,0.0000000000,0.0000000000,0.0253554955,0.0323864184,0.0277455505,0.0243959688,0.1167550981,0.0920294300,0.1012477502,0.0320420302,0.1860170066,0.1205445752,0.0571212322,0.0721711814,0.0641630217,0.0519651100,0.0268858504,0.0233715251,0.1368397474,0.1416508406,0.0895995572,0.0000000000,0.0000000000,0.0721378848,0.1184817255,0.1143325046,0.1160956025,0.0968222022,0.0000000296,-0.4209461212,0.2527346313,-0.1462141573,-0.3260482252,-0.0369511656,0.0118403658,-0.2644808590,-0.0369894430,0.0096734539
21:57:42:20.391,61,0.0000001747,0.0000000000,0.0000000000,0.4298780262,0.1030213684,0.1842722595,0.2290678769,0.0000001756,0.0000000000,0.5306044221,0.0000000000,0.1010419130,0.1868366301,0.2098036855,0.0435102098,0.0393731110,0.0000000000,0.0672065541,0.0731103048,0.0716686472,0.1463001668,0.0338115394,0.0000000000,0.0000000000,0.0000000000,0.0774978772,0.0743518695,0.0277299024,0.0243295562,0.1191541404,0.0922739878,0.1010115445,0.0322526880,0.1899441034,0.1242127940,0.0571048744,0.0723215118,0.0643779114,0.0520418175,0.0268517751,0.0231231768,0.1398032457,0.1445963681,0.0888454691,0.0000000000,0.0000000000,0.0723901764,0.1186647490,0.1140951291,0.1161716655,0.0969608203,0.0000000253,-0.4235719740,0.2513557971,-0.1498180777,-0.3238013685,-0.0465062559,0.0148066161,-0.2623260617,-0.0465449728,0.0120785395
21:57:42:21.391,61,0.0000001608,0.0000000000,0.0000000000,0.4284805655,0.0905397460,0.1867650896,0.2316783667,0.0000001616,0.0000000000,0.5292564631,0.0000000000,0.0887942836,0.1893848628,0.2122411430,0.0437997058,0.0407327116,0.0000000000,0.0671229586,0.0730238035,0.0715866387,0.1457945108,0.0347607993,0.0000000000,0.0000000000,0.0000000000,0.0799240842,0.0777443796,0.0277229752,0.0242806766,0.1201605722,0.0925259888,0.1007093936,0.0324796028,0.1911699176,0.1253707409,0.0570657961,0.0723855421,0.0646080002,0.0521799736,0.0267592613,0.0228804462,0.1412253678,0.1459534764,0.0880884305,0.0000000000,0.0000000000,0.0726331994,0.1186603978,0.1137845144,0.1162087396,0.0971228182,0.0000000157,-0.4228005707,0.2501165867,-0.1523203254,-0.3230530024,-0.0408584885,0.0129775554,-0.2615349293,-0.0408968739,0.0105799474
21:57:42:22.391,61,0.0000001480,0.0000000000,0.0000000000,0.4309517741,0.1120314375,0.1877896935,0.2478200495,0.0000001487,0.0000000000,0.5312914848,0.0000000000,0.1098904237,0.1904182583,0.2299389690,0.0439408943,0.0416229069,0.0000000000,0.0672830120,0.0731158629,0.0715551898,0.1474562287,0.0352173932,0.0000000000,0.0000000000,0.0000000000,0.0836287662,0.0811135992,0.0276976004,0.0242084861,0.1208399013,0.0927163213,0.0999253318,0.0327277444,0.1910929680,0.1255032122,0.0568093769,0.0721142963,0.0645545870,0.0521803647,0.0263865739,0.0224516839,0.1401169896,0.1447229832,0.0875591785,0.0000000000,0.0000000000,0.0729000196,0.1140302122,0.1099793538,0.1100883111,0.0949708968,0.0000000157,-0.4179994464,0.2482241541,-0.1524095386,-0.3241608739,-0.0505853966,0.0161244888,-0.2629315853,-0.0506241918,0.0131683499
21:57:42:23.391,61,0.0000001362,0.0000000000,0.0000000000,0.4148339331,0.1346833110,0.1888910681,0.2530197501,0.0000001368,0.0000000000,0.5152555108,0.0000000000,0.1322116852,0.1914722174,0.2359147668,0.0437942743,0.0419710577,0.0000000000,0.0670971125,0.0728481263,0.0713561624,0.1498192847,0.0357671455,0.0000000000,0.0000000000,0.0000000000,0.0805638582,0.0820510834,0.0276191644,0.0240631588,0.1209914684,0.0925404876,0.0994788632,0.0327807926,0.1976934820,0.1298620254,0.0567831621,0.0720556006,0.0641419068,0.0519282706,0.0261672139,0.0221425947,0.1397798210,0.1442885697,0.0869317502,0.0000000000,0.0000000000,0.0733968690,0.1127142757,0.1087215692,0.1085666418,0.0943167061,0.0000000110,-0.4081569314,0.2467924356,-0.1514467299,-0.3142101765,-0.0606615506,0.0187692139,-0.2529605925,-0.0607007034,0.0152091654
21:57:42:24.391,61,0.0000001253,0.0000000000,0.0000000000,0.4116539657,0.1229855940,0.1891205907,0.2547335625,0.0000001259,0.0000000000,0.5126482248,0.0000000000,0.1207225099,0.1916831434,0.2384386957,0.0434123985,0.0422261953,0.0000000000,0.0667370632,0.0724243969,0.0712708905,0.1554969251,0.0559063032,0.0000000000,0.0000000000,0.0000000000,0.0690457299,0.0827212706,0.0276471674,0.0239762049,0.1210930049,0.0921957865,0.0989483297,0.0327010155,0.2106871307,0.1384328157,0.0569525398,0.0722160786,0.0633367971,0.0514820367,0.0260407235,0.0218503568,0.1397604942,0.1440944821,0.0863977522,0.0000000000,0.0000000000,0.0743572786,0.1120991930,0.1081539765,0.1079747751,0.0939651951,0.0000000098,-0.3990352154,0.2463181168,-0.1507198811,-0.3127098680,-0.0553625710,0.0170474164,-0.2510953248,-0.0554016307,0.0137786008
21:57:42:25.391,61,0.0000001153,0.0000000000,0.0000000000,0.3800460994,0.1171397194,0.1877933443,0.2451793849,0.0000001159,0.0000000000,0.4824254811,0.0000000000,0.1150975972,0.1901018620,0.2330202162,0.0429913402,0.0425350219,0.0000000000,0.0665110126,0.0721980408,0.0713113174,0.1575479209,0.0615410246,0.0000000000,0.0000000000,0.0000000000,0.0592963360,0.0801526010,0.0277346633,0.0239524972,0.1216279045,0.0921782106,0.0982760340,0.0325291418,0.2145342380,0.1410831213,0.0570847727,0.0722953454,0.0629063845,0.0512529947,0.0260248929,0.0216530710,0.1392847896,0.1431854069,0.0865357220,0.0000000000,0.0000000000,0.0745126680,0.1119006500,0.1080816016,0.1080301329,0.0938462019,0.0000000131,-0.3920851648,0.2461601198,-0.1519758254,-0.2943142951,-0.0524792783,0.0152361970,-0.2318481952,-0.0525182970,0.0120779984
21:57:42:26.391,61,0.0000001062,0.0000000000,0.0000000000,0.3551055193,0.0650504977,0.1833333671,0.2301201820,0.0000001067,0.0000000000,0.4593915045,0.0000000000,0.0639224648,0.1854447871,0.2228184491,0.0424367450,0.0427787788,0.0000000000,0.0706398115,0.0790162161,0.1126516387,0.2769518793,0.1881572753,0.0000000000,0.0000000000,0.0000000000,0.0564808436,0.0825961605,0.0280055143,0.0239595231,0.1248129457,0.0919664353,0.0980902240,0.0325819813,0.2437086254,0.1453640461,0.0574991144,0.0727046281,0.0627306774,0.0513114072,0.0262227934,0.0215340834,0.1390446573,0.1426485032,0.0869121924,0.0000000000,0.0000000000,0.0867468491,0.1194289178,0.1087681353,0.1233038902,0.0971467867,0.0000000247,-0.3792528808,0.2490798384,-0.1530473232,-0.2805142403,-0.0290262830,0.0080380058,-0.2168328464,-0.0290643964,0.0062545282
21:57:42:27.391,61,0.0000000977,0.0000000000,0.0000000000,0.3243345618,0.0389229991,0.1667135060,0.2198280245,0.0000000982,0.0000000000,0.4294766486,0.0000000000,0.0382585190,0.1677630544,0.2124768794,0.0414974280,0.0428238437,0.0000000000,0.0721071512,0.0812589377,0.1234705970,0.3035898209,0.0673103854,0.0000000000,0.0000000000,0.0000000000,0.0525892228,0.0522756502,0.0280647781,0.0239577033,0.1254787743,0.0918940157,0.0933442116,0.0324996449,0.2421073318,0.1463400722,0.0579344667,0.0730254352,0.0624525547,0.0514621772,0.0263777077,0.0215251800,0.1322867721,0.1346314549,0.0890711844,0.0000000000,0.0000000000,0.0901516080,0.1214515716,0.1101797447,0.1275800169,0.0985881388,0.0000000295,-0.3642793894,0.2514380813,-0.1543329358,-0.2623149753,-0.0172847547,0.0044826479,-0.1980957687,-0.0173221603,0.0034093761
21:57:42:28.391,61,0.0000000899,0.0000000000,0.0000000000,0.2905476987,0.0555360205,0.1593421251,0.2162331194,0.0000000903,0.0000000000,0.3960562646,0.0000000000,0.0546957068,0.1600697339,0.2091617137,0.0408617929,0.0429228544,0.0000000000,0.0756717473,0.0872281268,0.1344617903,0.3183122277,0.0446422212,0.0000000000,0.0000000000,0.0000000000,0.0576066300,0.0538543500,0.0280456450,0.0239343382,0.1262077093,0.0924293324,0.0906710699,0.0323597379,0.2427460104,0.1466688365,0.0581456460,0.0729899928,0.0624307543,0.0519172773,0.0266220421,0.0216253847,0.1291686296,0.1311548501,0.0901547447,0.0000000000,0.0000000000,0.0917598233,0.1224438846,0.1110162511,0.1296397597,0.0993080661,0.0000000291,-0.3424239159,0.2515816391,-0.1544224769,-0.2418667674,-0.0245811362,0.0058886805,-0.1774328351,-0.0246187504,0.0043461416
21:57:42:29.392,61,0.0000000827,0.0000000000,0.0000000000,0.2628243268,0.0178317484,0.1539399624,0.2113983184,0.0000000831,0.0000000000,0.3692637086,0.0000000000,0.0175244305,0.1544209719,0.2037522346,0.0406522341,0.0438146703,0.0000000000,0.0796094537,0.0938929394,0.2478644401,0.2548464835,0.0322693400,0.0000000000,0.0000000000,0.0000000000,0.0609853528,0.0524819456,0.0282493029,0.0242538359,0.1500201225,0.1191550419,0.0831585974,0.0320580080,0.2248010486,0.1465240568,0.0580257028,0.0725686401,0.1102437899,0.0983601958,0.0544271879,0.0395480134,0.1258804947,0.1279820502,0.0913858861,0.0000000000,0.0000000000,0.0709425360,0.1233540475,0.1150828153,0.1312005967,0.1000654399,0.0000000273,-0.3270558417,0.2517667413,-0.1560732871,-0.2255636603,-0.0078452118,0.0017546612,-0.1605453491,-0.0078819292,0.0012600035
21:57:43:00.392,61,0.0000000761,0.0568045266,0.0000000000,0.2351057529,0.0000000000,0.1432988346,0.2097542733,0.0000000765,0.0561947487,0.3431496620,0.0000000000,0.0000000000,0.1435264796,0.2020052224,0.0404723398,0.0444605835,0.0000000000,0.1022833586,0.0957043245,0.4610738158,0.2375056893,0.0254435837,0.0000000000,0.0000000000,0.0000000000,0.0621765703,0.0520424061,0.0286189597,0.0249100253,0.1566348672,0.1293542087,0.0728513300,0.0317238271,0.2202979773,0.1504306048,0.0577533543,0.0716732219,0.1698656976,0.1395029277,0.1201452613,0.0972837061,0.1247685924,0.1268787384,0.0918936431,0.0000000000,0.0000000000,0.0609494857,0.1242211461,0.1180678457,0.1341681182,0.1016774923,0.0000000142,-0.3125113845,0.2529682815,-0.1573988199,-0.2094929069,0.0350950286,-0.0073013674,-0.1435308754,0.0350605808,-0.0050170291
21:57:43:01.392,61,0.0000000701,0.0378773920,0.0000000000,0.1889416426,0.0000000000,0.1395727992,0.2102874070,0.0000000704,0.0375596769,0.2974925935,0.0000000000,0.0000000000,0.1397048980,0.2029268146,0.0407915153,0.0458272249,0.0000000000,0.1160648242,0.0931965187,0.5293433666,0.2121091634,0.0219793376,0.0000000000,0.0000000000,0.0000000000,0.0650095642,0.0595742725,0.0291412044,0.0264317431,0.1645648181,0.1424303502,0.0686795637,0.0313637517,0.2175157517,0.1550066173,0.0573747307,0.0702435896,0.2103349566,0.1763422638,0.1513983458,0.1191424206,0.1241503954,0.1262587160,0.0928022265,0.0000000000,0.0000000000,0.0527849123,0.1267871112,0.1231344566,0.1423346549,0.1049753875,0.0000000629,-0.3030004799,0.2502925694,-0.1603295654,-0.1816795468,0.0233279113,-0.0042156666,-0.1153868437,0.0232928991,-0.0026822132
21:57:43:02.392,61,0.0000000645,0.0311059300,0.0000000000,0.1738132685,0.0000000000,0.1375992000,0.2104392946,0.0000000648,0.0308746789,0.2823665738,0.0000000000,0.0000000000,0.1376834512,0.2032650858,0.0514714234,0.0467732660,0.0000000000,0.1261223257,0.0868852809,0.4282545149,0.1584691554,0.0197325591,0.0000000000,0.0000000000,0.0000000000,0.1061647907,0.0815084055,0.0300199091,0.0292139128,0.1921958625,0.1735435128,0.0666044354,0.0308178104,0.2131757289,0.1585882604,0.0567927919,0.0674443841,0.2272571623,0.1917969435,0.1655970216,0.1335435063,0.1230447516,0.1251594573,0.0935700685,0.0000000000,0.0000000000,0.0456954800,0.1279375702,0.1276282817,0.1448465288,0.1063586548,0.0000001136,-0.2919695973,0.2503814697,-0.1606054157,-0.1724569798,0.0191442873,-0.0032856141,-0.1061572433,0.0191091169,-0.0020250073
21:57:43:03.392,61,0.0000000594,0.0738808215,0.0000000000,0.1504134536,0.0000000000,0.1359445602,0.2190628052,0.0000000596,0.0733207911,0.2591843605,0.0000000000,0.0000000000,0.1360133439,0.2127582282,0.0697106943,0.0481293313,0.0000000000,0.1304701269,0.0811214894,0.4110297561,0.1413792521,0.0138072483,0.0000000000,0.0000000000,0.0000000000,0.1915989965,0.1511982530,0.0307502151,0.0313599333,0.2164061069,0.1976220012,0.0658496171,0.0297853388,0.2143872231,0.1942853183,0.0561789237,0.0657675043,0.2484740317,0.2147371322,0.1823634952,0.1616902649,0.1224076152,0.1245623305,0.0951862335,0.0000000000,0.0000000000,0.0412670188,0.1295788884,0.1407778412,0.1464759409,0.1102587506,0.0000001732,-0.2791913152,0.2502827048,-0.1620629430,-0.1581666172,0.0453556441,-0.0071486570,-0.0917885229,0.0453221425,-0.0041570365
21:57:43:04.392,61,0.0000000546,0.0800304785,0.0000000000,0.1543502361,0.0000000000,0.1352248192,0.2414572835,0.0000000549,0.0794056132,0.2632047236,0.0000000000,0.0000000000,0.1352878362,0.2356923372,0.0919771641,0.0496211052,0.0000000000,0.1361080408,0.0765877962,0.3538003564,0.1232415810,0.0103024915,0.0000000000,0.0000000000,0.0000000000,0.2166518569,0.1701128632,0.0317192301,0.0339941308,0.2400361598,0.2211303860,0.0653663650,0.0285866689,0.2105363011,0.1989133060,0.0550251119,0.0635477677,0.3315175176,0.2940846980,0.2009139061,0.1847232878,0.1222247779,0.1244439408,0.0959814712,0.0000000000,0.0000000000,0.0362336747,0.1313927770,0.1512563527,0.1532473266,0.1241380498,0.0000002473,-0.2644020021,0.2468589842,-0.1641000211,-0.1605918705,0.0491389148,-0.0078636026,-0.0941742137,0.0491056070,-0.0046213320
21:57:43:05.393,61,0.0000000503,0.0917183310,0.0000000000,0.1533042341,0.0000000000,0.1346372068,0.2482740879,0.0000000505,0.0909969956,0.2622679174,0.0000000000,0.0000000000,0.1346983463,0.2427621931,0.1017639413,0.0501960590,0.0000000000,0.1452409625,0.0745402798,0.3362537920,0.1120600998,0.0076686712,0.0000000000,0.0000000000,0.0000000000,0.2332338244,0.1804472953,0.0327242985,0.0359552465,0.2531361282,0.2389810979,0.0654441938,0.0277071372,0.2091195136,0.2002076805,0.0534228310,0.0607643910,0.3474415839,0.3133235574,0.2070408911,0.1929405183,0.1189979389,0.1215474084,0.0967504606,0.0000000000,0.0000000000,0.0326839313,0.1322538406,0.1552411914,0.1554179639,0.1283822656,0.0000003063,-0.2474572808,0.2432309836,-0.1628164500,-0.1599607617,0.0563064851,-0.0089777159,-0.0935008377,0.0562736057,-0.0052594710
21:57:43:06.393,61,0.0000000463,0.0844048187,0.0000000000,0.0970023423,0.0000000000,0.1339399368,0.2369645238,0.0000000465,0.0839390084,0.2060061991,0.0000000000,0.0000000000,0.1340000033,0.2335744649,0.1062466875,0.0501609705,0.0000000000,0.1481589228,0.0732603893,0.3268961906,0.1033279821,0.0059742802,0.0000000000,0.0000000000,0.0000000000,0.2407518476,0.1860419810,0.0334910676,0.0371172689,0.2585509717,0.2458352745,0.0657559037,0.0269740615,0.2052369416,0.1896686703,0.0523863286,0.0589333251,0.3320429921,0.2986599505,0.2000844479,0.1886018813,0.1205712482,0.1229011491,0.0967373624,0.0000000000,0.0000000000,0.0303895287,0.1327261031,0.1570954770,0.1566163003,0.1306233108,0.0000003193,-0.2291279137,0.2398419082,-0.1603990197,-0.1256757826,0.0516834110,-0.0064839507,-0.0591765195,0.0516504534,-0.0030574207
21:57:43:07.393,61,0.0000000426,0.0663390011,0.0000000000,0.0866653547,0.0000000000,0.1319988519,0.2347230613,0.0000000428,0.0660168901,0.1947879493,0.0000000000,0.0000000000,0.1320556998,0.2319178730,0.1085505411,0.0497236922,0.0000000000,0.1500970125,0.0706206039,0.3140627444,0.0995212346,0.0045878682,0.0000000000,0.0000000000,0.0000000000,0.2312951237,0.1851797998,0.0341746695,0.0379716381,0.2617218196,0.2498480976,0.0658505037,0.0259629805,0.2006920725,0.1861170977,0.0515390411,0.0577442236,0.3310925066,0.2979020774,0.1989241391,0.1883880347,0.1203114614,0.1225938350,0.0968286023,0.0000000000,0.0000000000,0.0287109613,0.1313137561,0.1527022719,0.1443822831,0.1245264560,0.0000003292,-0.2147350758,0.2358789146,-0.1604746878,-0.1188920066,0.0406142920,-0.0048199594,-0.0528973527,0.0405809879,-0.0021468010
21:57:43:08.393,61,0.0000000392,0.0998583660,0.0000000000,0.0555666015,0.0000000000,0.1280852854,0.2433401942,0.0000000394,0.0994646847,0.1646317542,0.0000000000,0.0000000000,0.1281298846,0.2409580797,0.1094541848,0.0464572795,0.0000000000,0.1510609686,0.0693671778,0.3091925979,0.0972707197,0.0021885522,0.0000000000,0.0000000000,0.0000000000,0.2293868065,0.1821949482,0.0348452851,0.0386979096,0.2631077766,0.2518344223,0.0661135912,0.0251840055,0.1988238394,0.1842222810,0.0508434922,0.0568544939,0.3185940683,0.2907543182,0.1876940429,0.1828685999,0.1204099357,0.1226477996,0.0971154422,0.0000000000,0.0000000000,0.0276322458,0.1300058067,0.1506146193,0.1394808143,0.1222683340,0.0000002661,-0.2006710470,0.2354731411,-0.1588678062,-0.1003816128,0.0610673092,-0.0061272881,-0.0338805504,0.0610350780,-0.0020700749
21:57:43:09.393,61,0.0000000361,0.0919924229,0.0000000000,0.0071402439,0.0000000000,0.1253983676,0.2404032797,0.0000000362,0.0918176547,0.1154625714,0.0000000000,0.0000000000,0.1254306287,0.2381834984,0.1096134409,0.0385411941,0.0000000000,0.1512270868,0.0684443191,0.2961958051,0.0949905068,0.0000000000,0.0014267219,0.0000000000,0.0000000000,0.2223528326,0.1688998789,0.0355066247,0.0393468030,0.2636220455,0.2529348135,0.0664887950,0.0244190581,0.1982667446,0.1836706996,0.0502430834,0.0561461002,0.3114580810,0.2857916653,0.1847275198,0.1816706657,0.1203187779,0.1225220338,0.0970913097,0.0000000000,0.0000000000,0.0267093387,0.1295554936,0.1497367918,0.1373175085,0.1212211698,0.0000001541,-0.1825298518,0.2340827584,-0.1553920060,-0.0704209805,0.0562277324,-0.0039604940,-0.0043548425,0.0561955124,-0.0002449797
21:57:43:10.393,61,0.0000000332,0.0664818361,0.0017604450,0.0000000000,0.0000000000,0.1241049469,0.2380237132,0.0000000333,0.0663971007,0.1057644114,0.0000000000,0.0000000000,0.1241317168,0.2360691577,0.1095573008,0.0277930424,0.0000000000,0.1510266364,0.0670912787,0.2883858979,0.0932576880,0.0000000000,0.0036715083,0.0000000000,0.0000000000,0.2152265161,0.1635629833,0.0362038575,0.0399704427,0.2636345625,0.2536804974,0.0669610873,0.0236472804,0.2053702772,0.1943497062,0.0498498864,0.0556683093,0.3070281446,0.2830331326,0.1943465173,0.1951013654,0.1218580678,0.1238185316,0.0968779847,0.0000000000,0.0000000000,0.0258896593,0.1296080649,0.1494206935,0.1364652514,0.1208493263,0.0000001000,-0.1697799563,0.2349843979,-0.1529280394,-0.0645546019,0.0406443924,-0.0026233990,0.0010745081,0.0406114720,0.0000436614
21:57:43:11.394,61,0.0000000305,0.1201628223,0.0209685378,0.0000000000,0.0000000000,0.1186974645,0.2299091518,0.0000000307,0.1200541258,0.0870453641,0.0000000000,0.0000000000,0.1187116355,0.2284775823,0.1091455892,0.0239517819,0.0000000000,0.1505372673,0.0655963793,0.2721450031,0.0883084014,0.0000000000,0.0051145344,0.0000000000,0.0000000000,0.1788734496,0.1241278425,0.0370667540,0.0406642146,0.2632113397,0.2536605000,0.0673836395,0.0228789803,0.2114043683,0.2011185139,0.0495372415,0.0553397946,0.3008454442,0.2757912278,0.2110081464,0.2136653066,0.1251783967,0.1266787350,0.0965789333,0.0000000000,0.0000000000,0.0247639008,0.1300023496,0.1495911777,0.1411379576,0.1258343011,0.0000000532,-0.1479465365,0.2382465899,-0.1478409022,-0.0530299321,0.0734403357,-0.0038997037,0.0127744582,0.0734093040,0.0009394263
21:57:43:12.394,61,0.0000000281,0.1094870716,0.0000000000,0.0004840440,0.0000000000,0.1170246303,0.2071729898,0.0000000282,0.1092999130,0.1082144082,0.0000000000,0.0000000000,0.1170338467,0.2060517818,0.1070207208,0.0171085875,0.0000000000,0.1475637406,0.0624037981,0.2374784797,0.0834906325,0.0000000000,0.0079173762,0.0000000000,0.0000000000,0.1299368739,0.0660530925,0.0382889248,0.0416931845,0.2462035269,0.2452197075,0.0679218248,0.0221251044,0.2410885096,0.2358202785,0.0495362282,0.0553610139,0.2927615643,0.2716734409,0.2607199550,0.2725971043,0.1614029855,0.1626037061,0.0961924419,0.0000000000,0.0000000000,0.0237310994,0.1445730031,0.1659850925,0.1758747548,0.1601922065,0.0000001488,-0.1272454113,0.2407298088,-0.1441575736,-0.0659569204,0.0669132322,-0.0044167568,-0.0002950246,0.0668818578,-0.0000197613
21:57:43:13.393,61,0.0000000259,0.1505347937,0.0184160899,0.0000000000,0.0000000000,0.1130964234,0.2010946870,0.0000000260,0.1503638774,0.0907015279,0.0000000000,0.0000000000,0.1130964831,0.2001141012,0.1060694605,0.0119276103,0.0000000000,0.1493044943,0.0613554940,0.2120990455,0.0813603848,0.0000000000,0.0128458655,0.0000000000,0.0171695128,0.0362568684,0.0000000000,0.0422624648,0.0457662828,0.2427172214,0.2482047528,0.0684947968,0.0215233508,0.2438242286,0.2269124389,0.0495269112,0.0553302579,0.2846748233,0.2695571780,0.2149659991,0.2303261459,0.1782663018,0.1791945398,0.0980515853,0.0000000000,0.0000000000,0.0225064736,0.1527038217,0.1738396734,0.1750039309,0.1658026427,0.0000003320,-0.1084823310,0.2454624623,-0.1396344006,-0.0551726148,0.0919924453,-0.0050872033,0.0112022180,0.0919622779,0.0010330734
21:57:43:14.394,61,0.0000000238,0.1527896374,0.0297839120,0.0000000000,0.0000000000,0.1110267863,0.1727993935,0.0000000239,0.1526844203,0.0796147883,0.0000000000,0.0000000000,0.1110238656,0.1721178889,0.1053196862,0.0088023078,0.0000000000,0.1498110443,0.0607377142,0.1987253278,0.0774818957,0.0000000000,0.0153114162,0.0507159121,0.1368144006,0.0000000000,0.0000000000,0.0453030840,0.0488029867,0.2422030419,0.2488003224,0.0689199343,0.0210078303,0.2310047001,0.2105109841,0.0494472198,0.0552289039,0.2820935547,0.2691016495,0.2069635987,0.2240610570,0.1894062012,0.1900659055,0.1000958607,0.0000000000,0.0000000000,0.0210334454,0.1690057367,0.1938275099,0.1768863499,0.1693727076,0.0000005004,-0.0804859698,0.2502431273,-0.1312500387,-0.0484223627,0.0933793932,-0.0045330361,0.0181147624,0.0933492556,0.0016958340
21:57:43:15.394,61,0.0000000219,0.1749566495,0.0291986484,0.0000000000,0.0000000000,0.1078554541,0.1612817943,0.0000000220,0.1748196483,0.0810675174,0.0000000000,0.0000000000,0.1078524590,0.1608465761,0.1051246598,0.0064574359,0.0000000000,0.1634917110,0.0606296659,0.1790614575,0.0754868165,0.0000000000,0.0171838813,0.1471768469,0.2326223999,0.0000000000,0.0000000000,0.0479062945,0.0514001176,0.2418145239,0.2490315884,0.0694332346,0.0205858536,0.2211955190,0.1992704421,0.0493728891,0.0551038645,0.2835826278,0.2769019902,0.2029950768,0.2219207883,0.1917205006,0.1922423393,0.1009935439,0.0000000000,0.0000000000,0.0199016649,0.1841965020,0.2115401775,0.1790508032,0.1743979454,0.0000007989,-0.0582323335,0.2515944242,-0.1254940927,-0.0492389873,0.1069213375,-0.0052826693,0.0177346598,0.1068918183,0.0019028411
21:57:43:16.394,61,0.0000000202,0.1613619030,0.0651821345,0.0000000000,0.0000000000,0.1070784926,0.1797781885,0.0000000203,0.1614772975,0.0451275930,0.0000000000,0.0000000000,0.1070779711,0.1795201451,0.1053189486,0.0048520705,0.0000000000,0.1720860302,0.0608152449,0.1452120394,0.0721248537,0.0000000000,0.0191657208,0.2769073248,0.3605127037,0.0000000000,0.0000000000,0.0500397310,0.0537309274,0.2402565926,0.2424003035,0.0698324442,0.0202543568,0.2117821127,0.1910071075,0.0493230522,0.0549855083,0.3080725372,0.3077442348,0.2007601857,0.2208484858,0.1939201206,0.1943765581,0.1012195647,0.0000000000,0.0000000000,0.0189541113,0.2473268360,0.2833206356,0.1839851886,0.1884051263,0.0000007281,-0.0221851990,0.2570668459,-0.1159305423,-0.0274328403,0.0986781195,-0.0027154947,0.0396241248,0.0986480787,0.0039205262
21:57:43:17.394,61,0.0000000186,0.1552367806,0.0940313861,0.0000000000,0.0000000000,0.1078560874,0.1872941256,0.0000000186,0.1555337608,0.0160738584,0.0000000000,0.0000000000,0.1078853905,0.1871381551,0.1074131504,0.0038467720,0.0000000000,0.1792690456,0.0608939193,0.1222213730,0.0660903230,0.0000000000,0.0208987407,0.4042612612,0.4836106598,0.0000000000,0.0000000000,0.0518087409,0.0561754741,0.2397513241,0.2403255552,0.0699719340,0.0199346654,0.1909098476,0.1767531484,0.0494499281,0.0550507307,0.3608047366,0.3576362133,0.1995689273,0.2206515223,0.2002569139,0.2005466372,0.1009472534,0.0000000000,0.0000000000,0.0181205682,0.2652474344,0.3038354218,0.1888763160,0.1992467493,0.0000006184,0.0028775737,0.2543775141,-0.1097381264,-0.0097746756,0.0950147212,-0.0009315280,0.0571821555,0.0949844867,0.0054447884
21:57:43:18.395,61,0.0000000171,0.1829393804,0.0881406963,0.0000000000,0.0000000000,0.1089771315,0.1714708656,0.0000000172,0.1832327545,0.0231411979,0.0000000000,0.0000000000,0.1090266556,0.1713602990,0.1083706021,0.0009438801,0.0000000000,0.1897390783,0.0605737194,0.1043065265,0.0604226775,0.0000000000,0.0237538703,0.5357682705,0.5991098285,0.0000000000,0.0000000000,0.0529450327,0.0576349869,0.2163211554,0.2205823362,0.0697711185,0.0195671339,0.1749645174,0.1646948755,0.0496348254,0.0551367514,0.3782722354,0.3784016967,0.2128342390,0.2546347976,0.2243678421,0.2245640606,0.1004419252,0.0000000000,0.0000000000,0.0173781887,0.2767010033,0.3154510856,0.2194593400,0.2361129820,0.0000007867,0.0397976637,0.2502382100,-0.1028205380,-0.0140476907,0.1119416207,-0.0015790694,0.0535059236,0.1119121611,0.0060101459
21:57:43:19.394,61,0.0000000157,0.1462732255,0.1198656783,0.0000000000,0.0000000000,0.1354388446,0.1310290694,0.0000000158,0.1467117518,0.0000000000,0.0096669756,0.0000000000,0.1356150061,0.1309482753,0.1089041159,0.0000000000,0.0006658849,0.1949085295,0.0583525784,0.0879654139,0.0557592064,0.0000000000,0.0261381473,0.6481674910,0.7020022273,0.0000000000,0.0000000000,0.0543396063,0.0601611137,0.2070808411,0.2106973827,0.0690961778,0.0191207435,0.1634066403,0.1563270837,0.0501120575,0.0555421002,0.4156464934,0.4208662808,0.2624395788,0.3015784621,0.2700216770,0.2702323794,0.0932917371,0.0000000000,0.0000000000,0.0167709813,0.3035019636,0.3439191580,0.2508985400,0.2699000239,0.0000005491,0.0512719043,0.2503182888,-0.0991610959,0.0058815209,0.0896226913,0.0005285305,0.0729291588,0.0895920247,0.0065455087
21:57:43:20.394,61,0.0000000145,0.1311822534,0.1301909238,0.0000000000,0.0000000000,0.1664355844,0.0950826854,0.0000000145,0.1316369176,0.0000000000,0.0206170063,0.0000000000,0.1666727364,0.0950324610,0.1069994718,0.0000000000,0.0020174957,0.1967671812,0.0558969863,0.0755338520,0.0524145588,0.0000000000,0.0277532488,0.6971064806,0.7447389960,0.0000000000,0.0000000000,0.0559189059,0.0629854724,0.1716623157,0.1723161936,0.0684330389,0.0186774340,0.1586682498,0.1528429538,0.0511169583,0.0562688783,0.4220706820,0.4265746176,0.2764141262,0.3163706064,0.3127586246,0.3128980100,0.0864576548,0.0000000000,0.0000000000,0.0162484292,0.3380473256,0.3701694608,0.2632137537,0.2842870653,0.0000005606,0.0597445481,0.2502507269,-0.0974325389,0.0125535158,0.0804187730,0.0010116934,0.0792733654,0.0803876892,0.0063795913
21:57:43:21.395,61,0.0002259946,0.1355510503,0.1263459176,0.0000000000,0.0000000000,0.1953143030,0.0508556142,0.0002260678,0.1359970868,0.0000000000,0.0170281474,0.0000000000,0.1955940723,0.0508316681,0.0940241665,0.0000000000,0.0031139553,0.1875339746,0.0529582351,0.0701912791,0.0500836447,0.0000000000,0.0288874153,0.7231464386,0.7671791315,0.0000000000,0.0000000000,0.0574564599,0.0652980283,0.1609752327,0.1608746648,0.0678348988,0.0181688499,0.1565678865,0.1514296383,0.0528326370,0.0577810220,0.4045806527,0.4096147418,0.2978642285,0.3412097692,0.3650019765,0.3650783598,0.0837722197,0.0000000000,0.0000000000,0.0158004910,0.3716943562,0.4046223462,0.2762272656,0.3001087010,0.0000004906,0.0627495274,0.2499254495,-0.0965422317,0.0103660272,0.0830803737,0.0008631849,0.0769153610,0.0830495358,0.0063961134
21:57:43:22.395,61,0.0037332659,0.1465093195,0.1177949682,0.0000000000,0.0000000000,0.2054590136,0.0232485011,0.0037414804,0.1469352096,0.0000000000,0.0084856329,0.0000000000,0.2057540119,0.0232361276,0.0871537924,0.0000000000,0.0043983143,0.1765682250,0.0512144081,0.0673153549,0.0485768244,0.0000000000,0.0296035241,0.7357659340,0.7781009674,0.0000000000,0.0000000000,0.0585716628,0.0666140392,0.1551865339,0.1547365636,0.0674509034,0.0176341310,0.1600096822,0.1545746326,0.0540151075,0.0588451251,0.3910708427,0.3955812156,0.3147063851,0.3571813107,0.3843946159,0.3844650388,0.0821855217,0.0000000000,0.0000000000,0.0153807383,0.3835602701,0.4160959423,0.2863818407,0.3111891747,0.0000001485,0.0651679114,0.2501607239,-0.0961697027,0.0051627122,0.0897588208,0.0004646454,0.0716683716,0.0897284150,0.0064423955
21:57:43:23.395,61,0.0044248602,0.1487776637,0.1108017340,0.0000000000,0.0000000000,0.2109698504,0.0114157442,0.0044346740,0.1491669565,0.0000000000,0.0011146108,0.0000000000,0.2112753838,0.0114078186,0.0842226446,0.0000000000,0.0053377384,0.1731464714,0.0494697168,0.0654376522,0.0469796509,0.0000000000,0.0300283358,0.7432304025,0.7838816643,0.0000000000,0.0000000000,0.0601253286,0.0682380199,0.1523505002,0.1517022550,0.0669971481,0.0171342064,0.1607089639,0.1554118246,0.0552445836,0.0601152815,0.3883047998,0.3915554285,0.3211216033,0.3634914160,0.3935018778,0.3935651481,0.0809491053,0.0000000000,0.0000000000,0.0150230397,0.3892242312,0.4216285944,0.2903638482,0.3155843914,0.0000000876,0.0669451430,0.2503194809,-0.0945849866,0.0006780524,0.0911209211,0.0000619563,0.0674051717,0.0910905302,0.0061522732
21:57:43:24.395,61,0.0317782052,0.1435491741,0.1017011330,0.0000000000,0.0000000000,0.2149924338,0.0000000000,0.0317726918,0.1438736022,0.0077713118,0.0000000000,0.0000000000,0.2153052092,0.0000000000,0.0823539421,0.0000000000,0.0071345447,0.1711107641,0.0469600111,0.0621422529,0.0446393304,0.0000000000,0.0298859254,0.7830040455,0.8039115667,0.0000000000,0.0000000000,0.0628634319,0.0705031082,0.1504303664,0.1496530324,0.0664525554,0.0166693237,0.1602969170,0.1554847956,0.0572811030,0.0618655235,0.4126285017,0.4113958478,0.3258389533,0.3668648601,0.3984470069,0.3985046446,0.0797441378,0.0000000000,0.0000000000,0.0147085758,0.3923755884,0.4243578911,0.2919963002,0.3161135316,0.0000001143,0.0664358586,0.2495632619,-0.0947131589,-0.0047289017,0.0878883675,-0.0004166873,0.0618866794,0.0878578275,0.0054477300
21:57:43:25.396,61,0.0385512672,0.1413682848,0.1035434529,0.0000000000,0.0000000000,0.2184129804,0.0000000000,0.0385429189,0.1416993141,0.0057869917,0.0000000000,0.0000000000,0.2187159806,0.0000000000,0.0813496560,0.0000000000,0.0088340826,0.1702342629,0.0448717400,0.0605808906,0.0428358316,0.0000000000,0.0297067147,0.7935001850,0.8098327518,0.0000000000,0.0000000000,0.0648116097,0.0721119866,0.1495707184,0.1487072706,0.0659338236,0.0162042286,0.1599213630,0.1555042565,0.0585190728,0.0630939081,0.4217331707,0.4196665287,0.3355239034,0.3716157377,0.4018479586,0.4019045234,0.0789132565,0.0000000000,0.0000000000,0.0144341290,0.3943793178,0.4259451032,0.2931295633,0.3168544471,0.0000002340,0.0673746169,0.2479422241,-0.0943419039,-0.0035218373,0.0865597352,-0.0003056123,0.0630150959,0.0865291581,0.0054626204
21:57:43:26.396,61,0.0117964316,0.1470990628,0.0972012132,0.0000000000,0.0000000000,0.2211078703,0.0000000000,0.0118024517,0.1474029720,0.0123332385,0.0000000000,0.0000000000,0.2213974744,0.0000000000,0.0809722692,0.0000000000,0.0100104138,0.1712569147,0.0436439887,0.0594374314,0.0416776054,0.0000000000,0.0295928139,0.7960313559,0.8125814199,0.0000000000,0.0000000000,0.0671506897,0.0742371678,0.1499425322,0.1492893100,0.0654909983,0.0157509036,0.1597691029,0.1557559371,0.0597981177,0.0643206015,0.4254613221,0.4229661822,0.3389275074,0.3735008836,0.4044772387,0.4045263231,0.0788103715,0.0000000000,0.0000000000,0.0142354975,0.4004410505,0.4295944571,0.2937332094,0.3169656992,0.0000004216,0.0635414198,0.2463158369,-0.0940823928,-0.0075034248,0.0900458992,-0.0006774783,0.0591370165,0.0900155008,0.0053345114
21:57:43:27.396,61,0.0055422364,0.1357327402,0.0994570926,0.0000000000,0.0000000000,0.2403140366,0.0000000000,0.0055511012,0.1360304356,0.0100566270,0.0000000000,0.0000000000,0.2404989302,0.0000000000,0.0811446682,0.0000000000,0.0114044994,0.1720164418,0.0426189750,0.0587254316,0.0407409295,0.0000000000,0.0296654049,0.7844812274,0.8128604889,0.0000000000,0.0000000000,0.0683609918,0.0753778741,0.1514319181,0.1514124274,0.0651282147,0.0153378658,0.1596526355,0.1561179757,0.0606021024,0.0651008040,0.4278100133,0.4263929129,0.3423966169,0.3777755797,0.4111327529,0.4111921191,0.0785833895,0.0000000000,0.0000000000,0.0140433377,0.4061478078,0.4339199364,0.2943759859,0.3171946704,0.0000008708,0.0608112700,0.2426230162,-0.0944624618,-0.0061220462,0.0830978230,-0.0005098997,0.0605459101,0.0830669776,0.0050378437
21:57:43:28.396,61,0.0027576536,0.1248318106,0.1054901630,0.0000000000,0.0000000000,0.2500864565,0.0000000000,0.0027675848,0.1251412183,0.0038433846,0.0000000000,0.0000000000,0.2502631843,0.0000000000,0.0818812624,0.0000000000,0.0124541670,0.1778242886,0.0420037284,0.0581427030,0.0400747731,0.0000000000,0.0298647620,0.7742897868,0.8086590767,0.0000000000,0.0000000000,0.0691414699,0.0761771202,0.1522814482,0.1528958678,0.0648194104,0.0150255915,0.1594109982,0.1562376618,0.0611095577,0.0655479729,0.4286084473,0.4278360009,0.3417641819,0.3776221871,0.4130638242,0.4131235778,0.0783566833,0.0000000000,0.0000000000,0.0138412863,0.4079740644,0.4351282716,0.2944376171,0.3168634772,0.0000010615,0.0608112700,0.2426230162,-0.0944624618,-0.0023409333,0.0764446184,-0.0001793010,0.0642527714,0.0764134154,0.0049159275
21:57:43:29.396,61,0.0058084028,0.1283506602,0.1039463505,0.0000000000,0.0000000000,0.2576097250,0.0000000000,0.0058134715,0.1286590248,0.0055769118,0.0000000000,0.0000000000,0.2577752471,0.0000000000,0.0824540257,0.0000000000,0.0134400707,0.1798147857,0.0414444320,0.0575847030,0.0394495577,0.0000000000,0.0300090406,0.7704706192,0.8069671392,0.0000000000,0.0000000000,0.0697702244,0.0768403411,0.1530297995,0.1544009894,0.0644185320,0.0147230383,0.1589708924,0.1562114954,0.0615398772,0.0658916533,0.4288084805,0.4286535084,0.3415400088,0.3766648173,0.4194195271,0.4194582999,0.0785110444,0.0000000000,0.0000000000,0.0136444522,0.4092918336,0.4359284341,0.2942293882,0.3152315617,0.0000010318,0.0576942340,0.2361650318,-0.0939026698,-0.0033962261,0.0785937980,-0.0002674727,0.0633018762,0.0785626397,0.0049800510
21:57:44:00.396,61,0.0060354252,0.1217542440,0.1018476263,0.0000000000,0.0000000000,0.2608152330,0.0000000000,0.0060395706,0.1220394671,0.0076841107,0.0000000000,0.0000000000,0.2609757781,0.0000000000,0.0832940638,0.0000000000,0.0142771667,0.1810121983,0.0412158184,0.0571324229,0.0389335379,0.0000000000,0.0302474126,0.7640892267,0.8013861775,0.0000000000,0.0000000000,0.0702648535,0.0773856044,0.1543665528,0.1563281566,0.0642329901,0.0144950058,0.1586494148,0.1561058611,0.0618195795,0.0661016330,0.4253663421,0.4285729825,0.3239073455,0.3599068224,0.4170121849,0.4170477688,0.0785355344,0.0000000000,0.0000000000,0.0134478528,0.4086202383,0.4350805581,0.2927756906,0.3118905425,0.0000010195,0.0576942340,0.2361650318,-0.0939026698,-0.0046809190,0.0745504946,-0.0003496115,0.0620429628,0.0745190904,0.0046289577
21:57:44:01.396,61,0.0058856914,0.1083704531,0.1038230732,0.0000000000,0.0000000000,0.2643967271,0.0025006407,0.0058891354,0.1086396500,0.0053370884,0.0000000000,0.0000000000,0.2645446956,0.0024906415,0.0838258192,0.0000000000,0.0161522068,0.1818551272,0.0411823317,0.0568239763,0.0385600105,0.0000000000,0.0304568093,0.7576723695,0.7933144569,0.0000000000,0.0000000000,0.0706399679,0.0777609721,0.1550654918,0.1574229598,0.0640764013,0.0142992064,0.1584358960,0.1560306549,0.0620773695,0.0662848726,0.4123394191,0.4210623205,0.3142198026,0.3480593562,0.4116520286,0.4116991460,0.0786300972,0.0000000000,0.0000000000,0.0132678673,0.4078349769,0.4323847890,0.2885246575,0.3048034012,0.0000006460,0.0591540784,0.2340072840,-0.0924745798,-0.0032530657,0.0663645640,-0.0002162054,0.0632827953,0.0663327128,0.0042010578
21:57:44:02.396,61,0.0055939453,0.1003326476,0.1044070348,0.0000000000,0.0000000000,0.2660914958,0.0099337557,0.0055969162,0.1005896479,0.0045901444,0.0000000000,0.0000000000,0.2662312984,0.0099048996,0.0844661072,0.0000000000,0.0192250032,0.1823436916,0.0412835814,0.0566406250,0.0382396169,0.0000000000,0.0307245534,0.7479339838,0.7836897373,0.0000000000,0.0000000000,0.0709662139,0.0780634880,0.1563636065,0.1607315689,0.0640640557,0.0141384592,0.1584589183,0.1560936421,0.0622571409,0.0663848445,0.4082669914,0.4185331464,0.3068419993,0.3409012854,0.4063043296,0.4063697457,0.0786075220,0.0000000000,0.0000000000,0.0130925113,0.4067839086,0.4303199053,0.2863213122,0.3019552827,0.0000004831,0.0592254065,0.2328255624,-0.0907296911,-0.0027986683,0.0614469685,-0.0001721862,0.0636587143,0.0614142902,0.0039118142
21:57:44:03.397,61,0.0052430499,0.0961113125,0.1080288738,0.0000000000,0.0000000000,0.2668349743,0.0202054381,0.0052456781,0.0963742211,0.0009727680,0.0000000000,0.0000000000,0.2669731677,0.0201795399,0.0849005505,0.0000000000,0.0207053199,0.1816286892,0.0414153636,0.0563686863,0.0378888063,0.0000000000,0.0310782902,0.7444756031,0.7802359462,0.0000000000,0.0000000000,0.0712730438,0.0783847868,0.1570024937,0.1620222479,0.0641770586,0.0140248798,0.1582871974,0.1558996737,0.0624747574,0.0665035546,0.4060638547,0.4171919823,0.2976144850,0.3336789906,0.3892763257,0.3893437088,0.0785892829,0.0000000000,0.0000000000,0.0129586691,0.4046868086,0.4291544259,0.2803128362,0.2981227338,0.0000004730,0.0592264906,0.2318143100,-0.0894594118,-0.0005932007,0.0588716753,-0.0000349631,0.0658772215,0.0588388406,0.0038777932
21:57:44:04.397,61,0.0048760143,0.1004295424,0.1183487400,0.0000000000,0.0000000000,0.2668927610,0.0314744450,0.0048783761,0.1007438749,0.0000000000,0.0092591308,0.0000000000,0.2670292854,0.0314465240,0.0853213146,0.0000000000,0.0218488406,0.1748842001,0.0415332094,0.0561836064,0.0374680459,0.0000000000,0.0313812532,0.7421817780,0.7779219747,0.0000000000,0.0000000000,0.0715469494,0.0786569640,0.1596042961,0.1660544574,0.0645708442,0.0138975121,0.1585792303,0.1560594440,0.0627446771,0.0666830018,0.4048802555,0.4163825810,0.2943533063,0.3308684230,0.3840989470,0.3841672838,0.0788954049,0.0000000000,0.0000000000,0.0128628202,0.4043962657,0.4290022254,0.2783953249,0.2966578603,0.0000004938,0.0644198135,0.2272043526,-0.0850184411,0.0056453738,0.0615419112,0.0003478645,0.0721589029,0.0615091957,0.0044401567
21:57:44:05.397,61,0.0045146225,0.1027000472,0.1146713570,0.0000000000,0.0000000000,0.2602601945,0.0353237763,0.0045167650,0.1030046940,0.0000000000,0.0055692950,0.0000000000,0.2603684068,0.0352935754,0.0851825997,0.0000000000,0.0233202055,0.1604734808,0.0418663211,0.0562129654,0.0371027179,0.0000000000,0.0316081308,0.7350288033,0.7701920271,0.0000000000,0.0000000000,0.0715479106,0.0786120892,0.1589649320,0.1660471708,0.0650248304,0.0138187343,0.1591051817,0.1562188119,0.0627299994,0.0665892065,0.3927235901,0.4022003412,0.2914989591,0.3280008435,0.3805933297,0.3806716800,0.0785401389,0.0000000000,0.0000000000,0.0126803741,0.4016439319,0.4257224798,0.2769815028,0.2954760492,0.0000004510,0.0644198135,0.2272043526,-0.0850184411,0.0033953565,0.0629223585,0.0002139259,0.0699107274,0.0628897324,0.0043988582
21:57:44:06.397,61,0.0188484006,0.1088998169,0.1067761779,0.0000000000,0.0000000000,0.2544873357,0.0112453140,0.0188483242,0.1091841236,0.0023300713,0.0000000000,0.0000000000,0.2545637786,0.0112357177,0.0844992772,0.0000000000,0.0242999475,0.1517056823,0.0420783237,0.0564800426,0.0369237252,0.0000000000,0.0315464921,0.7280157804,0.7608450055,0.0000000000,0.0000000000,0.0713298842,0.0783269182,0.1549826711,0.1619687378,0.0654018447,0.0137310624,0.1615759134,0.1567204446,0.0627513677,0.0665071756,0.3858187199,0.3941354156,0.2919492126,0.3272489905,0.3811754286,0.3812352121,0.0780156702,0.0000000000,0.0000000000,0.0124869561,0.3997820616,0.4196039140,0.2767715156,0.2951371074,0.0000003552,0.0657830983,0.2243074179,-0.0839801654,-0.0014201951,0.0666968748,-0.0000948632,0.0650813878,0.0666644573,0.0043419604
21:57:44:07.397,61,0.0166968200,0.1046232209,0.1053069234,0.0000000000,0.0000000000,0.2521257699,0.0054438543,0.0166987330,0.1048923880,0.0034904350,0.0000000000,0.0000000000,0.2521894872,0.0054391678,0.0838725418,0.0000000000,0.0266639963,0.1442100257,0.0424439274,0.0576433912,0.0368396044,0.0000000000,0.0315526202,0.6849375367,0.7213599682,0.0000000000,0.0000000000,0.0709784552,0.0778846741,0.1522966623,0.1603670865,0.0659922734,0.0136942491,0.1716057509,0.1619012952,0.0627346858,0.0663625672,0.3684693277,0.3794087470,0.2917184532,0.3266131282,0.3807045221,0.3807593882,0.0775217041,0.0000000000,0.0000000000,0.0122770164,0.3987020850,0.4167509675,0.2768048346,0.2950026989,0.0000002895,0.0652945116,0.2247487903,-0.0835623890,-0.0021278101,0.0640752763,-0.0001365268,0.0641968176,0.0640427917,0.0041141231
21:57:44:08.397,61,0.0137129491,0.0992731601,0.1006814167,0.0000000000,0.0000000000,0.2506120503,0.0055199852,0.0137139624,0.0995129123,0.0077919895,0.0000000000,0.0000000000,0.2506670058,0.0055183424,0.0833084360,0.0000000000,0.0299941264,0.1407452524,0.0427203625,0.0643190891,0.0369058512,0.0000000000,0.0313998461,0.6613004208,0.6943833828,0.0000000000,0.0000000000,0.0704990402,0.0772304907,0.1494039446,0.1585060805,0.0665429682,0.0136852572,0.1855608970,0.1776361167,0.0626789257,0.0661770999,0.3608812094,0.3708210886,0.2938840389,0.3268825710,0.3796049953,0.3796612024,0.0768817142,0.0000000000,0.0000000000,0.0120679121,0.3977363408,0.4122339189,0.2799497247,0.2953838408,0.0000001454,0.0639187470,0.2258941978,-0.0831984654,-0.0047510639,0.0607896633,-0.0002891708,0.0613895804,0.0607571155,0.0037320876
21:57:44:09.397,61,0.0115635637,0.0933853462,0.1004616171,0.0000000000,0.0000000000,0.2498667985,0.0058545889,0.0115641002,0.0936135203,0.0076203020,0.0000000000,0.0000000000,0.2499146163,0.0058541577,0.0827939138,0.0000000000,0.0335332900,0.1363894045,0.0429697521,0.0811488777,0.0370594896,0.0000000000,0.0310211163,0.5931639671,0.6257486939,0.0000000000,0.0000000000,0.0698847547,0.0754884705,0.1457165182,0.1548171192,0.0672940612,0.0137337176,0.2112387568,0.2030564249,0.0626133382,0.0659801289,0.3419940770,0.3481436968,0.3008221686,0.3296895921,0.3792389929,0.3792969286,0.0765367523,0.0000000000,0.0000000000,0.0118429968,0.3972615898,0.4102635682,0.2912869155,0.3005283773,0.0000001459,0.0626829118,0.2276155800,-0.0827464536,-0.0046473686,0.0571858659,-0.0002660529,0.0612685606,0.0571532212,0.0035033061
21:57:44:10.397,61,0.0101029640,0.0864131749,0.1072339267,0.0000000000,0.0000000000,0.2483607382,0.0062393444,0.0101032294,0.0866522118,0.0004343654,0.0000000000,0.0000000000,0.2483951449,0.0062396247,0.0822779387,0.0000000000,0.0351046212,0.1331080347,0.0431753471,0.0899596289,0.0375734270,0.0000000000,0.0306547899,0.5428688526,0.5840779543,0.0000000000,0.0000000000,0.0681296960,0.0725642592,0.1424449682,0.1514343321,0.0679819137,0.0137880538,0.2200863808,0.2120410055,0.0626311675,0.0658624843,0.3315078020,0.3374788463,0.3032135665,0.3308701217,0.3788548708,0.3789128959,0.0761141628,0.0000000000,0.0000000000,0.0116555169,0.3866313100,0.3933705688,0.2930729687,0.3012479544,0.0000003774,0.0578947850,0.2293367237,-0.0830931813,-0.0002649671,0.0529328287,-0.0000140386,0.0654141083,0.0529000573,0.0034611581
21:57:44:11.398,61,0.0165237226,0.0946442559,0.1052913666,0.0000000000,0.0000000000,0.2392005324,0.0000000000,0.0165228359,0.0948930606,0.0024867470,0.0000000000,0.0000000000,0.2392119616,0.0000000000,0.0811500028,0.0000000000,0.0359707847,0.1284760833,0.0434215330,0.0974748731,0.0382116698,0.0000000000,0.0299242903,0.5223363638,0.5591011047,0.0000000000,0.0000000000,0.0660738498,0.0697761849,0.1380889565,0.1462466419,0.0685307160,0.0138454717,0.2248806655,0.2167102844,0.0626325831,0.0657331422,0.3132630289,0.3165618777,0.3045284748,0.3313036263,0.3784455061,0.3785019815,0.0756777823,0.0000000000,0.0000000000,0.0114550982,0.3725436330,0.3779255748,0.2926368713,0.2996482253,0.0000008182,0.0568920188,0.2308156490,-0.0813558027,-0.0015165160,0.0579669438,-0.0000880064,0.0642112345,0.0579344146,0.0037216316
21:57:44:12.398,61,0.0141167259,0.0944892243,0.1062198952,0.0000000000,0.0000000000,0.2221871912,0.0000000000,0.0141162314,0.0947411060,0.0012512235,0.0000000000,0.0000000000,0.2221893221,0.0000000000,0.0802095905,0.0000000000,0.0360804014,0.1183535010,0.0436188951,0.1047662124,0.0396490954,0.0000000000,0.0292911418,0.4668383896,0.5086165071,0.0000000000,0.0000000000,0.0638399422,0.0673604831,0.1364677250,0.1443913728,0.0691261590,0.0138351917,0.2353197932,0.2220594734,0.0627337843,0.0657313317,0.2916072607,0.2931147218,0.3048166335,0.3310222924,0.3768670261,0.3769133389,0.0751522779,0.0000000000,0.0000000000,0.0112996325,0.3568028808,0.3675814569,0.2732431293,0.2803517282,0.0000012210,0.0539807454,0.2320970148,-0.0814842731,-0.0007630493,0.0578740723,-0.0000442101,0.0647778362,0.0578416325,0.0037483997
21:57:44:13.398,61,0.0120675527,0.0979641452,0.1056601182,0.0000000000,0.0000000000,0.2009288967,0.0043899529,0.0120672761,0.0982208773,0.0017731265,0.0000000000,0.0000000000,0.2009279877,0.0043896651,0.0794764161,0.0000000000,0.0363534726,0.1149575189,0.0438652858,0.1089576855,0.0412283279,0.0000000000,0.0290203411,0.4474306107,0.4903126061,0.0000000000,0.0000000000,0.0624626428,0.0659953058,0.1355803162,0.1436621696,0.0696736053,0.0138354134,0.2392070889,0.2245430797,0.0627158582,0.0655897632,0.2835207283,0.2850070000,0.3044942319,0.3305927515,0.3486085236,0.3486748934,0.0746673569,0.0000000000,0.0000000000,0.0111702718,0.3436345160,0.3559421897,0.2676355243,0.2747886181,0.0000020111,0.0524991788,0.2360740155,-0.0816204846,-0.0010811926,0.0599997640,-0.0000649492,0.0644283965,0.0599674657,0.0038655505
21:57:44:14.398,61,0.0105496440,0.0959509909,0.1084708720,0.0000000000,0.0000000000,0.1930257827,0.0068273833,0.0105494959,0.0962143764,0.0000000000,0.0012852271,0.0000000000,0.1930246055,0.0068263961,0.0787618682,0.0000000000,0.0360389203,0.1112772375,0.0440523550,0.1110896021,0.0424323231,0.0000000000,0.0287279971,0.4375959933,0.4812712073,0.0000000000,0.0000000000,0.0609201267,0.0646610931,0.1348031610,0.1429061741,0.0702100545,0.0138313863,0.2414026558,0.2260163873,0.0627330989,0.0655406490,0.2775113583,0.2794601321,0.3015678823,0.3279370368,0.3407324851,0.3408043683,0.0741058737,0.0000000000,0.0000000000,0.0110642631,0.3368197381,0.3513011634,0.2613111734,0.2683558166,0.0000035420,0.0547142141,0.2408479750,-0.0818889141,0.0007837450,0.0587740429,0.0000461170,0.0661471337,0.0587417483,0.0038872180
21:57:44:15.398,61,0.0095021306,0.1092790291,0.1014452055,0.0000000000,0.0000000000,0.1814891696,0.0083253607,0.0095020570,0.1095401123,0.0062347003,0.0000000000,0.0000000000,0.1814955473,0.0083236778,0.0781984851,0.0000000000,0.0354999676,0.1087374985,0.0442221873,0.1129941419,0.0432705097,0.0000000000,0.0286129396,0.4291645885,0.4761356413,0.0000000000,0.0000000000,0.0599219017,0.0637682974,0.1345088780,0.1426715255,0.0707002655,0.0138340909,0.2423810661,0.2265415639,0.0626837015,0.0654566884,0.2747422159,0.2768380642,0.2982857525,0.3264214396,0.3346657455,0.3347551823,0.0736908913,0.0000000000,0.0000000000,0.0109678544,0.3243811727,0.3442513347,0.2587703466,0.2659113109,0.0000042020,0.0533034131,0.2453316748,-0.0824809670,-0.0038000387,0.0669147447,-0.0002546582,0.0618311614,0.0668827742,0.0041389549
21:57:44:16.398,61,0.0086343577,0.1187113002,0.1020958275,0.0000000000,0.0000000000,0.1741542071,0.0094646076,0.0086343177,0.1189928725,0.0059181093,0.0000000000,0.0000000000,0.1741620600,0.0094623277,0.0777646974,0.0000000000,0.0350928605,0.1075944006,0.0442793034,0.1151439175,0.0439681746,0.0000000000,0.0283544566,0.4255121052,0.4732378125,0.0000000000,0.0000000000,0.0591050871,0.0630134940,0.1340816915,0.1423220336,0.0708928704,0.0138406223,0.2424565256,0.2265291363,0.0625817627,0.0653200150,0.2737528980,0.2758823931,0.2971668243,0.3256231844,0.3319489062,0.3320430219,0.0733789355,0.0000000000,0.0000000000,0.0108601246,0.3185304701,0.3369872272,0.2573664188,0.2644650638,0.0000063150,0.0528369322,0.2502422333,-0.0820731372,-0.0036056209,0.0726890936,-0.0002625513,0.0622026771,0.0726573765,0.0045245034
21:57:44:17.398,61,0.0078871083,0.1281859726,0.0963895023,0.0000000000,0.0000000000,0.1680031270,0.0102662751,0.0078870859,0.1284556985,0.0117834248,0.0000000000,0.0000000000,0.1680088788,0.0102630332,0.0773821175,0.0000000000,0.0348824859,0.1067977324,0.0442348272,0.1163610145,0.0445215814,0.0000000000,0.0281043947,0.4183472395,0.4603483975,0.0000000000,0.0000000000,0.0584329255,0.0623793714,0.1339155734,0.1423410773,0.0711105913,0.0138295367,0.2428541183,0.2269096971,0.0625469983,0.0652580187,0.2733438611,0.2754088342,0.2969043851,0.3253485858,0.3323196173,0.3324133456,0.0732926950,0.0000000000,0.0000000000,0.0107488688,0.3136995137,0.3299953938,0.2567095459,0.2636910975,0.0000081837,0.0519058444,0.2515483201,-0.0824772418,-0.0071759350,0.0784711465,-0.0005642576,0.0587003678,0.0784397423,0.0046112263
21:57:44:18.398,61,0.0072269035,0.1335663199,0.0917589888,0.0000000000,0.0000000000,0.1625757068,0.0096532162,0.0072268909,0.1338198185,0.0166067537,0.0000000000,0.0000000000,0.1625817418,0.0096500050,0.0769118965,0.0000000000,0.0344427377,0.1062209830,0.0442043021,0.1180032864,0.0451237112,0.0000000000,0.0278286804,0.4155136347,0.4562575519,0.0000000000,0.0000000000,0.0577892587,0.0617782176,0.1337728649,0.1422911882,0.0710904226,0.0138228927,0.2389409989,0.2229090482,0.0625033155,0.0651843473,0.2733959258,0.2753918469,0.2958753109,0.3220840693,0.3320650756,0.3321570158,0.0732817426,0.0000000000,0.0000000000,0.0106603084,0.3084769547,0.3244044483,0.2557611763,0.2621991634,0.0000073662,0.0484066084,0.2524000406,-0.0827351585,-0.0101106111,0.0817500651,-0.0008283751,0.0558657199,0.0817187950,0.0045730579
21:57:44:19.399,61,0.0066340286,0.1182362363,0.0982061252,0.0000000000,0.0000000000,0.1603227705,0.0104064709,0.0066340212,0.1184983850,0.0095994836,0.0000000000,0.0000000000,0.1603287011,0.0104029048,0.0766538531,0.0000000000,0.0342521667,0.1059786528,0.0442533307,0.1192615554,0.0455754437,0.0000000000,0.0274938624,0.4033098519,0.4427757263,0.0000000000,0.0000000000,0.0573091544,0.0613044947,0.1338132620,0.1425045580,0.0711893588,0.0138802566,0.2375509143,0.2214354724,0.0624741390,0.0651211888,0.2737536728,0.2756400406,0.2944293022,0.3178384006,0.3291774392,0.3292728662,0.0731424987,0.0000000000,0.0000000000,0.0105795562,0.3053087890,0.3190256655,0.2556634247,0.2617792189,0.0000093136,0.0467449129,0.2546456754,-0.0817349926,-0.0058486350,0.0723877922,-0.0004241083,0.0598341152,0.0723561272,0.0043343217
21:57:44:20.399,61,0.0060962779,0.1239050031,0.0968595296,0.0000000000,0.0000000000,0.1556585282,0.0114318561,0.0060962737,0.1241701245,0.0111194989,0.0000000000,0.0000000000,0.1556662619,0.0114282966,0.0763833374,0.0000000000,0.0338651426,0.1060651392,0.0444086604,0.1289197206,0.0461749136,0.0000000000,0.0273446143,0.3768613636,0.4259595573,0.0000000000,0.0000000000,0.0568795428,0.0609067678,0.1339486092,0.1428108066,0.0711925477,0.0139277698,0.2366710007,0.2204135507,0.0624218732,0.0650405586,0.2730558217,0.2749773860,0.2922097445,0.3156597316,0.3276000321,0.3276940882,0.0732466951,0.0000000000,0.0000000000,0.0105389860,0.2981311679,0.3130155206,0.2555683255,0.2615808845,0.0000085023,0.0458947346,0.2561803758,-0.0818963796,-0.0067729848,0.0758529603,-0.0005147346,0.0589985251,0.0758214444,0.0044793161
21:57:44:21.399,61,0.0056055980,0.1295402050,0.0939828306,0.0000000000,0.0000000000,0.1539344192,0.0120841525,0.0056055952,0.1297995448,0.0144183952,0.0000000000,0.0000000000,0.1539425701,0.0120807942,0.0762026682,0.0000000000,0.0334834270,0.1062090769,0.0446091816,0.1317759007,0.0466871001,0.0000000000,0.0272053871,0.3693288267,0.4204317629,0.0000000000,0.0000000000,0.0564716794,0.0605415069,0.1342064589,0.1432532370,0.0712597296,0.0139887175,0.2356421202,0.2188942283,0.0623450056,0.0649139434,0.2728323638,0.2747210860,0.2882561386,0.3114909232,0.3285714388,0.3286423087,0.0733998194,0.0000000000,0.0000000000,0.0104820896,0.2959894240,0.3109475970,0.2551928163,0.2612088323,0.0000061320,0.0461470038,0.2588095069,-0.0806568637,-0.0087800240,0.0792930797,-0.0006976489,0.0572309941,0.0792616457,0.0045432341
21:57:44:22.399,61,0.0051562777,0.1338949353,0.0992777646,0.0000000000,0.0000000000,0.1508860141,0.0163611341,0.0051562758,0.1341895461,0.0092609627,0.0000000000,0.0000000000,0.1508943439,0.0163589511,0.0760759041,0.0000000000,0.0330343954,0.1065713689,0.0449366197,0.1333160996,0.0471156277,0.0000000000,0.0269971248,0.3653936982,0.4172562063,0.0000000000,0.0000000000,0.0561785623,0.0602728873,0.1346676797,0.1438365132,0.0714471415,0.0140618691,0.2351180166,0.2180887610,0.0621220358,0.0646680295,0.2724283338,0.2740962803,0.2865526676,0.3095238507,0.3251153827,0.3251667023,0.0737108141,0.0000000000,0.0000000000,0.0104029002,0.2948014140,0.3097098470,0.2553187013,0.2613135874,0.0000057373,0.0485104732,0.2597272396,-0.0793046653,-0.0056382040,0.0819730386,-0.0004632162,0.0604423471,0.0819417313,0.0049608033
21:57:44:23.399,61,0.0047439723,0.1321998686,0.1005859897,0.0000000000,0.0000000000,0.1495446712,0.0178998392,0.0047439709,0.1324985176,0.0079157799,0.0000000000,0.0000000000,0.1495526880,0.0178980604,0.0761481300,0.0000000000,0.0328140780,0.1079607308,0.0452470891,0.1344793886,0.0477020256,0.0000000000,0.0267628208,0.3605865836,0.4071198702,0.0000000000,0.0000000000,0.0559412800,0.0600401647,0.1370492578,0.1474438757,0.0715972856,0.0141124902,0.2348717004,0.2177033424,0.0619428791,0.0644467399,0.2720341682,0.2735813558,0.2854264081,0.3082453310,0.3222723901,0.3223115802,0.0740306899,0.0000000000,0.0000000000,0.0103533613,0.2940255404,0.3086983263,0.2547108233,0.2604334056,0.0000028081,0.0503672622,0.2596085072,-0.0787979215,-0.0048196451,0.0809396952,-0.0003909532,0.0612439848,0.0809083283,0.0049628452
21:57:44:24.400,61,0.0043651708,0.1329183429,0.1026574075,0.0000000000,0.0000000000,0.1463638991,0.0256302506,0.0043651704,0.1332294196,0.0057873135,0.0000000000,0.0000000000,0.1463716775,0.0256283376,0.0763999149,0.0000000000,0.0324992500,0.1109216362,0.0456784144,0.1351018697,0.0482254960,0.0000000000,0.0265211482,0.3513832092,0.3969861567,0.0000000000,0.0000000000,0.0558231995,0.0599211194,0.1431024522,0.1544729620,0.0719504878,0.0141935460,0.2347659469,0.2173576355,0.0617192574,0.0642060116,0.2719868124,0.2732623219,0.2829155326,0.3054756522,0.3048433661,0.3049135208,0.0742925480,0.0000000000,0.0000000000,0.0102933180,0.2906150818,0.3040753305,0.2543354630,0.2599700987,0.0000010680,0.0520247631,0.2600376606,-0.0771296248,-0.0035235668,0.0813857317,-0.0002874023,0.0625029877,0.0813544318,0.0050927806
21:57:44:25.399,61,0.0040169032,0.1421239376,0.1060839742,0.0000000000,0.0000000000,0.1424877942,0.0303513967,0.0040169032,0.1424720138,0.0025366917,0.0000000000,0.0000000000,0.1424933076,0.0303490646,0.0767046288,0.0000000000,0.0321353525,0.1120383069,0.0461144969,0.1456615627,0.0487613827,0.0000000000,0.0263840035,0.2981146872,0.3462322056,0.0000000000,0.0000000000,0.0557307787,0.0598293021,0.1488628238,0.1607907563,0.0724349096,0.0142422086,0.2465522885,0.2237831652,0.0615780689,0.0640685335,0.2652432621,0.2641026676,0.2823048532,0.3048401177,0.3009712696,0.3010444641,0.0753083676,0.0000000000,0.0000000000,0.0102695189,0.2892465293,0.3024526536,0.2552546859,0.2606515884,0.0000007460,0.0535947680,0.2604459226,-0.0755306929,-0.0015437121,0.0870313197,-0.0001346915,0.0645586103,0.0870002806,0.0056268615
21:57:44:26.400,61,0.0036965751,0.1498538256,0.1061799303,0.0000000000,0.0000000000,0.1393727809,0.0347801074,0.0036965753,0.1502181143,0.0028021273,0.0000000000,0.0000000000,0.1393778920,0.0347781144,0.0778015256,0.0000000000,0.0316819809,0.1135741696,0.0464577489,0.1483249664,0.0490363315,0.0000000000,0.0262127500,0.2942163050,0.3433543444,0.0000000000,0.0000000000,0.0557095893,0.0598340705,0.1576682925,0.1691979021,0.0728552863,0.0143138142,0.2492321879,0.2252944261,0.0613419861,0.0638541579,0.2715026736,0.2672740221,0.2818244100,0.3044418693,0.2973293960,0.2973945737,0.0757487938,0.0000000000,0.0000000000,0.0101978667,0.2845865190,0.2988817990,0.2558075488,0.2611896992,0.0000001932,0.0509348027,0.2600415647,-0.0743522495,-0.0017045205,0.0917631686,-0.0001568526,0.0645896792,0.0917323306,0.0059374371
21:57:44:27.400,61,0.0034018734,0.1540050656,0.0984471887,0.0000000000,0.0000000000,0.1362461150,0.0379165225,0.0034018739,0.1543293446,0.0107234092,0.0000000000,0.0000000000,0.1362496316,0.0379137546,0.0793737397,0.0000000000,0.0316324942,0.1177227274,0.0466186441,0.1500885934,0.0493488051,0.0000000000,0.0260937922,0.2909102440,0.3394347429,0.0000000000,0.0000000000,0.0557369292,0.0598330833,0.1649244726,0.1771023870,0.0730185807,0.0143373813,0.2502628565,0.2261083573,0.0610723570,0.0636044741,0.2808565795,0.2791291177,0.2836179435,0.3071737587,0.2893749177,0.2894532084,0.0763278157,0.0000000000,0.0000000000,0.0101399440,0.2808864117,0.2949299812,0.2563547790,0.2615507245,0.0000000868,0.0505395085,0.2596833706,-0.0727225468,-0.0065214699,0.0942764580,-0.0006166447,0.0598717257,0.0942457169,0.0056559788
21:57:44:28.400,61,0.0031307102,0.1505537182,0.1000379920,0.0000000000,0.0000000000,0.1346385181,0.0599908754,0.0031307109,0.1508818865,0.0090539763,0.0000000000,0.0000000000,0.1346411705,0.0599827170,0.0859934837,0.0000000000,0.0317605510,0.1252627820,0.0467081182,0.1514863372,0.0496530607,0.0000000000,0.0259161219,0.2865921557,0.3354344666,0.0000000000,0.0000000000,0.0558756962,0.0599102899,0.1869904548,0.2009194195,0.0730631799,0.0143245561,0.2508046329,0.2270298153,0.0607872568,0.0633497611,0.2956428826,0.2932464480,0.2872027755,0.3122607768,0.2730851173,0.2731846571,0.0769025907,0.0000000000,0.0000000000,0.0101063624,0.2780641019,0.2921902239,0.2562106848,0.2612701058,0.0000000973,0.0469030775,0.2597570121,-0.0713053048,-0.0055072848,0.0921699181,-0.0005090457,0.0608511604,0.0921390504,0.0056191599
21:57:44:29.400,61,0.0028811849,0.1470732689,0.1058284417,0.0000000000,0.0000000000,0.1340039521,0.0664784536,0.0028811856,0.1474298686,0.0031142472,0.0000000000,0.0000000000,0.1340058446,0.0664683580,0.0888139307,0.0000000000,0.0320642814,0.1300424486,0.0468244925,0.1635743529,0.0501476116,0.0000000000,0.0258191917,0.2739804387,0.3229162395,0.0000000000,0.0000000000,0.0560395159,0.0600100160,0.1937448829,0.2081952244,0.0730530769,0.0142744370,0.2523847818,0.2358065546,0.0605408922,0.0631255731,0.2996552587,0.2973697782,0.2948670387,0.3209691644,0.2681172192,0.2682222128,0.0773681328,0.0000000000,0.0000000000,0.0101121524,0.2770110369,0.2910253704,0.2564598024,0.2613136768,0.0000001188,0.0455889739,0.2594128251,-0.0700676516,-0.0018946757,0.0900599360,-0.0001710971,0.0643858463,0.0900290012,0.0058082249
21:57:45:00.401,61,0.0026515599,0.1515240818,0.0992918909,0.0000000000,0.0000000000,0.1321084797,0.0715586171,0.0026515608,0.1518493593,0.0098609952,0.0000000000,0.0000000000,0.1321099550,0.0715497956,0.0920869932,0.0000000000,0.0318870209,0.1386129558,0.0471291319,0.1920155138,0.0506738871,0.0000000000,0.0256312247,0.2126758397,0.2676052153,0.0000000000,0.0000000000,0.0561881848,0.0600988120,0.1974977404,0.2118535638,0.0728578418,0.0142763089,0.2533635795,0.2397483289,0.0601391830,0.0627884120,0.3007386029,0.2971813381,0.3004699647,0.3277583718,0.2597893178,0.2598699927,0.0777033791,0.0000000000,0.0000000000,0.0100994138,0.2705138326,0.2866980731,0.2691901624,0.2735786736,0.0000002424,0.0450044908,0.2603430748,-0.0684874356,-0.0059978417,0.0927611887,-0.0005579648,0.0603940114,0.0927303359,0.0056129922
21:57:45:01.401,61,0.0024402423,0.1667654663,0.0963464975,0.0000000000,0.0000000000,0.1220763102,0.0822991729,0.0024402435,0.1670969427,0.0133401696,0.0000000000,0.0000000000,0.1220743284,0.0823035613,0.0918278396,0.0000000000,0.0315396935,0.1410277784,0.0808595568,0.2991029620,0.0958275273,0.0000000000,0.0256496463,0.0572492331,0.0991060510,0.0000000000,0.0000000000,0.0559354126,0.0597156212,0.1807847619,0.1932891607,0.0730163381,0.0145086469,0.3382593691,0.2990186810,0.0597666949,0.0624313056,0.1813407689,0.1773491353,0.2646337748,0.2832791805,0.2544111609,0.2544854283,0.0868199319,0.0000000000,0.0000000000,0.0103131710,0.2228884101,0.2340795398,0.3262912929,0.3283228576,0.0000002166,0.0429909192,0.2619338930,-0.0675384849,-0.0081066294,0.1020770893,-0.0008303780,0.0585492551,0.1020467207,0.0059920885
21:57:45:02.401,61,0.0022457696,0.1691557318,0.0972252637,0.0000000000,0.0000000000,0.1129969433,0.0853090659,0.0022457705,0.1694970578,0.0126994634,0.0000000000,0.0000000000,0.1129871607,0.0853204429,0.0747794360,0.0000000000,0.0314248055,0.1257734150,0.1106050462,0.3293163478,0.2430604249,0.0000000000,0.0254998133,0.0000000000,0.0000000000,0.0627434850,0.0706850663,0.0469465926,0.0473561622,0.1273958832,0.1512870789,0.0734538436,0.0148014380,0.3984619975,0.3146032989,0.0642431080,0.0654312745,0.0964487121,0.0934707671,0.1548596621,0.1624441147,0.2709099352,0.2709558606,0.0902882665,0.0000000000,0.0000000000,0.0258542709,0.1941691190,0.1850564778,0.3142104149,0.3038551509,0.0000002518,0.0432962738,0.2611552179,-0.0673189387,-0.0077161142,0.1035429537,-0.0008018087,0.0590743758,0.1035125777,0.0061332295
21:57:45:03.401,61,0.0020667971,0.1694169641,0.0964739695,0.0000000000,0.0000000000,0.1008843407,0.0837193802,0.0020667978,0.1697533578,0.0138160139,0.0000000000,0.0000000000,0.1008771881,0.0837364942,0.0569630787,0.0000000000,0.0314748101,0.1224148944,0.1218208224,0.2304648608,0.6826469302,0.0000000000,0.0250641350,0.0000000000,0.0000000000,0.0439350568,0.0844072104,0.0347489975,0.0343514308,0.0781101137,0.0890370458,0.0738993585,0.0152926221,0.4029219747,0.2538254261,0.0797180831,0.0775790438,0.0602161139,0.0598979704,0.0665920973,0.0666960403,0.2718747556,0.2718978822,0.0913906917,0.0000000000,0.0000000000,0.1222386435,0.1632826030,0.1592900902,0.2603572011,0.2521348596,0.0000003876,0.0411591940,0.2594159544,-0.0663926378,-0.0083943866,0.1037001014,-0.0008736222,0.0586169250,0.1036696285,0.0060950913
21:57:45:04.401,61,0.0019020885,0.1631946117,0.0990080535,0.0000000000,0.0000000000,0.0908649117,0.0839532912,0.0019020892,0.1635379195,0.0114593236,0.0000000000,0.0000000000,0.0908610225,0.0839721486,0.0493057817,0.0000000000,0.0311005395,0.1237702146,0.1292703450,0.2057425231,0.8247126937,0.0000000000,0.0158636179,0.0000000000,0.0000000000,0.0415655896,0.0839013904,0.0291955303,0.0284374785,0.0612276457,0.0694810972,0.0744125396,0.0170301273,0.3587027192,0.2190976441,0.0841605142,0.0811920762,0.0427715257,0.0432048962,0.0361257419,0.0334479995,0.2365578860,0.2365144342,0.0867845118,0.0000000000,0.0000000000,0.1641764343,0.1402007341,0.1370548308,0.2449244261,0.2373727560,0.0000016526,0.0436218828,0.2610276639,-0.0643559322,-0.0069652009,0.0999020636,-0.0006981564,0.0601799376,0.0998713225,0.0060266005
21:57:45:05.401,61,0.0017505066,0.1680078954,0.0967757404,0.0000000000,0.0000000000,0.0820744187,0.0800969228,0.0017505072,0.1683436930,0.0144560849,0.0000000000,0.0000000000,0.0820726901,0.0801305249,0.0425532945,0.0000000000,0.0306658633,0.1203445345,0.1278316528,0.1938983798,0.8934898973,0.0000000000,0.0088734291,0.0000000000,0.0000000000,0.0140797906,0.0702550709,0.0260730982,0.0251438040,0.0523975007,0.0591787025,0.0741587356,0.0178695749,0.3509841263,0.2067905962,0.0865874365,0.0832395330,0.0336955562,0.0345430821,0.0274598598,0.0232058968,0.2277392894,0.2276600897,0.0843898281,0.0000000000,0.0000000000,0.2005583346,0.1310511082,0.1277145445,0.2369227558,0.2290013731,0.0000023003,0.0482194312,0.2619179785,-0.0617250316,-0.0087840660,0.1028392985,-0.0009065334,0.0588055141,0.1028085127,0.0060635288
21:57:45:06.401,61,0.0016110049,0.1587178409,0.0993950516,0.0000000000,0.0000000000,0.0774131939,0.0793302655,0.0016110053,0.1590558887,0.0117470389,0.0000000000,0.0000000000,0.0774124116,0.0793671235,0.0394489765,0.0000000000,0.0301739555,0.1192427650,0.1281071305,0.1910137385,0.9051759243,0.0000000000,0.0053942255,0.0000000000,0.0000000000,0.0058989255,0.0636150315,0.0241973195,0.0231740121,0.0481038764,0.0540264286,0.0738324597,0.0186516158,0.3467641771,0.2002728879,0.0876389593,0.0842506438,0.0292671993,0.0303121153,0.0261959713,0.0225315392,0.2204643190,0.2202836573,0.0812739432,0.0000000000,0.0000000000,0.2123470902,0.1255494356,0.1216111481,0.2304731011,0.2231781185,0.0000026085,0.0461057052,0.2623314261,-0.0605860241,-0.0071420129,0.0971641988,-0.0006961342,0.0604314804,0.0971330851,0.0058847754
21:57:45:07.402,61,0.0014826205,0.1598318964,0.0990301222,0.0000000000,0.0000000000,0.0722125620,0.0800243169,0.0014826208,0.1601693928,0.0124081448,0.0000000000,0.0000000000,0.0722123981,0.0800617486,0.0375078544,0.0000000000,0.0296741687,0.1190470010,0.1286251694,0.1997532994,0.9172087908,0.0004961239,0.0000000000,0.0000000000,0.0000000000,0.0004851175,0.0581848435,0.0229887329,0.0219146460,0.0460814908,0.0514408089,0.0734263882,0.0198416300,0.3445828855,0.1962304711,0.0881242454,0.0848184973,0.0273014028,0.0284573380,0.0264515113,0.0226805322,0.2130431384,0.2126317918,0.0791152716,0.0000000000,0.0000000000,0.2190486044,0.1212205812,0.1168071032,0.2268485874,0.2201525271,0.0000040809,0.0497189872,0.2628796995,-0.0588408522,-0.0075434535,0.0978447050,-0.0007404442,0.0602056012,0.0978135467,0.0059041400
21:57:45:08.402,61,0.0013644674,0.1585382819,0.0978377685,0.0000000000,0.0000000000,0.0692408979,0.0774197429,0.0013644678,0.1588657051,0.0136360601,0.0000000000,0.0000000000,0.0692409799,0.0774600208,0.0363499112,0.0000000000,0.0293894149,0.1194163114,0.1297537684,0.2089137435,0.9196993709,0.0070949118,0.0000000000,0.0026574498,0.0000000000,0.0000000000,0.0553378537,0.0221471470,0.0210328382,0.0454051308,0.0503828265,0.0729250833,0.0206636172,0.3432495594,0.1935290694,0.0881024897,0.0849290490,0.0267627984,0.0278929826,0.0281052068,0.0238737687,0.2076465487,0.2071718723,0.0777428523,0.0000000000,0.0000000000,0.2109275609,0.1190362647,0.1141401827,0.2249779254,0.2183609158,0.0000035406,0.0501345322,0.2618694901,-0.0585916266,-0.0082906000,0.0970488936,-0.0008071197,0.0594853126,0.0970176831,0.0057858238
21:57:45:09.402,61,0.0012557303,0.1548492014,0.1023184359,0.0000000000,0.0000000000,0.0675153062,0.0771695450,0.0012557306,0.1551992595,0.0093179559,0.0000000000,0.0000000000,0.0675155297,0.0772140250,0.0356059261,0.0000000000,0.0291186571,0.1202895716,0.1306269616,0.2118503004,0.9077948332,0.0099890679,0.0000000000,0.0045659156,0.0000000000,0.0000000000,0.0537801534,0.0215333588,0.0204027668,0.0453679934,0.0501825996,0.0723681748,0.0214671344,0.3305699527,0.1820542961,0.0879550725,0.0848846808,0.0268928856,0.0280442946,0.0288116299,0.0244680513,0.2050683349,0.2045562714,0.0769061819,0.0000000000,0.0000000000,0.2093580365,0.1178900301,0.1127673015,0.2237551063,0.2171823233,0.0000037697,0.0470788814,0.2607973218,-0.0581378601,-0.0056664539,0.0948073640,-0.0005388340,0.0622230023,0.0947759673,0.0059110811
21:57:45:10.402,61,0.0011556586,0.1578541994,0.1040183678,0.0000000000,0.0000000000,0.0653584525,0.0798360035,0.0011556589,0.1582209468,0.0077645942,0.0000000000,0.0000000000,0.0653586611,0.0798750073,0.0350541361,0.0000000000,0.0288780667,0.1207071841,0.1312308162,0.2142945826,0.9057494402,0.0117185768,0.0000000000,0.0057473234,0.0000000000,0.0000000000,0.0526463687,0.0210007373,0.0198632237,0.0454645306,0.0500999689,0.0719129890,0.0222831834,0.3274131715,0.1785578877,0.0878075734,0.0848566294,0.0272314958,0.0284276120,0.0295096207,0.0251410995,0.2014977038,0.2008779198,0.0757182762,0.0000000000,0.0000000000,0.2236250788,0.1168491319,0.1115117595,0.2229835391,0.2165110856,0.0000106947,0.0502834655,0.2599606514,-0.0565216430,-0.0047209840,0.0966527686,-0.0004577206,0.0632456392,0.0966214314,0.0061258082
21:57:45:11.402,61,0.0010635619,0.1619766355,0.1029109880,0.0000000000,0.0000000000,0.0632812083,0.0840631127,0.0010635621,0.1623437852,0.0089969197,0.0000000000,0.0000000000,0.0632814020,0.0841050744,0.0345749408,0.0000000000,0.0284828246,0.1210017502,0.1316857338,0.2164085805,0.9080961943,0.0131804720,0.0000000000,0.0068977727,0.0000000000,0.0000000000,0.0513836071,0.0205528382,0.0194123108,0.0456123129,0.0500241779,0.0715550706,0.0230524074,0.3294541240,0.1769866198,0.0877773538,0.0849421620,0.0277214274,0.0289815012,0.0302198939,0.0258369241,0.2007393092,0.2000710964,0.0740361363,0.0000000000,0.0000000000,0.2320225388,0.1160393953,0.1106318310,0.2228130251,0.2163832337,0.0000138272,0.0494786166,0.2589858174,-0.0558828376,-0.0054689026,0.0991716683,-0.0005441425,0.0625568628,0.0991404429,0.0062181777
21:57:45:12.402,61,0.0009788045,0.1635564566,0.1031825244,0.0000000000,0.0000000000,0.0620593168,0.0964857638,0.0009788047,0.1639283746,0.0087756813,0.0000000000,0.0000000000,0.0620595329,0.0965331793,0.0340616107,0.0000000000,0.0280906036,0.1213300824,0.1320337653,0.2172434330,0.9088888168,0.0143807717,0.0000000000,0.0080167716,0.0000000000,0.0000000000,0.0502908006,0.0201242492,0.0189854503,0.0458453968,0.0500968248,0.0710572973,0.0236393996,0.3297642171,0.1762506962,0.0876176432,0.0849023014,0.0281841382,0.0294862464,0.0308081191,0.0264172535,0.2040207535,0.2032562792,0.0732853413,0.0000000000,0.0000000000,0.2298830897,0.1153542995,0.1099209711,0.2223298252,0.2158813328,0.0000134067,0.0480511598,0.2566688955,-0.0556675568,-0.0053339028,0.1001395881,-0.0005359249,0.0627158806,0.1001084149,0.0062952330
21:57:45:13.402,61,0.0009008017,0.1613714695,0.1022887677,0.0000000000,0.0000000000,0.0609261468,0.0993920043,0.0009008018,0.1617332995,0.0096218456,0.0000000000,0.0000000000,0.0609263219,0.0994383693,0.0336304419,0.0000000000,0.0277889557,0.1225357801,0.1350334883,0.2215498984,0.9173852801,0.0150822587,0.0000000000,0.0088891881,0.0000000000,0.0000000000,0.0492547974,0.0197073203,0.0185734816,0.0461173393,0.0501923785,0.0705108792,0.0242061187,0.3298698366,0.1756112128,0.0872033685,0.0846417099,0.0287117846,0.0300857145,0.0313863792,0.0270389933,0.2026159465,0.2017390281,0.0724540129,0.0000000000,0.0000000000,0.2261932790,0.1111665890,0.1065169871,0.2216894329,0.2152724117,0.0000178026,0.0469156317,0.2560254037,-0.0549949072,-0.0058489889,0.0987989604,-0.0005797583,0.0621809177,0.0987677276,0.0061574690
21:57:45:14.402,61,0.0008290150,0.1627404392,0.1009992883,0.0000000000,0.0000000000,0.0600801073,0.0992364213,0.0008290151,0.1630960554,0.0109173618,0.0000000000,0.0000000000,0.0600802712,0.0992855877,0.0332472548,0.0000000000,0.0274043418,0.1231444776,0.1360417306,0.2226889729,0.9197465181,0.0158109292,0.0000000000,0.0095721195,0.0000000000,0.0000000000,0.0483461507,0.0193464346,0.0182165373,0.0463339910,0.0502389707,0.0701205879,0.0247125719,0.3302060068,0.1754473150,0.0868943408,0.0844643340,0.0291726105,0.0305930767,0.0319690146,0.0276597086,0.2020928562,0.2011793107,0.0718725622,0.0000000000,0.0000000000,0.2249855399,0.1098380238,0.1054447889,0.2214838266,0.2150788158,0.0000156798,0.0449423790,0.2569714189,-0.0551598668,-0.0066359667,0.0996319130,-0.0006633454,0.0613919571,0.0996007547,0.0061310553
21:57:45:15.403,61,0.0007629491,0.1589826494,0.1006348506,0.0000000000,0.0000000000,0.0593771450,0.1092896387,0.0007629492,0.1593291759,0.0112215681,0.0000000000,0.0000000000,0.0593773276,0.1093155816,0.0330086350,0.0000000000,0.0269688424,0.1270206571,0.1397928894,0.2235537469,0.9210045338,0.0163947567,0.0000000000,0.0095758643,0.0000000000,0.0000000000,0.0478929058,0.0189958345,0.0178608168,0.0467380583,0.0504450873,0.0698136613,0.0252004936,0.3301698267,0.1750926822,0.0863480046,0.0841125995,0.0296652596,0.0311111193,0.0323895328,0.0281434301,0.1992768347,0.1984582543,0.0715510100,0.0000000000,0.0000000000,0.2156720310,0.1087965593,0.1045947000,0.2197740376,0.2142120153,0.0000115931,0.0442877375,0.2575624585,-0.0553307869,-0.0068224235,0.0973309278,-0.0006661324,0.0611842945,0.0972996205,0.0059682708
21:57:45:16.402,61,0.0007021482,0.1541316956,0.1017980799,0.0000000000,0.0000000000,0.0587559193,0.1171209589,0.0007021483,0.1544771194,0.0098377727,0.0000000000,0.0000000000,0.0587561056,0.1171349362,0.0327221341,0.0000000000,0.0266614091,0.1278904080,0.1406853944,0.2241136134,0.9216843843,0.0170965660,0.0000000000,0.0101300068,0.0000000000,0.0000000000,0.0470664874,0.0186607819,0.0175193977,0.0470980741,0.0506287850,0.0693329573,0.0254364125,0.3338372111,0.1766923815,0.0858506262,0.0838152841,0.0300620366,0.0315055698,0.0329396687,0.0286995023,0.1980083585,0.1972191930,0.0711481273,0.0000000000,0.0000000000,0.2064473927,0.1080839559,0.1039129049,0.2190067023,0.2135037631,0.0000121815,0.0445927493,0.2600169480,-0.0539004318,-0.0059828172,0.0943664014,-0.0005662553,0.0619091205,0.0943349600,0.0058537731
21:57:45:17.403,61,0.0006461926,0.1578418463,0.1038348675,0.0000000000,0.0000000000,0.0573482588,0.1276934594,0.0006461927,0.1582073718,0.0078957835,0.0000000000,0.0000000000,0.0573484115,0.1276958287,0.0324211754,0.0000000000,0.0265757982,0.1282641441,0.1411104500,0.2247035652,0.9222064018,0.0161297005,0.0000000000,0.0104819182,0.0000000000,0.0000000000,0.0463613160,0.0183175858,0.0171843432,0.0474597737,0.0509481244,0.0687341839,0.0256086867,0.3347659111,0.1771195829,0.0853257328,0.0835066959,0.0304198638,0.0318832397,0.0333841927,0.0292201042,0.1862339675,0.1856735647,0.0709334165,0.0000000000,0.0000000000,0.2025663406,0.1062162593,0.1023365408,0.2179097086,0.2127077430,0.0000086239,0.0441949181,0.2599210143,-0.0539391749,-0.0048007532,0.0966444984,-0.0004654145,0.0631341040,0.0966131911,0.0061144968
21:57:45:18.403,61,0.0005946962,0.1570373476,0.1059558019,0.0000000000,0.0000000000,0.0565730184,0.1312204748,0.0005946963,0.1574151814,0.0057351720,0.0000000000,0.0000000000,0.0565731563,0.1312189251,0.0323463716,0.0000000000,0.0263899583,0.1288112700,0.1415301859,0.2245823741,0.9181521535,0.0156612378,0.0000000000,0.0090079000,0.0000000000,0.0000000000,0.0470508561,0.0180443302,0.0169159323,0.0480238609,0.0515046790,0.0684706867,0.0258295108,0.3351776004,0.1774253696,0.0848480389,0.0832401589,0.0308038052,0.0322435834,0.0337257907,0.0296653695,0.1816973090,0.1812157929,0.0711193979,0.0000000000,0.0000000000,0.1983310729,0.1053894684,0.1015749127,0.2152569592,0.2108015269,0.0000232179,0.0433085263,0.2589870095,-0.0529109016,-0.0034872321,0.0961600617,-0.0003363692,0.0644267276,0.0961287171,0.0062080286
21:57:45:19.403,61,0.0005473037,0.1550717354,0.1083376184,0.0000000000,0.0000000000,0.0561665446,0.1362929493,0.0005473038,0.1554609835,0.0031605074,0.0000000000,0.0000000000,0.0561666340,0.1362891495,0.0322304890,0.0000000000,0.0264265798,0.1287402660,0.1406500489,0.2187030017,0.9023413658,0.0114987213,0.0000000000,0.0075712856,0.0000000000,0.0000000000,0.0510315932,0.0177931320,0.0166862439,0.0483946241,0.0520787463,0.0684365481,0.0259816423,0.3359012008,0.1806201041,0.0847212225,0.0832410455,0.0310384817,0.0324782394,0.0340371840,0.0301011018,0.1805108637,0.1801035851,0.0715327859,0.0000000000,0.0000000000,0.1974317431,0.1053208411,0.1015159637,0.2143454701,0.2101181000,0.0000248829,0.0455008969,0.2587094903,-0.0514019169,-0.0019219449,0.0949659050,-0.0001830698,0.0658825636,0.0949345231,0.0062687676
21:57:45:20.403,61,0.0005036879,0.1595844626,0.1087818891,0.0000000000,0.0000000000,0.0559194200,0.1254791766,0.0005036881,0.1599860489,0.0026371889,0.0000000000,0.0000000000,0.0559194498,0.1254947037,0.0322680250,0.0000000000,0.0264003202,0.1255766451,0.1320075095,0.2168723047,0.8192254901,0.0087325908,0.0000000000,0.0038827648,0.0000000000,0.0000000000,0.0545561947,0.0177021157,0.0166262109,0.0514575318,0.0592547730,0.0683728307,0.0259739347,0.3366191685,0.1865547299,0.0850544721,0.0836325660,0.0314261094,0.0328313708,0.0343784243,0.0305786021,0.1801579595,0.1797894537,0.0730636418,0.0000000000,0.0000000000,0.1946374178,0.1055016592,0.1015703231,0.2127742171,0.2079731524,0.0000246605,0.0442493074,0.2591575384,-0.0518076867,-0.0016032801,0.0977300406,-0.0001571893,0.0661351159,0.0976988599,0.0064771478
21:57:45:21.404,61,0.0004635480,0.1426981390,0.1213457659,0.0000000000,0.0000000000,0.0583849549,0.1165017188,0.0004635481,0.1431371868,0.0000000000,0.0112738777,0.0000000000,0.0583817586,0.1165215969,0.0353263579,0.0000000000,0.0264329705,0.1239893511,0.1272405237,0.1624126881,0.4005087316,0.0000000000,0.0050398894,0.0000000000,0.0000000000,0.0388191678,0.0595488809,0.0180190578,0.0170227922,0.0769962519,0.1071177125,0.0809636489,0.0260989536,0.3193650544,0.1885661930,0.0852274373,0.0837734342,0.0397208780,0.0394380167,0.0353091396,0.0334029570,0.1841326058,0.1839532256,0.0793920010,0.0000000000,0.0000000000,0.0873497874,0.1108877361,0.1052508876,0.1920720488,0.1875061244,0.0000231747,0.0462118685,0.2619054615,-0.0508230701,0.0068605118,0.0874396190,0.0006014092,0.0738439485,0.0874081478,0.0064650816
21:57:45:22.403,61,0.0004266070,0.1172579452,0.1367174387,0.0000000000,0.0000000000,0.0662211329,0.1079208478,0.0004266071,0.1177019700,0.0000000000,0.0279849172,0.0000000000,0.0662174001,0.1079488769,0.0365016423,0.0000000000,0.0200709924,0.0673720613,0.0707074106,0.0702538416,0.1064245105,0.0000000000,0.0092530269,0.1143799201,0.1050455943,0.0000000000,0.0000000000,0.0227986146,0.0242936648,0.0840194002,0.1167927831,0.0862512216,0.0260846298,0.2336127758,0.1636396945,0.0854502544,0.0839899480,0.0531921536,0.0470692925,0.0359784327,0.0345969796,0.2002213746,0.2001594603,0.0820149705,0.0000000000,0.0000000000,0.0464615896,0.1205642000,0.1153375879,0.1801320612,0.1784909666,0.0000036586,0.0469916128,0.2629701197,-0.0532263145,0.0170508437,0.0719105154,0.0012281926,0.0833012834,0.0718784854,0.0059908964
21:57:45:23.404,61,0.0003926098,0.1070065796,0.1349546760,0.0000000000,0.0000000000,0.0805742294,0.1050462276,0.0003926099,0.1074082181,0.0000000000,0.0270464458,0.0000000000,0.0805742741,0.1050762385,0.0385618433,0.0000000000,0.0144194849,0.0525906719,0.0554975756,0.0421893112,0.0379960947,0.0000000000,0.0116179036,0.3246927857,0.3339001536,0.0000000000,0.0000000000,0.0359376781,0.0397913419,0.0878664181,0.1190736666,0.0956664979,0.0260022152,0.2207967341,0.1579464823,0.0857365653,0.0842998549,0.0630903989,0.0541960336,0.0378282741,0.0373084210,0.2247468382,0.2246904522,0.0834246799,0.0000000000,0.0000000000,0.0278067160,0.1929472983,0.1937315762,0.1763680130,0.1794569194,0.0000013431,0.0464450382,0.2597241104,-0.0547828116,0.0164861847,0.0656208917,0.0010833439,0.0822626725,0.0655887201,0.0053971088
21:57:45:24.403,61,0.0003613220,0.1134418473,0.1272266060,0.0000000000,0.0000000000,0.0879415795,0.1036994979,0.0003613220,0.1138284504,0.0000000000,0.0193875432,0.0000000000,0.0879481509,0.1037293747,0.0396916270,0.0000000000,0.0110129947,0.0451727621,0.0478469506,0.0275904275,0.0256579444,0.0000000000,0.0131271705,0.4884157181,0.5065158606,0.0000000000,0.0000000000,0.0435909480,0.0481527634,0.0898585245,0.1167471558,0.0990544185,0.0256634895,0.2175804675,0.1555611342,0.0858546197,0.0845337659,0.0716184750,0.0608764328,0.0402605645,0.0408705100,0.2374109626,0.2373884767,0.0840744898,0.0000000000,0.0000000000,0.0181258768,0.2159259021,0.2237786204,0.1812873334,0.1935484409,0.0000005390,0.0487063751,0.2529440224,-0.0575732328,0.0118145570,0.0695387125,0.0008228766,0.0775314271,0.0695068240,0.0053921989
21:57:45:25.404,61,0.0003325275,0.1120760068,0.1268951297,0.0000000000,0.0000000000,0.0982961953,0.0970611945,0.0003325276,0.1124565527,0.0000000000,0.0195573401,0.0000000000,0.0983032361,0.0970813110,0.0404683501,0.0000000000,0.0088063003,0.0415935777,0.0440218858,0.0200180933,0.0184103549,0.0000000000,0.0141275795,0.5574647188,0.5756692290,0.0000000000,0.0000000000,0.0512483977,0.0565507188,0.0904146433,0.1070612371,0.1009577438,0.0252648108,0.2354336381,0.1669316888,0.0868377090,0.0864048079,0.0751714706,0.0637069345,0.0416209437,0.0427032933,0.2560854554,0.2560763955,0.0829835087,0.0000000000,0.0000000000,0.0132593662,0.2357462943,0.2420639098,0.1842351556,0.1984542012,0.0000003065,0.0491194911,0.2482388765,-0.0612833835,0.0119187199,0.0687006935,0.0008200954,0.0773338675,0.0686688796,0.0053134435
21:57:45:26.404,61,0.0003060277,0.1223025545,0.1229989901,0.0000000000,0.0000000000,0.1038699076,0.0768727884,0.0003060278,0.1226934493,0.0000000000,0.0153812552,0.0000000000,0.1038774028,0.0768834800,0.0411399342,0.0000000000,0.0070908358,0.0400351994,0.0423126742,0.0161770694,0.0176983532,0.0000000000,0.0149429711,0.6058924198,0.6252321601,0.0000000000,0.0000000000,0.0558832772,0.0615616143,0.0903143883,0.1017197818,0.1021500304,0.0248626620,0.2396995723,0.1713511646,0.0876817331,0.0880844444,0.0791280940,0.0680197328,0.0432822071,0.0448465943,0.2657358646,0.2657319307,0.0779946148,0.0000000000,0.0000000000,0.0108917831,0.2480793297,0.2559050918,0.1881468892,0.2030415386,0.0000000757,0.0501413085,0.2438175082,-0.0645645186,0.0093694963,0.0749524608,0.0007035745,0.0749258325,0.0749209747,0.0056187236
21:57:45:27.404,61,0.0002816398,0.1307993382,0.1164780259,0.0000000000,0.0000000000,0.1066266671,0.0707656965,0.0002816398,0.1311789900,0.0000000000,0.0086940657,0.0000000000,0.1066359580,0.0707729235,0.0417345166,0.0000000000,0.0053394781,0.0394986942,0.0416330323,0.0142381871,0.0179972611,0.0000000000,0.0157845505,0.6566089392,0.6872136593,0.0000000000,0.0000000000,0.0607520007,0.0665914267,0.0900240988,0.0986981317,0.1031451300,0.0243578684,0.2512329817,0.1862210184,0.0883140638,0.0891830623,0.0815159082,0.0709739029,0.0461820103,0.0492966510,0.2712415159,0.2712487280,0.0755580068,0.0000000000,0.0000000000,0.0098340651,0.2617368400,0.2821798921,0.1931011379,0.2105090469,0.0000000379,0.0495454483,0.2432681173,-0.0681057125,0.0052938606,0.0801338255,0.0004251256,0.0709249973,0.0801025927,0.0056886249
21:57:45:28.405,61,0.0002591953,0.1493811607,0.1001876816,0.0000000000,0.0000000000,0.1092782840,0.0596428178,0.0002591954,0.1497081816,0.0080113253,0.0000000000,0.0000000000,0.1092909873,0.0596458130,0.0421636738,0.0000000000,0.0039192289,0.0394272469,0.0413998999,0.0132758915,0.0187429953,0.0000000000,0.0164566077,0.6752049327,0.7079475522,0.0000000000,0.0000000000,0.0637006909,0.0695098042,0.0888101086,0.0952835605,0.1039012447,0.0238539521,0.2568759620,0.1931208074,0.0890647545,0.0910276622,0.0828328356,0.0724535659,0.0481890962,0.0517955087,0.2875466049,0.2875587642,0.0730397627,0.0000000000,0.0000000000,0.0094930874,0.2732632458,0.2921595275,0.1988142282,0.2165089995,0.0000000427,0.0472714342,0.2423371375,-0.0705082938,-0.0048733898,0.0914526135,-0.0004469292,0.0609462224,0.0914219841,0.0055838828
21:57:45:29.404,61,0.0002385395,0.1510693133,0.1003223360,0.0000000000,0.0000000000,0.1132064313,0.0559696257,0.0002385396,0.1514001340,0.0081797987,0.0000000000,0.0000000000,0.1132326797,0.0559716150,0.0426404029,0.0000000000,0.0023141939,0.0397173613,0.0414094999,0.0128073590,0.0193424951,0.0000000000,0.0170202926,0.6845091581,0.7173372507,0.0000000000,0.0000000000,0.0677290484,0.0736456960,0.0880967304,0.0936253816,0.1046307534,0.0234252494,0.2597435713,0.1965262741,0.0907774344,0.0936272219,0.0836326852,0.0733745769,0.0492511392,0.0530708842,0.2963098288,0.2963194251,0.0715662986,0.0000000000,0.0000000000,0.0095717181,0.2810197771,0.2982270122,0.2011752278,0.2192263454,0.0000000410,0.0453390926,0.2416815758,-0.0724482983,-0.0049754004,0.0924862251,-0.0004614706,0.0610223487,0.0924555808,0.0056544160
21:57:46:00.405,61,0.0002195298,0.1573280245,0.1008241698,0.0000000000,0.0000000000,0.1159675792,0.0500849448,0.0002195299,0.1576731354,0.0078286873,0.0000000000,0.0000000000,0.1160019413,0.0500881523,0.0431652367,0.0000000000,0.0010866080,0.0401590429,0.0415332243,0.0126388567,0.0200162642,0.0000000000,0.0175244622,0.6871668696,0.7125356197,0.0000000000,0.0000000000,0.0697379187,0.0757652596,0.0873957053,0.0924585238,0.1060209349,0.0230544936,0.2626243234,0.1995985806,0.0933614150,0.0965344831,0.0841354504,0.0739692822,0.0500893965,0.0539981201,0.3041514754,0.3041635156,0.0704340562,0.0000000000,0.0000000000,0.0098659871,0.2860230207,0.3024590909,0.2058278918,0.2253727466,0.0000000358,0.0446461253,0.2421677858,-0.0716595054,-0.0047601084,0.0963181481,-0.0004599061,0.0613054037,0.0962876678,0.0059174881
21:57:46:01.405,61,0.0002020351,0.1513382345,0.1010654196,0.0000000000,0.0000000000,0.1205933392,0.0483280607,0.0002020351,0.1516740769,0.0072663198,0.0000000000,0.0000000000,0.1206326485,0.0483312383,0.0435487330,0.0001205984,0.0000000000,0.0405259952,0.0416409485,0.0125663057,0.0206614751,0.0000000000,0.0180983692,0.6887518167,0.7121123075,0.0000000000,0.0000000000,0.0709989518,0.0770666301,0.0868408084,0.0916648656,0.1068761721,0.0226144847,0.2692708969,0.2057794631,0.0945887119,0.0979993641,0.0844121501,0.0742783919,0.0508951657,0.0548691563,0.3090473115,0.3090708852,0.0693800449,0.0000000000,0.0000000000,0.0101998486,0.2910964787,0.3082638383,0.2105053514,0.2315043211,0.0000000327,0.0452581681,0.2422008812,-0.0705930442,-0.0044197040,0.0926533267,-0.0004106747,0.0614733808,0.0926227123,0.0057065133
21:57:46:02.405,61,0.0001859345,0.1498216838,0.1017612740,0.0000000000,0.0000000000,0.1233679280,0.0475494489,0.0001859345,0.1501589715,0.0063943695,0.0000000000,0.0000000000,0.1234136745,0.0475526638,0.0437273756,0.0012214230,0.0000000000,0.0408220962,0.0417307653,0.0125855105,0.0213159025,0.0000000000,0.0185689423,0.6892402172,0.7114056349,0.0000000000,0.0000000000,0.0718436688,0.0779226795,0.0861899555,0.0909136087,0.1073436514,0.0221340079,0.2724153996,0.2086778581,0.0956013277,0.0992135629,0.0844945237,0.0743965879,0.0516367853,0.0556403436,0.3141481280,0.3141793907,0.0685220808,0.0000000000,0.0000000000,0.0105865011,0.2931882441,0.3104582727,0.2126728296,0.2340768874,0.0000000357,0.0465151891,0.2442874461,-0.0693342909,-0.0038896769,0.0917275921,-0.0003577938,0.0619019382,0.0916969851,0.0056884880
21:57:46:03.405,61,0.0001711170,0.1468991637,0.0951546058,0.0000000000,0.0000000000,0.1262255311,0.0475923009,0.0001711170,0.1471919864,0.0131366588,0.0000000000,0.0000000000,0.1262803078,0.0475955270,0.0441142470,0.0022631846,0.0000000000,0.0413057134,0.0419934914,0.0126634175,0.0219156817,0.0000000000,0.0191153232,0.6854124069,0.7085936069,0.0000000000,0.0000000000,0.0725421458,0.0786794201,0.0858706757,0.0905971751,0.1079317629,0.0218102019,0.2737861276,0.2098877877,0.0963514820,0.1000511423,0.0847473219,0.0747028515,0.0521225408,0.0561610237,0.3160111904,0.3160449266,0.0676675588,0.0000000000,0.0000000000,0.0109344190,0.2941979468,0.3116076589,0.2137263119,0.2353908867,0.0000000583,0.0479914695,0.2452453971,-0.0681899041,-0.0079923114,0.0899173394,-0.0007205827,0.0578925088,0.0898865908,0.0052148588
21:57:46:04.405,61,0.0001574803,0.1496523619,0.0955322683,0.0000000000,0.0000000000,0.1275803447,0.0461606346,0.0001574804,0.1499517858,0.0127888424,0.0000000000,0.0000000000,0.1276368201,0.0461667664,0.0443870313,0.0031896133,0.0000000000,0.0417141803,0.0420985147,0.0127242506,0.0225117654,0.0000000000,0.0193559006,0.6805448532,0.6994935870,0.0000000000,0.0000000000,0.0734865069,0.0796461627,0.0853827968,0.0901296064,0.1083222404,0.0215024799,0.2769353688,0.2117452621,0.0988625512,0.1025084630,0.0846398845,0.0746267438,0.0524526313,0.0564313456,0.3173609078,0.3173944354,0.0664504692,0.0000000000,0.0000000000,0.0113154352,0.2921326756,0.3073584437,0.2140702009,0.2355560958,0.0000000586,0.0491816178,0.2464296222,-0.0672970265,-0.0077795070,0.0916031227,-0.0007146198,0.0581133850,0.0915724412,0.0053334557
21:57:46:05.405,61,0.0001449304,0.1430358142,0.0989038423,0.0000000000,0.0000000000,0.1306770891,0.0468745194,0.0001449304,0.1433441639,0.0092324130,0.0000000000,0.0000000000,0.1307399422,0.0468813628,0.0446762592,0.0041535245,0.0000000000,0.0421338603,0.0422106162,0.0127867507,0.0230403803,0.0000000000,0.0196901225,0.6651930809,0.6883585453,0.0000000000,0.0000000000,0.0741593614,0.0803677663,0.0851309225,0.0899345726,0.1087814346,0.0212477893,0.2781963944,0.2126310766,0.1000490412,0.1036925465,0.0844334140,0.0744736940,0.0526198223,0.0565604195,0.3181939721,0.3182268143,0.0657407716,0.0000000000,0.0000000000,0.0116480347,0.2912719250,0.3060672879,0.2139738798,0.2353706807,0.0000000735,0.0470073149,0.2471500039,-0.0686518177,-0.0056181531,0.0875653625,-0.0004932143,0.0601861626,0.0875345170,0.0052786269
21:57:46:06.406,61,0.0001333806,0.1409171075,0.0947251096,0.0000000000,0.0000000000,0.1322750747,0.0468641110,0.0001333806,0.1411981136,0.0134036951,0.0000000000,0.0000000000,0.1323405057,0.0468714498,0.0450183526,0.0050119599,0.0000000000,0.0425912403,0.0424196273,0.0129390880,0.0235470887,0.0000000000,0.0201134384,0.6465333700,0.6715809703,0.0000000000,0.0000000000,0.0745222569,0.0807870403,0.0850044116,0.0899029672,0.1092815995,0.0210493263,0.2785703540,0.2127859592,0.1007787138,0.1044065654,0.0842865929,0.0743851662,0.0527140722,0.0566536151,0.3185497820,0.3185814321,0.0651313663,0.0000000000,0.0000000000,0.0119275972,0.2889263034,0.3049721420,0.2140910774,0.2354345918,0.0000001014,0.0470668748,0.2473692447,-0.0687547252,-0.0081574116,0.0862559006,-0.0007053672,0.0576497912,0.0862249732,0.0049804063
21:57:46:07.406,61,0.0001227512,0.1329057068,0.0981788784,0.0000000000,0.0000000000,0.1332863569,0.0464251228,0.0001227513,0.1331927329,0.0098454291,0.0000000000,0.0000000000,0.1333533078,0.0464336500,0.0453607552,0.0056982124,0.0000000000,0.0428992994,0.0427581891,0.0133059220,0.0241077654,0.0000000000,0.0205447692,0.5914973617,0.6169766188,0.0000000000,0.0000000000,0.0739132836,0.0802859366,0.0853391513,0.0908182263,0.1093799397,0.0208000094,0.2740701437,0.2070692480,0.1006433964,0.1042262986,0.0844319612,0.0745667964,0.0530062318,0.0569766127,0.3183514774,0.3183813095,0.0648574531,0.0000000000,0.0000000000,0.0120857209,0.2874964178,0.3041585982,0.2145670950,0.2358354777,0.0000000755,0.0471092463,0.2479307652,-0.0682008043,-0.0059943344,0.0813642815,-0.0004888008,0.0597762838,0.0813330710,0.0048695984
21:57:46:08.405,61,0.0001129689,0.1344685107,0.0988098979,0.0000000000,0.0000000000,0.1333008558,0.0458825529,0.0001129690,0.1347615719,0.0094444752,0.0000000000,0.0000000000,0.1333673149,0.0458934754,0.0457689986,0.0061820317,0.0000000000,0.0432050228,0.0431309640,0.0140738059,0.0247238055,0.0000000000,0.0207032394,0.5046995282,0.5253224969,0.0000000000,0.0000000000,0.0714242458,0.0775694326,0.0865626261,0.0942484960,0.1094150394,0.0206269380,0.2660441399,0.1982025951,0.0998883620,0.1027826667,0.0844352841,0.0745532438,0.0531942658,0.0571187139,0.3182240129,0.3182508349,0.0651151836,0.0000000000,0.0000000000,0.0122044990,0.2620252669,0.2773357332,0.2147496492,0.2357450724,0.0000001622,0.0467287488,0.2484079599,-0.0678102151,-0.0057497639,0.0823225230,-0.0004744046,0.0601557791,0.0822913274,0.0049584708
21:57:46:09.406,61,0.0001039662,0.1327021122,0.0990970358,0.0000000000,0.0000000000,0.1325108111,0.0439881161,0.0001039663,0.1329936832,0.0091997981,0.0000000000,0.0000000000,0.1325690597,0.0440148711,0.0462218523,0.0062140152,0.0000000000,0.0435431898,0.0436413959,0.0165414233,0.0266951434,0.0000000000,0.0206345860,0.4621043801,0.4659873545,0.0000000000,0.0000000000,0.0664773285,0.0716890171,0.0873461366,0.0969580114,0.1096392795,0.0205295272,0.2635696530,0.1951988339,0.0990062431,0.1009078845,0.0843551382,0.0744504407,0.0537018552,0.0574777722,0.3178094625,0.3178314269,0.0656223297,0.0000000000,0.0000000000,0.0123326732,0.2550790310,0.2698117495,0.2206797600,0.2363622338,0.0000001517,0.0469405390,0.2485119998,-0.0656336024,-0.0056013013,0.0812425166,-0.0004560652,0.0603359155,0.0812112167,0.0049077347
21:57:46:10.406,61,0.0000956809,0.1313508451,0.0999492407,0.0000000000,0.0000000000,0.1319295913,0.0373907797,0.0000956810,0.1316445768,0.0083145425,0.0000000000,0.0000000000,0.1319838911,0.0374599509,0.0464672558,0.0062645180,0.0000000000,0.0437147468,0.0439736173,0.0189204961,0.0279321130,0.0000000000,0.0202711429,0.3627246618,0.3702202737,0.0000000000,0.0000000000,0.0625468120,0.0671877265,0.0935845822,0.1056633741,0.1094431058,0.0203846302,0.2623693049,0.1935843825,0.0978520289,0.0992339849,0.0837732926,0.0738927424,0.0540446304,0.0576247126,0.3190100193,0.3189973831,0.0693050027,0.0000000000,0.0000000000,0.0124206673,0.2290905565,0.2343271822,0.2218281776,0.2351340353,0.0000001614,0.0465693511,0.2496505231,-0.0649519116,-0.0050626509,0.0804181397,-0.0004080072,0.0608588420,0.0803868175,0.0048997486
21:57:46:11.406,61,0.0503124930,0.2115513086,0.0826543495,0.0000000000,0.0000000000,0.1036638319,0.0000000000,0.0502237678,0.2118335366,0.0287868399,0.0000000000,0.0000000000,0.1036964059,0.0000000000,0.0464676954,0.0063927076,0.0000000000,0.0438506901,0.0443265699,0.0298987348,0.0351611264,0.0000000000,0.0198317133,0.2027035356,0.2096512467,0.0000000000,0.0000000000,0.0548056960,0.0591245592,0.0981576443,0.1113820672,0.1090989336,0.0202377103,0.2616467476,0.1923760325,0.0947744697,0.0963094458,0.0804604441,0.0708688349,0.0542498082,0.0576287098,0.2814118564,0.2812942564,0.0753763542,0.0000000000,0.0000000000,0.0126527315,0.1452887803,0.1496986747,0.2050566524,0.2120518386,0.0000001783,0.0471523292,0.2506228983,-0.0638434291,-0.0174378436,0.1294215620,-0.0022693994,0.0500693023,0.1293924451,0.0065121748
21:57:46:12.406,61,0.1533959061,0.3263748884,0.0443512388,0.0000000000,0.0000000000,0.0752533600,0.0000000000,0.1532121003,0.3262609243,0.0675953254,0.0000000000,0.0000000000,0.0752683878,0.0000000000,0.0456079431,0.0061794883,0.0000000000,0.0436624326,0.0443649963,0.0368175097,0.0428493097,0.0000000000,0.0167489499,0.1531037837,0.1489905268,0.0000000000,0.0000000000,0.0486817919,0.0519188084,0.0995604396,0.1131817400,0.1085418835,0.0199668985,0.2668771744,0.1922513396,0.0938044041,0.0953218937,0.0748152956,0.0651929751,0.0546624959,0.0576605052,0.2454956621,0.2449221164,0.0945464447,0.0000000000,0.0000000000,0.0129479328,0.1214071885,0.1246212497,0.2005185038,0.2043540180,0.0000001071,0.0478461683,0.2520338893,-0.0610707663,-0.0404738262,0.1994670480,-0.0081795817,0.0265558381,0.1994423717,0.0053670364
21:57:46:13.406,61,0.1866430491,0.3954583108,0.0177182965,0.0000000000,0.0000000000,0.0587721951,0.0000000000,0.1865152568,0.3948818147,0.0945788771,0.0000000000,0.0000000000,0.0587733202,0.0000000000,0.0437192135,0.0054900078,0.0000000000,0.0433624908,0.0443071648,0.0398983434,0.0469002314,0.0000000000,0.0155995963,0.1379612833,0.1250711679,0.0000000000,0.0000000000,0.0444490798,0.0470683947,0.0984032899,0.1114269570,0.1049588099,0.0196755696,0.2678107321,0.1915207207,0.0926935747,0.0942405015,0.0710564703,0.0617527105,0.0548848957,0.0575553365,0.2018992454,0.2014734447,0.1002521366,0.0000000000,0.0000000000,0.0132758915,0.1089029163,0.1113020480,0.1977798641,0.1995251179,0.0000001463,0.0461129472,0.2562371492,-0.0603137128,-0.0561004244,0.2416072339,-0.0138161862,0.0105092004,0.2415853441,0.0025893890
21:57:46:14.406,61,0.2467754781,0.4353697300,0.0303214584,0.0000000000,0.0000000000,0.0487450734,0.0000000000,0.2468296587,0.4349504709,0.0822222978,0.0000000000,0.0000000000,0.0487412550,0.0000000000,0.0393333063,0.0051307944,0.0000000000,0.0417897217,0.0433196016,0.0414350852,0.0489831008,0.0000000000,0.0143695567,0.1261158884,0.1108749509,0.0000000000,0.0000000000,0.0397871174,0.0419218801,0.0900431871,0.0980149508,0.0952447578,0.0192045271,0.2691175938,0.1916655600,0.0917863399,0.0934264436,0.0601699613,0.0522826128,0.0549123026,0.0572375506,0.1917173266,0.1913530976,0.1071120575,0.0000000000,0.0000000000,0.0135716824,0.1018017456,0.1027388126,0.1946546882,0.1940450966,0.0000002521,0.0444196053,0.2575428784,-0.0592766516,-0.0484628826,0.2660160363,-0.0131989261,0.0178710595,0.2659957707,0.0048687072
21:57:46:15.407,61,0.2653806210,0.4422971606,0.0236084945,0.0000000000,0.0000000000,0.0433640294,0.0000000000,0.2654142976,0.4417498112,0.0891114846,0.0000000000,0.0000000000,0.0433577672,0.0000000000,0.0366936065,0.0048518111,0.0000000000,0.0406564139,0.0424697213,0.0421806276,0.0503090061,0.0000000000,0.0135235293,0.1198759452,0.1034161225,0.0000000000,0.0000000000,0.0370322391,0.0390178673,0.0853110254,0.0924398974,0.0903734341,0.0187187903,0.2703870237,0.1920963228,0.0908477679,0.0926561952,0.0550375618,0.0476422980,0.0547881722,0.0567940772,0.1871939749,0.1868418157,0.1101534963,0.0000000000,0.0000000000,0.0138583789,0.0980024859,0.0983650535,0.1896260679,0.1876909733,0.0000002473,0.0387650281,0.2584625483,-0.0590699092,-0.0524633080,0.2702307105,-0.0145249944,0.0138983857,0.2702107430,0.0038495020
21:57:46:16.407,61,0.2665115595,0.4399403036,0.0104206698,0.0000000000,0.0000000000,0.0402962528,0.0000000000,0.2664710879,0.4391641617,0.1022654623,0.0000000000,0.0000000000,0.0402890742,0.0000000000,0.0348496251,0.0043936442,0.0000000000,0.0397839434,0.0417310223,0.0425241478,0.0511477590,0.0000000000,0.0128544969,0.1165172160,0.0995845646,0.0000000000,0.0000000000,0.0353450999,0.0372644998,0.0820208639,0.0892973691,0.0871532559,0.0182389971,0.2709400952,0.1923333406,0.0886617228,0.0908484310,0.0521160290,0.0450410396,0.0545657352,0.0562935919,0.1843059212,0.1839658916,0.1119572148,0.0000000000,0.0000000000,0.0141012277,0.0957035497,0.0957207382,0.1807762980,0.1798486561,0.0000002627,0.0343556292,0.2580335736,-0.0601456463,-0.0602331497,0.2687695622,-0.0165787023,0.0061371285,0.2687494159,0.0016902281
21:57:46:17.407,61,0.2596935332,0.4452614486,0.0277093090,0.0000000000,0.0000000000,0.0374172926,0.0000000000,0.2596021891,0.4447832406,0.0850325450,0.0000000000,0.0000000000,0.0374107733,0.0000000000,0.0328347385,0.0040609050,0.0000000000,0.0387797989,0.0409668200,0.0425177217,0.0515752099,0.0000000000,0.0122826099,0.1149211079,0.0979336947,0.0000000000,0.0000000000,0.0337469615,0.0356166735,0.0790333971,0.0864728838,0.0823270977,0.0177394338,0.2657114565,0.1896765679,0.0826109424,0.0852240175,0.0497094095,0.0429446511,0.0541969985,0.0557018034,0.1674859971,0.1671819836,0.1120691895,0.0000000000,0.0000000000,0.0142522231,0.0888109431,0.0883877650,0.1750864834,0.1739318669,0.0000002217,0.0336763971,0.2552209198,-0.0596710816,-0.0500362776,0.2720517516,-0.0139518064,0.0163043234,0.2720318437,0.0045478074
21:57:46:18.407,61,0.2591319978,0.4507837296,0.0329362750,0.0000000000,0.0000000000,0.0358590111,0.0000000000,0.2590227425,0.4503923059,0.0799081698,0.0000000000,0.0000000000,0.0358527265,0.0000000000,0.0317826904,0.0037850691,0.0000000000,0.0380868651,0.0404153951,0.0426424742,0.0519034117,0.0000000000,0.0116831381,0.1192308143,0.1040777490,0.0000000000,0.0000000000,0.0328133181,0.0346668698,0.0776794255,0.0851709172,0.0806079283,0.0172980111,0.2644489110,0.1888354868,0.0805610642,0.0833130181,0.0486128703,0.0419187397,0.0541359261,0.0554053001,0.1625490338,0.1622580737,0.1122627407,0.0000000000,0.0000000000,0.0143849934,0.0868066102,0.0862177461,0.1732327938,0.1719869524,0.0000001311,0.0334454998,0.2545002401,-0.0594608374,-0.0469758920,0.2754407227,-0.0132708782,0.0193615258,0.2754210830,0.0054712347
21:57:46:19.408,61,0.2589015365,0.4574298859,0.0258904584,0.0000000000,0.0000000000,0.0346070938,0.0000000000,0.2587815821,0.4569075704,0.0866696388,0.0000000000,0.0000000000,0.0346011966,0.0000000000,0.0309205335,0.0032832329,0.0000000000,0.0374574699,0.0398884304,0.0427456237,0.0523095354,0.0000000000,0.0111453598,0.1220001429,0.1058516055,0.0000000000,0.0000000000,0.0320648327,0.0338983387,0.0765520781,0.0841131657,0.0794713944,0.0168775804,0.2639591992,0.1883792132,0.0794411823,0.0822434798,0.0478145070,0.0411586799,0.0540913939,0.0551251918,0.1597525328,0.1594697386,0.1122244298,0.0000000000,0.0000000000,0.0145726232,0.0856500715,0.0848858953,0.1725117266,0.1710856706,0.0000004428,0.0333579741,0.2545539737,-0.0592503361,-0.0508928187,0.2794805467,-0.0145984907,0.0152021013,0.2794612050,0.0043623671
21:57:46:20.407,61,0.2628814876,0.4596897364,0.0354464203,0.0000000000,0.0000000000,0.0338380001,0.0000000000,0.2627457678,0.4593345821,0.0775345266,0.0000000000,0.0000000000,0.0338323265,0.0000000000,0.0303179175,0.0029317664,0.0000000000,0.0370112844,0.0395400822,0.0430072658,0.0526556931,0.0000000000,0.0109498184,0.1252944618,0.1135753989,0.0000000000,0.0000000000,0.0315452628,0.0334070660,0.0758881569,0.0836061761,0.0788125172,0.0165394489,0.2632078528,0.1869415194,0.0787994638,0.0816042945,0.0475383773,0.0408631228,0.0539474823,0.0548320934,0.1587792337,0.1585035026,0.1122521758,0.0000000000,0.0000000000,0.0147549268,0.0852557421,0.0844346210,0.1723273993,0.1709134579,0.0000005663,0.0327446871,0.2548007667,-0.0595999360,-0.0455095582,0.2808902562,-0.0131250611,0.0208047517,0.2808709443,0.0060016145
21:57:46:21.407,61,0.2712280452,0.4698644280,0.0307225026,0.0000000000,0.0000000000,0.0332191326,0.0000000000,0.2709824443,0.4694103599,0.0824101567,0.0000000000,0.0000000000,0.0332136825,0.0000000000,0.0299381241,0.0026359097,0.0000000000,0.0366856344,0.0393140502,0.0433827713,0.0529965349,0.0000000000,0.0105897607,0.1321914345,0.1195020154,0.0000000000,0.0000000000,0.0312158093,0.0331065841,0.0755021572,0.0833359435,0.0787541270,0.0162584390,0.2631784678,0.1864393651,0.0786067992,0.0813825428,0.0476247184,0.0408685468,0.0540467948,0.0547577888,0.1585511714,0.1582791805,0.1127459854,0.0000000000,0.0000000000,0.0149394311,0.0854633823,0.0845783353,0.1733180881,0.1716379225,0.0000005797,0.0325446501,0.2543604076,-0.0583733059,-0.0482843891,0.2870905697,-0.0142493173,0.0179994665,0.2870716751,0.0053135818
21:57:46:22.408,61,0.2805322111,0.4760756195,0.0299400743,0.0000000000,0.0000000000,0.0326193273,0.0000000000,0.2802095711,0.4756011665,0.0831559971,0.0000000000,0.0000000000,0.0326141082,0.0000000000,0.0295414962,0.0024373056,0.0000000000,0.0363237374,0.0390488580,0.0435844623,0.0531171784,0.0000000000,0.0100844149,0.1383533180,0.1226358637,0.0000000000,0.0000000000,0.0309354383,0.0328399763,0.0751333907,0.0830171704,0.0786802992,0.0159763657,0.2629647553,0.1858788282,0.0785423294,0.0812905431,0.0477650203,0.0408952869,0.0541288853,0.0546561852,0.1587141752,0.1584412009,0.1127281711,0.0000000000,0.0000000000,0.0150611280,0.0856284723,0.0847089142,0.1757482141,0.1733520329,0.0000006655,0.0312985331,0.2533473372,-0.0576719865,-0.0486666188,0.2908826470,-0.0145627568,0.0175212920,0.2908640206,0.0052447524
21:57:46:23.408,61,0.2835766673,0.4692993760,0.0260556638,0.0000000000,0.0000000000,0.0320845656,0.0000000000,0.2832367420,0.4687608778,0.0869122222,0.0000000000,0.0000000000,0.0320795774,0.0000000000,0.0291978233,0.0019878270,0.0000000000,0.0360066555,0.0388392955,0.0438551493,0.0534167700,0.0000000000,0.0096509708,0.1435666382,0.1255664229,0.0000000000,0.0000000000,0.0306934230,0.0325992666,0.0746446922,0.0825960487,0.0787299871,0.0157534573,0.2630481720,0.1855596900,0.0787469223,0.0814555809,0.0479512326,0.0409913249,0.0543156117,0.0546678863,0.1586757898,0.1584078223,0.1125954539,0.0000000000,0.0000000000,0.0152635854,0.0858976021,0.0849377438,0.1772567779,0.1745071411,0.0000004153,0.0310828388,0.2507192791,-0.0577130690,-0.0509279221,0.2867319882,-0.0150088491,0.0152668711,0.2867130637,0.0045010275
21:57:46:24.408,61,0.2848089635,0.4714759290,0.0247507896,0.0000000000,0.0000000000,0.0315224454,0.0000000000,0.2844713628,0.4709104896,0.0882063806,0.0000000000,0.0000000000,0.0315176621,0.0000000000,0.0288364459,0.0016294132,0.0000000000,0.0355989784,0.0384927168,0.0439096466,0.0536366254,0.0000000000,0.0093059530,0.1456675231,0.1269525737,0.0000000000,0.0000000000,0.0304178968,0.0323254094,0.0740858018,0.0820586681,0.0788200870,0.0155077046,0.2648476362,0.1859008819,0.0790495947,0.0817482919,0.0478961170,0.0408842564,0.0545108169,0.0547036976,0.1582078189,0.1579455584,0.1121276617,0.0000000000,0.0000000000,0.0154614532,0.0861040652,0.0851158649,0.1782760918,0.1753425449,0.0000003195,0.0310327113,0.2490562201,-0.0578163378,-0.0516661555,0.2880582213,-0.0153006436,0.0144966077,0.2880393863,0.0042948616
21:57:46:25.408,61,0.2854715288,0.4754179120,0.0234221723,0.0000000000,0.0000000000,0.0308892913,0.0000000000,0.2851430774,0.4748228192,0.0895258114,0.0000000000,0.0000000000,0.0308847465,0.0000000000,0.0284702443,0.0012946163,0.0000000000,0.0352124423,0.0381910615,0.0439593233,0.0537823364,0.0000000000,0.0090377098,0.1483650506,0.1311058551,0.0000000000,0.0000000000,0.0302044433,0.0321162157,0.0734719262,0.0814738125,0.0788337812,0.0152971623,0.2650966644,0.1856471449,0.0793015882,0.0819947049,0.0479903035,0.0409004763,0.0546951964,0.0547513925,0.1579823196,0.1577260643,0.1123187169,0.0000000000,0.0000000000,0.0155891785,0.0861320049,0.0851372033,0.1789331138,0.1759488136,0.0000004500,0.0292398576,0.2501986623,-0.0594432019,-0.0524016842,0.2904630303,-0.0156553145,0.0137086101,0.2904444039,0.0040973085
21:57:46:26.408,61,0.2882798612,0.4769081771,0.0232484397,0.0000000000,0.0000000000,0.0304681249,0.0000000000,0.2879729867,0.4763088524,0.0896366909,0.0000000000,0.0000000000,0.0304637384,0.0000000000,0.0281395689,0.0011661216,0.0000000000,0.0347750075,0.0378126316,0.0439471640,0.0538045354,0.0000000000,0.0086496109,0.1494317502,0.1325386763,0.0000000000,0.0000000000,0.0300027542,0.0319152698,0.0730654895,0.0810194686,0.0788761079,0.0150528578,0.2657357454,0.1859499067,0.0796754062,0.0823856145,0.0479765534,0.0408175774,0.0548964813,0.0548134297,0.1587897241,0.1585341543,0.1124169230,0.0000000000,0.0000000000,0.0156749692,0.0863793120,0.0853978172,0.1796808243,0.1767042428,0.0000003540,0.0286693256,0.2497975081,-0.0609661490,-0.0524523258,0.2913729846,-0.0157223996,0.0136032216,0.2913543880,0.0040792995
21:57:46:27.408,61,0.3359391689,0.4894098341,0.0283083636,0.0000000000,0.0000000000,0.0303188544,0.0000000000,0.3353173733,0.4888910055,0.0847417787,0.0000000000,0.0000000000,0.0303144343,0.0000000000,0.0280174017,0.0010576418,0.0000000000,0.0345905758,0.0377512500,0.0444225669,0.0540195405,0.0000000000,0.0083658453,0.1508702189,0.1345299333,0.0000000000,0.0000000000,0.0299670324,0.0319112055,0.0730813369,0.0810935050,0.0793703571,0.0148797408,0.2666808963,0.1861677319,0.0802623183,0.0829204321,0.0490042679,0.0412631556,0.0553796701,0.0551627651,0.1674768478,0.1671607941,0.1129451841,0.0000000000,0.0000000000,0.0158003345,0.0900483206,0.0883315355,0.1948554367,0.1914165318,0.0000004576,0.0287667327,0.2513168454,-0.0608099699,-0.0494725183,0.2990236878,-0.0152433338,0.0165254623,0.2990055382,0.0050936481
21:57:46:28.409,61,0.3402361274,0.4972444773,0.0303515438,0.0000000000,0.0000000000,0.0298660602,0.0000000000,0.3400029540,0.4967581630,0.0826589465,0.0000000000,0.0000000000,0.0298618469,0.0000000000,0.0279259942,0.0009045645,0.0000000000,0.0344396085,0.0376664624,0.0449501500,0.0544198677,0.0000000000,0.0083082383,0.1513578445,0.1358499825,0.0000000000,0.0000000000,0.0299186632,0.0319201350,0.0730901286,0.0812174976,0.0799363926,0.0147087509,0.2775348723,0.1903923601,0.0808642805,0.0834894627,0.0494339466,0.0415635481,0.0557954311,0.0555723757,0.1369548142,0.1367476434,0.1134572849,0.0000000000,0.0000000000,0.0160042867,0.0908374488,0.0891602114,0.1983616352,0.1951069087,0.0000005300,0.0292468928,0.2512854338,-0.0605828054,-0.0481846370,0.3038162291,-0.0150999781,0.0176918525,0.3037984371,0.0055461046
21:57:46:29.408,61,0.3449688256,0.5009324551,0.0330857597,0.0000000000,0.0000000000,0.0296691246,0.0000000000,0.3448071778,0.5004975200,0.0798713267,0.0000000000,0.0000000000,0.0296651255,0.0000000000,0.0278684385,0.0007953324,0.0000000000,0.0341958813,0.0374202952,0.0451950170,0.0547839552,0.0000000000,0.0083002206,0.1467574239,0.1357660890,0.0000000000,0.0000000000,0.0297779068,0.0318523273,0.0729952306,0.0812717453,0.0805761889,0.0144969411,0.3050327599,0.2173719555,0.0819880813,0.0844097733,0.0494270138,0.0415795371,0.0562088937,0.0560063496,0.1294763237,0.1292978525,0.1140461341,0.0000000000,0.0000000000,0.0162026267,0.0911935344,0.0897081196,0.1948060244,0.1943673939,0.0000004344,0.0368199758,0.2492786199,-0.0609587058,-0.0465263054,0.3060785532,-0.0146963745,0.0192719325,0.3060608804,0.0060892799
21:57:47:00.409,61,0.3473565280,0.5022438765,0.0321811698,0.0000000000,0.0000000000,0.0295535903,0.0000000000,0.3472190499,0.5017886162,0.0808640569,0.0000000000,0.0000000000,0.0295497514,0.0000000000,0.0280052610,0.0005180417,0.0000000000,0.0342083238,0.0375610292,0.0475659110,0.0552861653,0.0000000000,0.0081508411,0.1550663412,0.1382511407,0.0000000000,0.0000000000,0.0298820231,0.0319995545,0.0730723217,0.0815133229,0.0860163197,0.0144383656,0.3119278848,0.2201173604,0.0867823884,0.0882661268,0.0525916666,0.0435245112,0.0596518777,0.0583105981,0.1574769169,0.1572820544,0.1153742746,0.0000000000,0.0000000000,0.0164411012,0.0963331908,0.0948299319,0.2123707980,0.2093041986,0.0000004019,0.0426917933,0.2461067885,-0.0642186254,-0.0470927991,0.3068765104,-0.0149164712,0.0187402759,0.3068589866,0.0059377709
21:57:47:01.409,61,0.3489139080,0.5098409653,0.0323691554,0.0000000000,0.0000000000,0.0294226985,0.0000000000,0.3487840593,0.5093830228,0.0806459561,0.0000000000,0.0000000000,0.0294188261,0.0000000000,0.0280222539,0.0000607389,0.0000000000,0.0341609567,0.0376122184,0.0485381112,0.0558159016,0.0000000000,0.0079699187,0.1589203328,0.1393345594,0.0000000000,0.0000000000,0.0300420597,0.0321918838,0.0729591399,0.0815418437,0.0878083035,0.0144014154,0.3087300360,0.2163508236,0.0917035863,0.0927605554,0.0538069755,0.0443892740,0.0608451702,0.0591323897,0.1755318642,0.1751510352,0.1201122105,0.0000000000,0.0000000000,0.0166804679,0.0979764685,0.0962982401,0.2166691273,0.2131668329,0.0000002881,0.0412501656,0.2428248525,-0.0699797496,-0.0468962751,0.3115184307,-0.0150940390,0.0188218281,0.3115011752,0.0060598864
21:57:47:02.409,61,0.3686966896,0.5125785470,0.0316864811,0.0000000000,0.0000000000,0.0296032727,0.0000000000,0.3680757880,0.5121038556,0.0811377913,0.0000000000,0.0000000000,0.0295990873,0.0000000000,0.0280354880,0.0000000000,0.0002259747,0.0340881608,0.0375801250,0.0491790622,0.0564401597,0.0000000000,0.0077972477,0.1598546952,0.1394744217,0.0000000000,0.0000000000,0.0301914345,0.0323655717,0.0729513988,0.0815791637,0.0890384689,0.0143590802,0.3091360629,0.2162296027,0.0959347785,0.0972420126,0.0544431061,0.0448935851,0.0615882389,0.0596626513,0.1880449802,0.1876883656,0.1236267537,0.0000000000,0.0000000000,0.0169832446,0.0991585404,0.0973211899,0.2184627801,0.2147625685,0.0000001775,0.0429762118,0.2424094230,-0.0728939101,-0.0471569523,0.3131864667,-0.0152646760,0.0184149314,0.3131712675,0.0059628584
21:57:47:03.409,61,0.3741087914,0.5177747607,0.0231751613,0.0000000000,0.0000000000,0.0296010617,0.0000000000,0.3733632565,0.5171278119,0.0892825052,0.0000000000,0.0000000000,0.0295967106,0.0000000000,0.0277692061,0.0000000000,0.0005093634,0.0337175764,0.0372112021,0.0490081161,0.0567820780,0.0000000000,0.0073200967,0.1602542847,0.1392312050,0.0000000000,0.0000000000,0.0301249754,0.0322784558,0.0725638196,0.0811539739,0.0892920569,0.0142219476,0.3093910217,0.2164065689,0.0976857468,0.0990267172,0.0543229580,0.0448025092,0.0619784072,0.0598909967,0.1914574504,0.1911343634,0.1246040910,0.0000000000,0.0000000000,0.0171797350,0.0994611606,0.0975986049,0.2118895203,0.2052858323,0.0000001166,0.0394870490,0.2430599630,-0.0762774199,-0.0518384017,0.3163350224,-0.0169588812,0.0134546151,0.3163202405,0.0044036754
21:57:47:04.410,61,0.4080103934,0.5120489001,0.0265405271,0.0000000000,0.0000000000,0.0315463766,0.0000000000,0.4023667574,0.5114735961,0.0861052945,0.0000000000,0.0000000000,0.0315302499,0.0000000000,0.0281141829,0.0000000000,0.0007724378,0.0336985812,0.0371357687,0.0487233736,0.0571272708,0.0000000000,0.0066265431,0.1606721282,0.1391192824,0.0000000000,0.0000000000,0.0304881893,0.0326435678,0.0728199556,0.0813815296,0.0928304568,0.0143656414,0.2991476655,0.2134510279,0.1003456935,0.1006005630,0.0548200533,0.0452799685,0.0619170144,0.0597406998,0.1875556111,0.1869291961,0.1251240373,0.0000000000,0.0000000000,0.0174807347,0.1033949628,0.1005826518,0.2053690106,0.1996740401,0.0000001010,0.0376555137,0.2494160086,-0.0814203173,-0.0500500314,0.3128464520,-0.0161814597,0.0154259494,0.3128314018,0.0049893190
21:57:47:05.410,61,0.4136462212,0.5109401345,0.0281729829,0.0000000000,0.0000000000,0.0323456600,0.0000000000,0.4094055891,0.5103994608,0.0844357610,0.0000000000,0.0000000000,0.0323270299,0.0000000000,0.0281587373,0.0000000000,0.0008504728,0.0334718339,0.0368175469,0.0481688008,0.0572551675,0.0000000000,0.0061007934,0.1556903273,0.1374406815,0.0000000000,0.0000000000,0.0305261947,0.0326775461,0.0727128312,0.0811834857,0.0935916603,0.0143601066,0.2961616516,0.2125121504,0.1011135057,0.1011700407,0.0545624606,0.0451351367,0.0615473278,0.0593869612,0.1795857996,0.1792112291,0.1235043183,0.0000000000,0.0000000000,0.0176951997,0.1040218994,0.1012480259,0.1930129975,0.1910711676,0.0000000468,0.0478549711,0.2566809654,-0.0795222670,-0.0490900725,0.3121740520,-0.0158349723,0.0163783431,0.3121588826,0.0052851615
21:57:47:06.410,61,0.3192707300,0.4937448204,0.0349753685,0.0000000000,0.0000000000,0.0327793509,0.0000000000,0.3186556697,0.4933488071,0.0780713037,0.0000000000,0.0000000000,0.0327598713,0.0000000000,0.0281328093,0.0000000000,0.0012121177,0.0333549418,0.0366511829,0.0476495922,0.0570860095,0.0000000000,0.0061055478,0.1546922624,0.1389063448,0.0000000000,0.0000000000,0.0305659641,0.0327354670,0.0726466551,0.0811959878,0.0921861231,0.0143809849,0.2502363324,0.1817879081,0.0970364437,0.0982410610,0.0544414744,0.0451219678,0.0592299253,0.0579923429,0.1763061434,0.1760536730,0.1211273372,0.0000000000,0.0000000000,0.0177764092,0.1023652405,0.1008850038,0.1780774295,0.1801714897,0.0000000644,0.0568907261,0.2621592283,-0.0830115303,-0.0455401316,0.3016922474,-0.0141658541,0.0204006564,0.3016762733,0.0063476255
21:57:47:07.410,61,0.2944624126,0.4877783954,0.0307500791,0.0000000000,0.0000000000,0.0325840153,0.0000000000,0.2946290374,0.4873081148,0.0821005926,0.0000000000,0.0000000000,0.0325648412,0.0000000000,0.0277496930,0.0000000000,0.0014209854,0.0329497010,0.0361735858,0.0442860238,0.0566765517,0.0000000000,0.0058601322,0.1539280415,0.1387844384,0.0000000000,0.0000000000,0.0303636137,0.0324977040,0.0708222538,0.0782962218,0.0845384449,0.0142996954,0.2381919473,0.1736870557,0.0932068750,0.0954474956,0.0525299944,0.0442747213,0.0557841994,0.0547725745,0.1549286097,0.1548801363,0.1165840104,0.0000000000,0.0000000000,0.0177765395,0.0895168781,0.0908121318,0.1657906473,0.1638797522,0.0000000627,0.0673137680,0.2605037093,-0.0832179189,-0.0479449555,0.2980325520,-0.0147211142,0.0179563463,0.2980164587,0.0055151954
